fecha_id,sistema_id,mwh,cargado_en,actualizado_en
20230101,8741,472666.837,2026-10-07 13:41:46.967249+02,2026-10-07 13:41:46.967249+02
20230101,8742,21303.671,2026-10-07 13:41:46.967249+02,2026-10-07 13:41:46.967249+02
20230101,8743,11525.840,2026-10-07 13:41:46.967249+02,2026-10-07 13:41:46.967249+02
20230101,8744,479.291,2026-10-07 13:41:46.967249+02,2026-10-07 13:41:46.967249+02
20230101,8745,450.267,2026-10-07 13:41:46.967249+02,2026-10-07 13:41:46.967249+02
20230102,8741,583366.525,2026-10-07 13:41:46.967249+02,2026-10-07 13:41:46.967249+02
20230102,8742,24089.629,2026-10-07 13:41:46.967249+02,2026-10-07 13:41:46.967249+02
20230102,8743,13196.265,2026-10-07 13:41:46.967249+02,2026-10-07 13:41:46.967249+02
20230102,8744,498.515,2026-10-07 13:41:46.967249+02,2026-10-07 13:41:46.967249+02
20230102,8745,494.890,2026-10-07 13:41:46.967249+02,2026-10-07 13:41:46.967249+02
20230103,8741,638197.296,2026-10-07 13:41:46.967249+02,2026-10-07 13:41:46.967249+02
20230103,8742,24240.365,2026-10-07 13:41:46.967249+02,2026-10-07 13:41:46.967249+02
20230103,8743,13588.470,2026-10-07 13:41:46.967249+02,2026-10-07 13:41:46.967249+02
20230103,8744,519.854,2026-10-07 13:41:46.967249+02,2026-10-07 13:41:46.967249+02
20230103,8745,506.152,2026-10-07 13:41:46.967249+02,2026-10-07 13:41:46.967249+02
20230104,8741,650216.367,2026-10-07 13:41:46.967249+02,2026-10-07 13:41:46.967249+02
20230104,8742,24285.837,2026-10-07 13:41:46.967249+02,2026-10-07 13:41:46.967249+02
20230104,8743,13667.206,2026-10-07 13:41:46.967249+02,2026-10-07 13:41:46.967249+02
20230104,8744,481.818,2026-10-07 13:41:46.967249+02,2026-10-07 13:41:46.967249+02
20230104,8745,509.722,2026-10-07 13:41:46.967249+02,2026-10-07 13:41:46.967249+02
20230105,8741,632865.993,2026-10-07 13:41:46.967249+02,2026-10-07 13:41:46.967249+02
20230105,8742,23719.537,2026-10-07 13:41:46.967249+02,2026-10-07 13:41:46.967249+02
20230105,8743,13720.093,2026-10-07 13:41:46.967249+02,2026-10-07 13:41:46.967249+02
20230105,8744,486.998,2026-10-07 13:41:46.967249+02,2026-10-07 13:41:46.967249+02
20230105,8745,498.424,2026-10-07 13:41:46.967249+02,2026-10-07 13:41:46.967249+02
20230106,8741,545334.716,2026-10-07 13:41:46.967249+02,2026-10-07 13:41:46.967249+02
20230106,8742,21235.106,2026-10-07 13:41:46.967249+02,2026-10-07 13:41:46.967249+02
20230106,8743,12777.584,2026-10-07 13:41:46.967249+02,2026-10-07 13:41:46.967249+02
20230106,8744,491.385,2026-10-07 13:41:46.967249+02,2026-10-07 13:41:46.967249+02
20230106,8745,461.145,2026-10-07 13:41:46.967249+02,2026-10-07 13:41:46.967249+02
20230107,8741,589308.733,2026-10-07 13:41:46.967249+02,2026-10-07 13:41:46.967249+02
20230107,8742,22738.866,2026-10-07 13:41:46.967249+02,2026-10-07 13:41:46.967249+02
20230107,8743,13032.070,2026-10-07 13:41:46.967249+02,2026-10-07 13:41:46.967249+02
20230107,8744,498.903,2026-10-07 13:41:46.967249+02,2026-10-07 13:41:46.967249+02
20230107,8745,485.649,2026-10-07 13:41:46.967249+02,2026-10-07 13:41:46.967249+02
20230108,8741,579014.982,2026-10-07 13:41:46.967249+02,2026-10-07 13:41:46.967249+02
20230108,8742,21817.901,2026-10-07 13:41:46.967249+02,2026-10-07 13:41:46.967249+02
20230108,8743,12693.271,2026-10-07 13:41:46.967249+02,2026-10-07 13:41:46.967249+02
20230108,8744,464.101,2026-10-07 13:41:46.967249+02,2026-10-07 13:41:46.967249+02
20230108,8745,492.066,2026-10-07 13:41:46.967249+02,2026-10-07 13:41:46.967249+02
20230109,8741,663853.630,2026-10-07 13:41:46.967249+02,2026-10-07 13:41:46.967249+02
20230109,8742,23869.203,2026-10-07 13:41:46.967249+02,2026-10-07 13:41:46.967249+02
20230109,8743,13240.778,2026-10-07 13:41:46.967249+02,2026-10-07 13:41:46.967249+02
20230109,8744,513.085,2026-10-07 13:41:46.967249+02,2026-10-07 13:41:46.967249+02
20230109,8745,524.619,2026-10-07 13:41:46.967249+02,2026-10-07 13:41:46.967249+02
20230110,8741,692765.067,2026-10-07 13:41:46.967249+02,2026-10-07 13:41:46.967249+02
20230110,8742,24335.536,2026-10-07 13:41:46.967249+02,2026-10-07 13:41:46.967249+02
20230110,8743,13519.126,2026-10-07 13:41:46.967249+02,2026-10-07 13:41:46.967249+02
20230110,8744,521.401,2026-10-07 13:41:46.967249+02,2026-10-07 13:41:46.967249+02
20230110,8745,520.310,2026-10-07 13:41:46.967249+02,2026-10-07 13:41:46.967249+02
20230111,8741,699929.766,2026-10-07 13:41:46.967249+02,2026-10-07 13:41:46.967249+02
20230111,8742,24325.473,2026-10-07 13:41:46.967249+02,2026-10-07 13:41:46.967249+02
20230111,8743,13674.780,2026-10-07 13:41:46.967249+02,2026-10-07 13:41:46.967249+02
20230111,8744,511.272,2026-10-07 13:41:46.967249+02,2026-10-07 13:41:46.967249+02
20230111,8745,516.491,2026-10-07 13:41:46.967249+02,2026-10-07 13:41:46.967249+02
20230112,8741,703988.295,2026-10-07 13:41:46.967249+02,2026-10-07 13:41:46.967249+02
20230112,8742,24323.913,2026-10-07 13:41:46.967249+02,2026-10-07 13:41:46.967249+02
20230112,8743,13729.285,2026-10-07 13:41:46.967249+02,2026-10-07 13:41:46.967249+02
20230112,8744,529.220,2026-10-07 13:41:46.967249+02,2026-10-07 13:41:46.967249+02
20230112,8745,521.074,2026-10-07 13:41:46.967249+02,2026-10-07 13:41:46.967249+02
20230113,8741,699062.464,2026-10-07 13:41:46.967249+02,2026-10-07 13:41:46.967249+02
20230113,8742,24152.972,2026-10-07 13:41:46.967249+02,2026-10-07 13:41:46.967249+02
20230113,8743,13693.498,2026-10-07 13:41:46.967249+02,2026-10-07 13:41:46.967249+02
20230113,8744,536.604,2026-10-07 13:41:46.967249+02,2026-10-07 13:41:46.967249+02
20230113,8745,515.603,2026-10-07 13:41:46.967249+02,2026-10-07 13:41:46.967249+02
20230114,8741,626146.309,2026-10-07 13:41:46.967249+02,2026-10-07 13:41:46.967249+02
20230114,8742,22938.582,2026-10-07 13:41:46.967249+02,2026-10-07 13:41:46.967249+02
20230114,8743,12974.156,2026-10-07 13:41:46.967249+02,2026-10-07 13:41:46.967249+02
20230114,8744,509.510,2026-10-07 13:41:46.967249+02,2026-10-07 13:41:46.967249+02
20230114,8745,494.039,2026-10-07 13:41:46.967249+02,2026-10-07 13:41:46.967249+02
20230115,8741,580727.110,2026-10-07 13:41:46.967249+02,2026-10-07 13:41:46.967249+02
20230115,8742,21729.681,2026-10-07 13:41:46.967249+02,2026-10-07 13:41:46.967249+02
20230115,8743,12464.437,2026-10-07 13:41:46.967249+02,2026-10-07 13:41:46.967249+02
20230115,8744,487.000,2026-10-07 13:41:46.967249+02,2026-10-07 13:41:46.967249+02
20230115,8745,479.969,2026-10-07 13:41:46.967249+02,2026-10-07 13:41:46.967249+02
20230116,8741,716820.848,2026-10-07 13:41:46.967249+02,2026-10-07 13:41:46.967249+02
20230116,8742,23845.320,2026-10-07 13:41:46.967249+02,2026-10-07 13:41:46.967249+02
20230116,8743,13790.203,2026-10-07 13:41:46.967249+02,2026-10-07 13:41:46.967249+02
20230116,8744,526.596,2026-10-07 13:41:46.967249+02,2026-10-07 13:41:46.967249+02
20230116,8745,526.318,2026-10-07 13:41:46.967249+02,2026-10-07 13:41:46.967249+02
20230117,8741,720099.345,2026-10-07 13:41:46.967249+02,2026-10-07 13:41:46.967249+02
20230117,8742,24131.719,2026-10-07 13:41:46.967249+02,2026-10-07 13:41:46.967249+02
20230117,8743,13488.239,2026-10-07 13:41:46.967249+02,2026-10-07 13:41:46.967249+02
20230117,8744,550.588,2026-10-07 13:41:46.967249+02,2026-10-07 13:41:46.967249+02
20230117,8745,470.086,2026-10-07 13:41:46.967249+02,2026-10-07 13:41:46.967249+02
20230118,8741,740395.632,2026-10-07 13:41:46.967249+02,2026-10-07 13:41:46.967249+02
20230118,8742,24079.213,2026-10-07 13:41:46.967249+02,2026-10-07 13:41:46.967249+02
20230118,8743,14831.797,2026-10-07 13:41:46.967249+02,2026-10-07 13:41:46.967249+02
20230118,8744,556.473,2026-10-07 13:41:46.967249+02,2026-10-07 13:41:46.967249+02
20230118,8745,458.491,2026-10-07 13:41:46.967249+02,2026-10-07 13:41:46.967249+02
20230119,8741,749556.016,2026-10-07 13:41:46.967249+02,2026-10-07 13:41:46.967249+02
20230119,8742,24212.847,2026-10-07 13:41:46.967249+02,2026-10-07 13:41:46.967249+02
20230119,8743,15243.669,2026-10-07 13:41:46.967249+02,2026-10-07 13:41:46.967249+02
20230119,8744,558.096,2026-10-07 13:41:46.967249+02,2026-10-07 13:41:46.967249+02
20230119,8745,492.167,2026-10-07 13:41:46.967249+02,2026-10-07 13:41:46.967249+02
20230120,8741,717640.555,2026-10-07 13:41:46.967249+02,2026-10-07 13:41:46.967249+02
20230120,8742,24033.235,2026-10-07 13:41:46.967249+02,2026-10-07 13:41:46.967249+02
20230120,8743,14686.702,2026-10-07 13:41:46.967249+02,2026-10-07 13:41:46.967249+02
20230120,8744,530.278,2026-10-07 13:41:46.967249+02,2026-10-07 13:41:46.967249+02
20230120,8745,535.816,2026-10-07 13:41:46.967249+02,2026-10-07 13:41:46.967249+02
20230121,8741,638077.373,2026-10-07 13:41:46.967249+02,2026-10-07 13:41:46.967249+02
20230121,8742,22944.509,2026-10-07 13:41:46.967249+02,2026-10-07 13:41:46.967249+02
20230121,8743,14858.020,2026-10-07 13:41:46.967249+02,2026-10-07 13:41:46.967249+02
20230121,8744,542.863,2026-10-07 13:41:46.967249+02,2026-10-07 13:41:46.967249+02
20230121,8745,501.544,2026-10-07 13:41:46.967249+02,2026-10-07 13:41:46.967249+02
20230122,8741,611280.600,2026-10-07 13:41:46.967249+02,2026-10-07 13:41:46.967249+02
20230122,8742,21946.528,2026-10-07 13:41:46.967249+02,2026-10-07 13:41:46.967249+02
20230122,8743,15032.292,2026-10-07 13:41:46.967249+02,2026-10-07 13:41:46.967249+02
20230122,8744,533.758,2026-10-07 13:41:46.967249+02,2026-10-07 13:41:46.967249+02
20230122,8745,500.143,2026-10-07 13:41:46.967249+02,2026-10-07 13:41:46.967249+02
20230123,8741,745199.856,2026-10-07 13:41:46.967249+02,2026-10-07 13:41:46.967249+02
20230123,8742,23889.762,2026-10-07 13:41:46.967249+02,2026-10-07 13:41:46.967249+02
20230123,8743,17330.082,2026-10-07 13:41:46.967249+02,2026-10-07 13:41:46.967249+02
20230123,8744,535.480,2026-10-07 13:41:46.967249+02,2026-10-07 13:41:46.967249+02
20230123,8745,571.031,2026-10-07 13:41:46.967249+02,2026-10-07 13:41:46.967249+02
20230124,8741,783059.306,2026-10-07 13:41:46.967249+02,2026-10-07 13:41:46.967249+02
20230124,8742,23910.679,2026-10-07 13:41:46.967249+02,2026-10-07 13:41:46.967249+02
20230124,8743,17474.500,2026-10-07 13:41:46.967249+02,2026-10-07 13:41:46.967249+02
20230124,8744,589.692,2026-10-07 13:41:46.967249+02,2026-10-07 13:41:46.967249+02
20230124,8745,596.036,2026-10-07 13:41:46.967249+02,2026-10-07 13:41:46.967249+02
20230125,8741,773139.378,2026-10-07 13:41:46.967249+02,2026-10-07 13:41:46.967249+02
20230125,8742,23975.582,2026-10-07 13:41:46.967249+02,2026-10-07 13:41:46.967249+02
20230125,8743,17799.369,2026-10-07 13:41:46.967249+02,2026-10-07 13:41:46.967249+02
20230125,8744,616.622,2026-10-07 13:41:46.967249+02,2026-10-07 13:41:46.967249+02
20230125,8745,622.291,2026-10-07 13:41:46.967249+02,2026-10-07 13:41:46.967249+02
20230126,8741,774767.873,2026-10-07 13:41:46.967249+02,2026-10-07 13:41:46.967249+02
20230126,8742,23888.514,2026-10-07 13:41:46.967249+02,2026-10-07 13:41:46.967249+02
20230126,8743,17362.487,2026-10-07 13:41:46.967249+02,2026-10-07 13:41:46.967249+02
20230126,8744,628.659,2026-10-07 13:41:46.967249+02,2026-10-07 13:41:46.967249+02
20230126,8745,612.778,2026-10-07 13:41:46.967249+02,2026-10-07 13:41:46.967249+02
20230127,8741,763461.227,2026-10-07 13:41:46.967249+02,2026-10-07 13:41:46.967249+02
20230127,8742,23955.881,2026-10-07 13:41:46.967249+02,2026-10-07 13:41:46.967249+02
20230127,8743,17853.956,2026-10-07 13:41:46.967249+02,2026-10-07 13:41:46.967249+02
20230127,8744,566.989,2026-10-07 13:41:46.967249+02,2026-10-07 13:41:46.967249+02
20230127,8745,592.816,2026-10-07 13:41:46.967249+02,2026-10-07 13:41:46.967249+02
20230128,8741,677266.775,2026-10-07 13:41:46.967249+02,2026-10-07 13:41:46.967249+02
20230128,8742,23246.638,2026-10-07 13:41:46.967249+02,2026-10-07 13:41:46.967249+02
20230128,8743,17061.177,2026-10-07 13:41:46.967249+02,2026-10-07 13:41:46.967249+02
20230128,8744,559.635,2026-10-07 13:41:46.967249+02,2026-10-07 13:41:46.967249+02
20230128,8745,558.728,2026-10-07 13:41:46.967249+02,2026-10-07 13:41:46.967249+02
20230129,8741,636478.846,2026-10-07 13:41:46.967249+02,2026-10-07 13:41:46.967249+02
20230129,8742,22288.440,2026-10-07 13:41:46.967249+02,2026-10-07 13:41:46.967249+02
20230129,8743,16078.621,2026-10-07 13:41:46.967249+02,2026-10-07 13:41:46.967249+02
20230129,8744,570.916,2026-10-07 13:41:46.967249+02,2026-10-07 13:41:46.967249+02
20230129,8745,566.934,2026-10-07 13:41:46.967249+02,2026-10-07 13:41:46.967249+02
20230130,8741,752852.548,2026-10-07 13:41:46.967249+02,2026-10-07 13:41:46.967249+02
20230130,8742,24260.733,2026-10-07 13:41:46.967249+02,2026-10-07 13:41:46.967249+02
20230130,8743,16980.751,2026-10-07 13:41:46.967249+02,2026-10-07 13:41:46.967249+02
20230130,8744,628.531,2026-10-07 13:41:46.967249+02,2026-10-07 13:41:46.967249+02
20230130,8745,602.775,2026-10-07 13:41:46.967249+02,2026-10-07 13:41:46.967249+02
20230131,8741,761594.429,2026-10-07 13:41:46.967249+02,2026-10-07 13:41:46.967249+02
20230131,8742,24219.467,2026-10-07 13:41:46.967249+02,2026-10-07 13:41:46.967249+02
20230131,8743,16687.023,2026-10-07 13:41:46.967249+02,2026-10-07 13:41:46.967249+02
20230131,8744,618.099,2026-10-07 13:41:46.967249+02,2026-10-07 13:41:46.967249+02
20230131,8745,579.902,2026-10-07 13:41:46.967249+02,2026-10-07 13:41:46.967249+02
20230201,8741,759602.240,2026-10-07 13:41:46.967249+02,2026-10-07 13:41:46.967249+02
20230201,8742,24195.313,2026-10-07 13:41:46.967249+02,2026-10-07 13:41:46.967249+02
20230201,8743,16675.514,2026-10-07 13:41:46.967249+02,2026-10-07 13:41:46.967249+02
20230201,8744,598.929,2026-10-07 13:41:46.967249+02,2026-10-07 13:41:46.967249+02
20230201,8745,590.336,2026-10-07 13:41:46.967249+02,2026-10-07 13:41:46.967249+02
20230202,8741,750045.867,2026-10-07 13:41:46.967249+02,2026-10-07 13:41:46.967249+02
20230202,8742,23313.592,2026-10-07 13:41:46.967249+02,2026-10-07 13:41:46.967249+02
20230202,8743,16432.313,2026-10-07 13:41:46.967249+02,2026-10-07 13:41:46.967249+02
20230202,8744,583.731,2026-10-07 13:41:46.967249+02,2026-10-07 13:41:46.967249+02
20230202,8745,600.064,2026-10-07 13:41:46.967249+02,2026-10-07 13:41:46.967249+02
20230203,8741,734508.274,2026-10-07 13:41:46.967249+02,2026-10-07 13:41:46.967249+02
20230203,8742,23983.134,2026-10-07 13:41:46.967249+02,2026-10-07 13:41:46.967249+02
20230203,8743,16011.217,2026-10-07 13:41:46.967249+02,2026-10-07 13:41:46.967249+02
20230203,8744,556.023,2026-10-07 13:41:46.967249+02,2026-10-07 13:41:46.967249+02
20230203,8745,573.721,2026-10-07 13:41:46.967249+02,2026-10-07 13:41:46.967249+02
20230204,8741,644981.207,2026-10-07 13:41:46.967249+02,2026-10-07 13:41:46.967249+02
20230204,8742,23326.639,2026-10-07 13:41:46.967249+02,2026-10-07 13:41:46.967249+02
20230204,8743,14761.822,2026-10-07 13:41:46.967249+02,2026-10-07 13:41:46.967249+02
20230204,8744,561.028,2026-10-07 13:41:46.967249+02,2026-10-07 13:41:46.967249+02
20230204,8745,536.800,2026-10-07 13:41:46.967249+02,2026-10-07 13:41:46.967249+02
20230205,8741,601350.007,2026-10-07 13:41:46.967249+02,2026-10-07 13:41:46.967249+02
20230205,8742,22237.269,2026-10-07 13:41:46.967249+02,2026-10-07 13:41:46.967249+02
20230205,8743,14048.127,2026-10-07 13:41:46.967249+02,2026-10-07 13:41:46.967249+02
20230205,8744,533.375,2026-10-07 13:41:46.967249+02,2026-10-07 13:41:46.967249+02
20230205,8745,522.078,2026-10-07 13:41:46.967249+02,2026-10-07 13:41:46.967249+02
20230206,8741,733559.368,2026-10-07 13:41:46.967249+02,2026-10-07 13:41:46.967249+02
20230206,8742,24082.293,2026-10-07 13:41:46.967249+02,2026-10-07 13:41:46.967249+02
20230206,8743,16666.449,2026-10-07 13:41:46.967249+02,2026-10-07 13:41:46.967249+02
20230206,8744,538.983,2026-10-07 13:41:46.967249+02,2026-10-07 13:41:46.967249+02
20230206,8745,552.757,2026-10-07 13:41:46.967249+02,2026-10-07 13:41:46.967249+02
20230207,8741,765811.191,2026-10-07 13:41:46.967249+02,2026-10-07 13:41:46.967249+02
20230207,8742,24465.052,2026-10-07 13:41:46.967249+02,2026-10-07 13:41:46.967249+02
20230207,8743,16614.810,2026-10-07 13:41:46.967249+02,2026-10-07 13:41:46.967249+02
20230207,8744,575.321,2026-10-07 13:41:46.967249+02,2026-10-07 13:41:46.967249+02
20230207,8745,565.084,2026-10-07 13:41:46.967249+02,2026-10-07 13:41:46.967249+02
20230208,8741,763277.512,2026-10-07 13:41:46.967249+02,2026-10-07 13:41:46.967249+02
20230208,8742,24442.924,2026-10-07 13:41:46.967249+02,2026-10-07 13:41:46.967249+02
20230208,8743,16562.546,2026-10-07 13:41:46.967249+02,2026-10-07 13:41:46.967249+02
20230208,8744,580.533,2026-10-07 13:41:46.967249+02,2026-10-07 13:41:46.967249+02
20230208,8745,563.417,2026-10-07 13:41:46.967249+02,2026-10-07 13:41:46.967249+02
20230209,8741,752763.751,2026-10-07 13:41:46.967249+02,2026-10-07 13:41:46.967249+02
20230209,8742,24769.635,2026-10-07 13:41:46.967249+02,2026-10-07 13:41:46.967249+02
20230209,8743,16618.522,2026-10-07 13:41:46.967249+02,2026-10-07 13:41:46.967249+02
20230209,8744,597.293,2026-10-07 13:41:46.967249+02,2026-10-07 13:41:46.967249+02
20230209,8745,576.349,2026-10-07 13:41:46.967249+02,2026-10-07 13:41:46.967249+02
20230210,8741,749466.427,2026-10-07 13:41:46.967249+02,2026-10-07 13:41:46.967249+02
20230210,8742,24382.130,2026-10-07 13:41:46.967249+02,2026-10-07 13:41:46.967249+02
20230210,8743,16836.472,2026-10-07 13:41:46.967249+02,2026-10-07 13:41:46.967249+02
20230210,8744,581.665,2026-10-07 13:41:46.967249+02,2026-10-07 13:41:46.967249+02
20230210,8745,567.178,2026-10-07 13:41:46.967249+02,2026-10-07 13:41:46.967249+02
20230211,8741,656776.242,2026-10-07 13:41:46.967249+02,2026-10-07 13:41:46.967249+02
20230211,8742,23110.813,2026-10-07 13:41:46.967249+02,2026-10-07 13:41:46.967249+02
20230211,8743,15717.291,2026-10-07 13:41:46.967249+02,2026-10-07 13:41:46.967249+02
20230211,8744,581.650,2026-10-07 13:41:46.967249+02,2026-10-07 13:41:46.967249+02
20230211,8745,530.758,2026-10-07 13:41:46.967249+02,2026-10-07 13:41:46.967249+02
20230212,8741,610976.339,2026-10-07 13:41:46.967249+02,2026-10-07 13:41:46.967249+02
20230212,8742,21897.054,2026-10-07 13:41:46.967249+02,2026-10-07 13:41:46.967249+02
20230212,8743,14859.889,2026-10-07 13:41:46.967249+02,2026-10-07 13:41:46.967249+02
20230212,8744,569.743,2026-10-07 13:41:46.967249+02,2026-10-07 13:41:46.967249+02
20230212,8745,502.343,2026-10-07 13:41:46.967249+02,2026-10-07 13:41:46.967249+02
20230213,8741,722754.570,2026-10-07 13:41:46.967249+02,2026-10-07 13:41:46.967249+02
20230213,8742,23710.250,2026-10-07 13:41:46.967249+02,2026-10-07 13:41:46.967249+02
20230213,8743,16370.053,2026-10-07 13:41:46.967249+02,2026-10-07 13:41:46.967249+02
20230213,8744,573.537,2026-10-07 13:41:46.967249+02,2026-10-07 13:41:46.967249+02
20230213,8745,533.482,2026-10-07 13:41:46.967249+02,2026-10-07 13:41:46.967249+02
20230214,8741,734977.123,2026-10-07 13:41:46.967249+02,2026-10-07 13:41:46.967249+02
20230214,8742,24074.081,2026-10-07 13:41:46.967249+02,2026-10-07 13:41:46.967249+02
20230214,8743,16178.366,2026-10-07 13:41:46.967249+02,2026-10-07 13:41:46.967249+02
20230214,8744,590.817,2026-10-07 13:41:46.967249+02,2026-10-07 13:41:46.967249+02
20230214,8745,529.371,2026-10-07 13:41:46.967249+02,2026-10-07 13:41:46.967249+02
20230215,8741,723982.402,2026-10-07 13:41:46.967249+02,2026-10-07 13:41:46.967249+02
20230215,8742,24301.138,2026-10-07 13:41:46.967249+02,2026-10-07 13:41:46.967249+02
20230215,8743,15846.039,2026-10-07 13:41:46.967249+02,2026-10-07 13:41:46.967249+02
20230215,8744,576.303,2026-10-07 13:41:46.967249+02,2026-10-07 13:41:46.967249+02
20230215,8745,528.762,2026-10-07 13:41:46.967249+02,2026-10-07 13:41:46.967249+02
20230216,8741,715453.776,2026-10-07 13:41:46.967249+02,2026-10-07 13:41:46.967249+02
20230216,8742,24213.397,2026-10-07 13:41:46.967249+02,2026-10-07 13:41:46.967249+02
20230216,8743,15413.076,2026-10-07 13:41:46.967249+02,2026-10-07 13:41:46.967249+02
20230216,8744,567.311,2026-10-07 13:41:46.967249+02,2026-10-07 13:41:46.967249+02
20230216,8745,537.213,2026-10-07 13:41:46.967249+02,2026-10-07 13:41:46.967249+02
20230217,8741,705653.360,2026-10-07 13:41:46.967249+02,2026-10-07 13:41:46.967249+02
20230217,8742,24239.503,2026-10-07 13:41:46.967249+02,2026-10-07 13:41:46.967249+02
20230217,8743,14876.542,2026-10-07 13:41:46.967249+02,2026-10-07 13:41:46.967249+02
20230217,8744,541.790,2026-10-07 13:41:46.967249+02,2026-10-07 13:41:46.967249+02
20230217,8745,530.047,2026-10-07 13:41:46.967249+02,2026-10-07 13:41:46.967249+02
20230218,8741,618917.096,2026-10-07 13:41:46.967249+02,2026-10-07 13:41:46.967249+02
20230218,8742,23093.201,2026-10-07 13:41:46.967249+02,2026-10-07 13:41:46.967249+02
20230218,8743,13931.960,2026-10-07 13:41:46.967249+02,2026-10-07 13:41:46.967249+02
20230218,8744,526.987,2026-10-07 13:41:46.967249+02,2026-10-07 13:41:46.967249+02
20230218,8745,489.485,2026-10-07 13:41:46.967249+02,2026-10-07 13:41:46.967249+02
20230219,8741,568209.007,2026-10-07 13:41:46.967249+02,2026-10-07 13:41:46.967249+02
20230219,8742,21746.130,2026-10-07 13:41:46.967249+02,2026-10-07 13:41:46.967249+02
20230219,8743,13332.108,2026-10-07 13:41:46.967249+02,2026-10-07 13:41:46.967249+02
20230219,8744,516.786,2026-10-07 13:41:46.967249+02,2026-10-07 13:41:46.967249+02
20230219,8745,439.111,2026-10-07 13:41:46.967249+02,2026-10-07 13:41:46.967249+02
20230220,8741,665068.992,2026-10-07 13:41:46.967249+02,2026-10-07 13:41:46.967249+02
20230220,8742,23166.619,2026-10-07 13:41:46.967249+02,2026-10-07 13:41:46.967249+02
20230220,8743,14594.869,2026-10-07 13:41:46.967249+02,2026-10-07 13:41:46.967249+02
20230220,8744,555.891,2026-10-07 13:41:46.967249+02,2026-10-07 13:41:46.967249+02
20230220,8745,457.386,2026-10-07 13:41:46.967249+02,2026-10-07 13:41:46.967249+02
20230221,8741,680836.240,2026-10-07 13:41:46.967249+02,2026-10-07 13:41:46.967249+02
20230221,8742,22141.310,2026-10-07 13:41:46.967249+02,2026-10-07 13:41:46.967249+02
20230221,8743,14490.643,2026-10-07 13:41:46.967249+02,2026-10-07 13:41:46.967249+02
20230221,8744,561.897,2026-10-07 13:41:46.967249+02,2026-10-07 13:41:46.967249+02
20230221,8745,512.160,2026-10-07 13:41:46.967249+02,2026-10-07 13:41:46.967249+02
20230222,8741,683834.914,2026-10-07 13:41:46.967249+02,2026-10-07 13:41:46.967249+02
20230222,8742,23880.736,2026-10-07 13:41:46.967249+02,2026-10-07 13:41:46.967249+02
20230222,8743,14410.533,2026-10-07 13:41:46.967249+02,2026-10-07 13:41:46.967249+02
20230222,8744,537.417,2026-10-07 13:41:46.967249+02,2026-10-07 13:41:46.967249+02
20230222,8745,516.286,2026-10-07 13:41:46.967249+02,2026-10-07 13:41:46.967249+02
20230223,8741,704967.854,2026-10-07 13:41:46.967249+02,2026-10-07 13:41:46.967249+02
20230223,8742,23847.947,2026-10-07 13:41:46.967249+02,2026-10-07 13:41:46.967249+02
20230223,8743,14853.952,2026-10-07 13:41:46.967249+02,2026-10-07 13:41:46.967249+02
20230223,8744,551.281,2026-10-07 13:41:46.967249+02,2026-10-07 13:41:46.967249+02
20230223,8745,525.564,2026-10-07 13:41:46.967249+02,2026-10-07 13:41:46.967249+02
20230224,8741,701747.018,2026-10-07 13:41:46.967249+02,2026-10-07 13:41:46.967249+02
20230224,8742,23758.145,2026-10-07 13:41:46.967249+02,2026-10-07 13:41:46.967249+02
20230224,8743,14570.028,2026-10-07 13:41:46.967249+02,2026-10-07 13:41:46.967249+02
20230224,8744,539.433,2026-10-07 13:41:46.967249+02,2026-10-07 13:41:46.967249+02
20230224,8745,539.081,2026-10-07 13:41:46.967249+02,2026-10-07 13:41:46.967249+02
20230225,8741,633073.185,2026-10-07 13:41:46.967249+02,2026-10-07 13:41:46.967249+02
20230225,8742,22431.514,2026-10-07 13:41:46.967249+02,2026-10-07 13:41:46.967249+02
20230225,8743,13913.665,2026-10-07 13:41:46.967249+02,2026-10-07 13:41:46.967249+02
20230225,8744,546.639,2026-10-07 13:41:46.967249+02,2026-10-07 13:41:46.967249+02
20230225,8745,530.137,2026-10-07 13:41:46.967249+02,2026-10-07 13:41:46.967249+02
20230226,8741,596966.615,2026-10-07 13:41:46.967249+02,2026-10-07 13:41:46.967249+02
20230226,8742,21550.578,2026-10-07 13:41:46.967249+02,2026-10-07 13:41:46.967249+02
20230226,8743,13494.075,2026-10-07 13:41:46.967249+02,2026-10-07 13:41:46.967249+02
20230226,8744,532.799,2026-10-07 13:41:46.967249+02,2026-10-07 13:41:46.967249+02
20230226,8745,510.558,2026-10-07 13:41:46.967249+02,2026-10-07 13:41:46.967249+02
20230227,8741,726490.828,2026-10-07 13:41:46.967249+02,2026-10-07 13:41:46.967249+02
20230227,8742,23544.624,2026-10-07 13:41:46.967249+02,2026-10-07 13:41:46.967249+02
20230227,8743,18097.592,2026-10-07 13:41:46.967249+02,2026-10-07 13:41:46.967249+02
20230227,8744,568.481,2026-10-07 13:41:46.967249+02,2026-10-07 13:41:46.967249+02
20230227,8745,546.313,2026-10-07 13:41:46.967249+02,2026-10-07 13:41:46.967249+02
20230228,8741,731385.406,2026-10-07 13:41:46.967249+02,2026-10-07 13:41:46.967249+02
20230228,8742,23614.640,2026-10-07 13:41:46.967249+02,2026-10-07 13:41:46.967249+02
20230228,8743,18499.321,2026-10-07 13:41:46.967249+02,2026-10-07 13:41:46.967249+02
20230228,8744,554.600,2026-10-07 13:41:46.967249+02,2026-10-07 13:41:46.967249+02
20230228,8745,494.830,2026-10-07 13:41:46.967249+02,2026-10-07 13:41:46.967249+02
20230301,8741,750227.818,2026-10-07 13:41:46.967249+02,2026-10-07 13:41:46.967249+02
20230301,8742,23980.474,2026-10-07 13:41:46.967249+02,2026-10-07 13:41:46.967249+02
20230301,8743,15405.148,2026-10-07 13:41:46.967249+02,2026-10-07 13:41:46.967249+02
20230301,8744,557.664,2026-10-07 13:41:46.967249+02,2026-10-07 13:41:46.967249+02
20230301,8745,455.095,2026-10-07 13:41:46.967249+02,2026-10-07 13:41:46.967249+02
20230302,8741,753223.473,2026-10-07 13:41:46.967249+02,2026-10-07 13:41:46.967249+02
20230302,8742,23952.315,2026-10-07 13:41:46.967249+02,2026-10-07 13:41:46.967249+02
20230302,8743,17994.721,2026-10-07 13:41:46.967249+02,2026-10-07 13:41:46.967249+02
20230302,8744,558.621,2026-10-07 13:41:46.967249+02,2026-10-07 13:41:46.967249+02
20230302,8745,474.880,2026-10-07 13:41:46.967249+02,2026-10-07 13:41:46.967249+02
20230303,8741,730723.067,2026-10-07 13:41:46.967249+02,2026-10-07 13:41:46.967249+02
20230303,8742,23974.055,2026-10-07 13:41:46.967249+02,2026-10-07 13:41:46.967249+02
20230303,8743,17207.215,2026-10-07 13:41:46.967249+02,2026-10-07 13:41:46.967249+02
20230303,8744,529.860,2026-10-07 13:41:46.967249+02,2026-10-07 13:41:46.967249+02
20230303,8745,503.204,2026-10-07 13:41:46.967249+02,2026-10-07 13:41:46.967249+02
20230304,8741,634947.287,2026-10-07 13:41:46.967249+02,2026-10-07 13:41:46.967249+02
20230304,8742,22500.293,2026-10-07 13:41:46.967249+02,2026-10-07 13:41:46.967249+02
20230304,8743,15570.979,2026-10-07 13:41:46.967249+02,2026-10-07 13:41:46.967249+02
20230304,8744,510.203,2026-10-07 13:41:46.967249+02,2026-10-07 13:41:46.967249+02
20230304,8745,488.977,2026-10-07 13:41:46.967249+02,2026-10-07 13:41:46.967249+02
20230305,8741,598649.273,2026-10-07 13:41:46.967249+02,2026-10-07 13:41:46.967249+02
20230305,8742,21456.264,2026-10-07 13:41:46.967249+02,2026-10-07 13:41:46.967249+02
20230305,8743,14704.356,2026-10-07 13:41:46.967249+02,2026-10-07 13:41:46.967249+02
20230305,8744,500.251,2026-10-07 13:41:46.967249+02,2026-10-07 13:41:46.967249+02
20230305,8745,495.511,2026-10-07 13:41:46.967249+02,2026-10-07 13:41:46.967249+02
20230306,8741,699385.449,2026-10-07 13:41:46.967249+02,2026-10-07 13:41:46.967249+02
20230306,8742,23527.445,2026-10-07 13:41:46.967249+02,2026-10-07 13:41:46.967249+02
20230306,8743,15444.612,2026-10-07 13:41:46.967249+02,2026-10-07 13:41:46.967249+02
20230306,8744,550.122,2026-10-07 13:41:46.967249+02,2026-10-07 13:41:46.967249+02
20230306,8745,533.272,2026-10-07 13:41:46.967249+02,2026-10-07 13:41:46.967249+02
20230307,8741,697183.665,2026-10-07 13:41:46.967249+02,2026-10-07 13:41:46.967249+02
20230307,8742,23570.992,2026-10-07 13:41:46.967249+02,2026-10-07 13:41:46.967249+02
20230307,8743,14829.054,2026-10-07 13:41:46.967249+02,2026-10-07 13:41:46.967249+02
20230307,8744,557.962,2026-10-07 13:41:46.967249+02,2026-10-07 13:41:46.967249+02
20230307,8745,526.722,2026-10-07 13:41:46.967249+02,2026-10-07 13:41:46.967249+02
20230308,8741,687598.891,2026-10-07 13:41:46.967249+02,2026-10-07 13:41:46.967249+02
20230308,8742,23604.379,2026-10-07 13:41:46.967249+02,2026-10-07 13:41:46.967249+02
20230308,8743,14118.187,2026-10-07 13:41:46.967249+02,2026-10-07 13:41:46.967249+02
20230308,8744,522.051,2026-10-07 13:41:46.967249+02,2026-10-07 13:41:46.967249+02
20230308,8745,522.177,2026-10-07 13:41:46.967249+02,2026-10-07 13:41:46.967249+02
20230309,8741,677866.945,2026-10-07 13:41:46.967249+02,2026-10-07 13:41:46.967249+02
20230309,8742,23589.490,2026-10-07 13:41:46.967249+02,2026-10-07 13:41:46.967249+02
20230309,8743,13958.438,2026-10-07 13:41:46.967249+02,2026-10-07 13:41:46.967249+02
20230309,8744,518.107,2026-10-07 13:41:46.967249+02,2026-10-07 13:41:46.967249+02
20230309,8745,519.877,2026-10-07 13:41:46.967249+02,2026-10-07 13:41:46.967249+02
20230310,8741,651545.476,2026-10-07 13:41:46.967249+02,2026-10-07 13:41:46.967249+02
20230310,8742,23526.254,2026-10-07 13:41:46.967249+02,2026-10-07 13:41:46.967249+02
20230310,8743,13182.199,2026-10-07 13:41:46.967249+02,2026-10-07 13:41:46.967249+02
20230310,8744,513.503,2026-10-07 13:41:46.967249+02,2026-10-07 13:41:46.967249+02
20230310,8745,505.938,2026-10-07 13:41:46.967249+02,2026-10-07 13:41:46.967249+02
20230311,8741,573161.664,2026-10-07 13:41:46.967249+02,2026-10-07 13:41:46.967249+02
20230311,8742,22440.305,2026-10-07 13:41:46.967249+02,2026-10-07 13:41:46.967249+02
20230311,8743,12027.335,2026-10-07 13:41:46.967249+02,2026-10-07 13:41:46.967249+02
20230311,8744,480.658,2026-10-07 13:41:46.967249+02,2026-10-07 13:41:46.967249+02
20230311,8745,474.676,2026-10-07 13:41:46.967249+02,2026-10-07 13:41:46.967249+02
20230312,8741,523573.030,2026-10-07 13:41:46.967249+02,2026-10-07 13:41:46.967249+02
20230312,8742,21644.842,2026-10-07 13:41:46.967249+02,2026-10-07 13:41:46.967249+02
20230312,8743,11309.633,2026-10-07 13:41:46.967249+02,2026-10-07 13:41:46.967249+02
20230312,8744,466.047,2026-10-07 13:41:46.967249+02,2026-10-07 13:41:46.967249+02
20230312,8745,446.402,2026-10-07 13:41:46.967249+02,2026-10-07 13:41:46.967249+02
20230313,8741,622074.047,2026-10-07 13:41:46.967249+02,2026-10-07 13:41:46.967249+02
20230313,8742,23478.580,2026-10-07 13:41:46.967249+02,2026-10-07 13:41:46.967249+02
20230313,8743,12385.190,2026-10-07 13:41:46.967249+02,2026-10-07 13:41:46.967249+02
20230313,8744,508.549,2026-10-07 13:41:46.967249+02,2026-10-07 13:41:46.967249+02
20230313,8745,459.711,2026-10-07 13:41:46.967249+02,2026-10-07 13:41:46.967249+02
20230314,8741,632856.115,2026-10-07 13:41:46.967249+02,2026-10-07 13:41:46.967249+02
20230314,8742,23443.216,2026-10-07 13:41:46.967249+02,2026-10-07 13:41:46.967249+02
20230314,8743,12433.204,2026-10-07 13:41:46.967249+02,2026-10-07 13:41:46.967249+02
20230314,8744,493.078,2026-10-07 13:41:46.967249+02,2026-10-07 13:41:46.967249+02
20230314,8745,495.192,2026-10-07 13:41:46.967249+02,2026-10-07 13:41:46.967249+02
20230315,8741,632551.827,2026-10-07 13:41:46.967249+02,2026-10-07 13:41:46.967249+02
20230315,8742,23534.698,2026-10-07 13:41:46.967249+02,2026-10-07 13:41:46.967249+02
20230315,8743,12587.305,2026-10-07 13:41:46.967249+02,2026-10-07 13:41:46.967249+02
20230315,8744,510.043,2026-10-07 13:41:46.967249+02,2026-10-07 13:41:46.967249+02
20230315,8745,503.027,2026-10-07 13:41:46.967249+02,2026-10-07 13:41:46.967249+02
20230316,8741,634020.708,2026-10-07 13:41:46.967249+02,2026-10-07 13:41:46.967249+02
20230316,8742,23673.545,2026-10-07 13:41:46.967249+02,2026-10-07 13:41:46.967249+02
20230316,8743,12689.729,2026-10-07 13:41:46.967249+02,2026-10-07 13:41:46.967249+02
20230316,8744,514.372,2026-10-07 13:41:46.967249+02,2026-10-07 13:41:46.967249+02
20230316,8745,506.138,2026-10-07 13:41:46.967249+02,2026-10-07 13:41:46.967249+02
20230317,8741,632394.715,2026-10-07 13:41:46.967249+02,2026-10-07 13:41:46.967249+02
20230317,8742,23781.705,2026-10-07 13:41:46.967249+02,2026-10-07 13:41:46.967249+02
20230317,8743,12743.777,2026-10-07 13:41:46.967249+02,2026-10-07 13:41:46.967249+02
20230317,8744,474.211,2026-10-07 13:41:46.967249+02,2026-10-07 13:41:46.967249+02
20230317,8745,504.312,2026-10-07 13:41:46.967249+02,2026-10-07 13:41:46.967249+02
20230318,8741,567333.530,2026-10-07 13:41:46.967249+02,2026-10-07 13:41:46.967249+02
20230318,8742,22491.300,2026-10-07 13:41:46.967249+02,2026-10-07 13:41:46.967249+02
20230318,8743,12456.129,2026-10-07 13:41:46.967249+02,2026-10-07 13:41:46.967249+02
20230318,8744,472.570,2026-10-07 13:41:46.967249+02,2026-10-07 13:41:46.967249+02
20230318,8745,479.841,2026-10-07 13:41:46.967249+02,2026-10-07 13:41:46.967249+02
20230319,8741,517778.706,2026-10-07 13:41:46.967249+02,2026-10-07 13:41:46.967249+02
20230319,8742,21339.706,2026-10-07 13:41:46.967249+02,2026-10-07 13:41:46.967249+02
20230319,8743,11673.703,2026-10-07 13:41:46.967249+02,2026-10-07 13:41:46.967249+02
20230319,8744,457.213,2026-10-07 13:41:46.967249+02,2026-10-07 13:41:46.967249+02
20230319,8745,451.506,2026-10-07 13:41:46.967249+02,2026-10-07 13:41:46.967249+02
20230320,8741,604210.726,2026-10-07 13:41:46.967249+02,2026-10-07 13:41:46.967249+02
20230320,8742,23306.273,2026-10-07 13:41:46.967249+02,2026-10-07 13:41:46.967249+02
20230320,8743,12856.747,2026-10-07 13:41:46.967249+02,2026-10-07 13:41:46.967249+02
20230320,8744,509.498,2026-10-07 13:41:46.967249+02,2026-10-07 13:41:46.967249+02
20230320,8745,501.099,2026-10-07 13:41:46.967249+02,2026-10-07 13:41:46.967249+02
20230321,8741,629773.155,2026-10-07 13:41:46.967249+02,2026-10-07 13:41:46.967249+02
20230321,8742,23486.615,2026-10-07 13:41:46.967249+02,2026-10-07 13:41:46.967249+02
20230321,8743,13160.143,2026-10-07 13:41:46.967249+02,2026-10-07 13:41:46.967249+02
20230321,8744,515.818,2026-10-07 13:41:46.967249+02,2026-10-07 13:41:46.967249+02
20230321,8745,501.953,2026-10-07 13:41:46.967249+02,2026-10-07 13:41:46.967249+02
20230322,8741,627642.594,2026-10-07 13:41:46.967249+02,2026-10-07 13:41:46.967249+02
20230322,8742,23638.793,2026-10-07 13:41:46.967249+02,2026-10-07 13:41:46.967249+02
20230322,8743,13147.016,2026-10-07 13:41:46.967249+02,2026-10-07 13:41:46.967249+02
20230322,8744,484.510,2026-10-07 13:41:46.967249+02,2026-10-07 13:41:46.967249+02
20230322,8745,502.606,2026-10-07 13:41:46.967249+02,2026-10-07 13:41:46.967249+02
20230323,8741,626939.959,2026-10-07 13:41:46.967249+02,2026-10-07 13:41:46.967249+02
20230323,8742,23819.777,2026-10-07 13:41:46.967249+02,2026-10-07 13:41:46.967249+02
20230323,8743,13052.300,2026-10-07 13:41:46.967249+02,2026-10-07 13:41:46.967249+02
20230323,8744,483.394,2026-10-07 13:41:46.967249+02,2026-10-07 13:41:46.967249+02
20230323,8745,477.766,2026-10-07 13:41:46.967249+02,2026-10-07 13:41:46.967249+02
20230324,8741,627025.947,2026-10-07 13:41:46.967249+02,2026-10-07 13:41:46.967249+02
20230324,8742,23762.885,2026-10-07 13:41:46.967249+02,2026-10-07 13:41:46.967249+02
20230324,8743,13140.837,2026-10-07 13:41:46.967249+02,2026-10-07 13:41:46.967249+02
20230324,8744,501.845,2026-10-07 13:41:46.967249+02,2026-10-07 13:41:46.967249+02
20230324,8745,488.780,2026-10-07 13:41:46.967249+02,2026-10-07 13:41:46.967249+02
20230325,8741,559957.397,2026-10-07 13:41:46.967249+02,2026-10-07 13:41:46.967249+02
20230325,8742,22754.086,2026-10-07 13:41:46.967249+02,2026-10-07 13:41:46.967249+02
20230325,8743,12237.795,2026-10-07 13:41:46.967249+02,2026-10-07 13:41:46.967249+02
20230325,8744,472.004,2026-10-07 13:41:46.967249+02,2026-10-07 13:41:46.967249+02
20230325,8745,479.587,2026-10-07 13:41:46.967249+02,2026-10-07 13:41:46.967249+02
20230326,8741,493400.736,2026-10-07 13:41:46.967249+02,2026-10-07 13:41:46.967249+02
20230326,8742,20606.510,2026-10-07 13:41:46.967249+02,2026-10-07 13:41:46.967249+02
20230326,8743,11034.750,2026-10-07 13:41:46.967249+02,2026-10-07 13:41:46.967249+02
20230326,8744,439.255,2026-10-07 13:41:46.967249+02,2026-10-07 13:41:46.967249+02
20230326,8745,452.032,2026-10-07 13:41:46.967249+02,2026-10-07 13:41:46.967249+02
20230327,8741,604877.856,2026-10-07 13:41:46.967249+02,2026-10-07 13:41:46.967249+02
20230327,8742,23507.049,2026-10-07 13:41:46.967249+02,2026-10-07 13:41:46.967249+02
20230327,8743,12723.707,2026-10-07 13:41:46.967249+02,2026-10-07 13:41:46.967249+02
20230327,8744,465.039,2026-10-07 13:41:46.967249+02,2026-10-07 13:41:46.967249+02
20230327,8745,493.712,2026-10-07 13:41:46.967249+02,2026-10-07 13:41:46.967249+02
20230328,8741,617364.247,2026-10-07 13:41:46.967249+02,2026-10-07 13:41:46.967249+02
20230328,8742,23823.209,2026-10-07 13:41:46.967249+02,2026-10-07 13:41:46.967249+02
20230328,8743,13085.302,2026-10-07 13:41:46.967249+02,2026-10-07 13:41:46.967249+02
20230328,8744,464.552,2026-10-07 13:41:46.967249+02,2026-10-07 13:41:46.967249+02
20230328,8745,492.622,2026-10-07 13:41:46.967249+02,2026-10-07 13:41:46.967249+02
20230329,8741,618956.897,2026-10-07 13:41:46.967249+02,2026-10-07 13:41:46.967249+02
20230329,8742,24173.209,2026-10-07 13:41:46.967249+02,2026-10-07 13:41:46.967249+02
20230329,8743,13208.807,2026-10-07 13:41:46.967249+02,2026-10-07 13:41:46.967249+02
20230329,8744,460.232,2026-10-07 13:41:46.967249+02,2026-10-07 13:41:46.967249+02
20230329,8745,488.730,2026-10-07 13:41:46.967249+02,2026-10-07 13:41:46.967249+02
20230330,8741,621546.617,2026-10-07 13:41:46.967249+02,2026-10-07 13:41:46.967249+02
20230330,8742,24799.524,2026-10-07 13:41:46.967249+02,2026-10-07 13:41:46.967249+02
20230330,8743,13470.709,2026-10-07 13:41:46.967249+02,2026-10-07 13:41:46.967249+02
20230330,8744,450.672,2026-10-07 13:41:46.967249+02,2026-10-07 13:41:46.967249+02
20230330,8745,488.405,2026-10-07 13:41:46.967249+02,2026-10-07 13:41:46.967249+02
20230331,8741,620748.459,2026-10-07 13:41:46.967249+02,2026-10-07 13:41:46.967249+02
20230331,8742,25091.295,2026-10-07 13:41:46.967249+02,2026-10-07 13:41:46.967249+02
20230331,8743,13465.864,2026-10-07 13:41:46.967249+02,2026-10-07 13:41:46.967249+02
20230331,8744,444.431,2026-10-07 13:41:46.967249+02,2026-10-07 13:41:46.967249+02
20230331,8745,486.897,2026-10-07 13:41:46.967249+02,2026-10-07 13:41:46.967249+02
20230401,8741,554864.197,2026-10-07 13:41:46.967249+02,2026-10-07 13:41:46.967249+02
20230401,8742,23379.554,2026-10-07 13:41:46.967249+02,2026-10-07 13:41:46.967249+02
20230401,8743,12873.586,2026-10-07 13:41:46.967249+02,2026-10-07 13:41:46.967249+02
20230401,8744,460.369,2026-10-07 13:41:46.967249+02,2026-10-07 13:41:46.967249+02
20230401,8745,468.849,2026-10-07 13:41:46.967249+02,2026-10-07 13:41:46.967249+02
20230402,8741,513971.486,2026-10-07 13:41:46.967249+02,2026-10-07 13:41:46.967249+02
20230402,8742,21677.576,2026-10-07 13:41:46.967249+02,2026-10-07 13:41:46.967249+02
20230402,8743,12334.314,2026-10-07 13:41:46.967249+02,2026-10-07 13:41:46.967249+02
20230402,8744,447.602,2026-10-07 13:41:46.967249+02,2026-10-07 13:41:46.967249+02
20230402,8745,443.946,2026-10-07 13:41:46.967249+02,2026-10-07 13:41:46.967249+02
20230403,8741,600647.018,2026-10-07 13:41:46.967249+02,2026-10-07 13:41:46.967249+02
20230403,8742,23533.672,2026-10-07 13:41:46.967249+02,2026-10-07 13:41:46.967249+02
20230403,8743,13943.900,2026-10-07 13:41:46.967249+02,2026-10-07 13:41:46.967249+02
20230403,8744,468.196,2026-10-07 13:41:46.967249+02,2026-10-07 13:41:46.967249+02
20230403,8745,480.025,2026-10-07 13:41:46.967249+02,2026-10-07 13:41:46.967249+02
20230404,8741,613530.565,2026-10-07 13:41:46.967249+02,2026-10-07 13:41:46.967249+02
20230404,8742,23186.823,2026-10-07 13:41:46.967249+02,2026-10-07 13:41:46.967249+02
20230404,8743,14373.220,2026-10-07 13:41:46.967249+02,2026-10-07 13:41:46.967249+02
20230404,8744,444.325,2026-10-07 13:41:46.967249+02,2026-10-07 13:41:46.967249+02
20230404,8745,481.102,2026-10-07 13:41:46.967249+02,2026-10-07 13:41:46.967249+02
20230405,8741,601346.013,2026-10-07 13:41:46.967249+02,2026-10-07 13:41:46.967249+02
20230405,8742,23157.523,2026-10-07 13:41:46.967249+02,2026-10-07 13:41:46.967249+02
20230405,8743,14215.375,2026-10-07 13:41:46.967249+02,2026-10-07 13:41:46.967249+02
20230405,8744,438.190,2026-10-07 13:41:46.967249+02,2026-10-07 13:41:46.967249+02
20230405,8745,474.726,2026-10-07 13:41:46.967249+02,2026-10-07 13:41:46.967249+02
20230406,8741,528753.219,2026-10-07 13:41:46.967249+02,2026-10-07 13:41:46.967249+02
20230406,8742,21776.879,2026-10-07 13:41:46.967249+02,2026-10-07 13:41:46.967249+02
20230406,8743,13506.796,2026-10-07 13:41:46.967249+02,2026-10-07 13:41:46.967249+02
20230406,8744,423.459,2026-10-07 13:41:46.967249+02,2026-10-07 13:41:46.967249+02
20230406,8745,429.099,2026-10-07 13:41:46.967249+02,2026-10-07 13:41:46.967249+02
20230407,8741,483605.044,2026-10-07 13:41:46.967249+02,2026-10-07 13:41:46.967249+02
20230407,8742,21004.403,2026-10-07 13:41:46.967249+02,2026-10-07 13:41:46.967249+02
20230407,8743,13077.089,2026-10-07 13:41:46.967249+02,2026-10-07 13:41:46.967249+02
20230407,8744,420.537,2026-10-07 13:41:46.967249+02,2026-10-07 13:41:46.967249+02
20230407,8745,442.466,2026-10-07 13:41:46.967249+02,2026-10-07 13:41:46.967249+02
20230408,8741,495385.907,2026-10-07 13:41:46.967249+02,2026-10-07 13:41:46.967249+02
20230408,8742,21725.395,2026-10-07 13:41:46.967249+02,2026-10-07 13:41:46.967249+02
20230408,8743,13330.139,2026-10-07 13:41:46.967249+02,2026-10-07 13:41:46.967249+02
20230408,8744,443.983,2026-10-07 13:41:46.967249+02,2026-10-07 13:41:46.967249+02
20230408,8745,454.305,2026-10-07 13:41:46.967249+02,2026-10-07 13:41:46.967249+02
20230409,8741,474941.169,2026-10-07 13:41:46.967249+02,2026-10-07 13:41:46.967249+02
20230409,8742,20474.902,2026-10-07 13:41:46.967249+02,2026-10-07 13:41:46.967249+02
20230409,8743,12630.684,2026-10-07 13:41:46.967249+02,2026-10-07 13:41:46.967249+02
20230409,8744,454.731,2026-10-07 13:41:46.967249+02,2026-10-07 13:41:46.967249+02
20230409,8745,446.374,2026-10-07 13:41:46.967249+02,2026-10-07 13:41:46.967249+02
20230410,8741,526135.524,2026-10-07 13:41:46.967249+02,2026-10-07 13:41:46.967249+02
20230410,8742,22903.180,2026-10-07 13:41:46.967249+02,2026-10-07 13:41:46.967249+02
20230410,8743,12903.488,2026-10-07 13:41:46.967249+02,2026-10-07 13:41:46.967249+02
20230410,8744,482.007,2026-10-07 13:41:46.967249+02,2026-10-07 13:41:46.967249+02
20230410,8745,491.663,2026-10-07 13:41:46.967249+02,2026-10-07 13:41:46.967249+02
20230411,8741,593818.644,2026-10-07 13:41:46.967249+02,2026-10-07 13:41:46.967249+02
20230411,8742,23386.751,2026-10-07 13:41:46.967249+02,2026-10-07 13:41:46.967249+02
20230411,8743,13610.758,2026-10-07 13:41:46.967249+02,2026-10-07 13:41:46.967249+02
20230411,8744,486.655,2026-10-07 13:41:46.967249+02,2026-10-07 13:41:46.967249+02
20230411,8745,499.329,2026-10-07 13:41:46.967249+02,2026-10-07 13:41:46.967249+02
20230412,8741,621987.522,2026-10-07 13:41:46.967249+02,2026-10-07 13:41:46.967249+02
20230412,8742,23428.428,2026-10-07 13:41:46.967249+02,2026-10-07 13:41:46.967249+02
20230412,8743,13711.178,2026-10-07 13:41:46.967249+02,2026-10-07 13:41:46.967249+02
20230412,8744,482.409,2026-10-07 13:41:46.967249+02,2026-10-07 13:41:46.967249+02
20230412,8745,505.663,2026-10-07 13:41:46.967249+02,2026-10-07 13:41:46.967249+02
20230413,8741,619697.175,2026-10-07 13:41:46.967249+02,2026-10-07 13:41:46.967249+02
20230413,8742,23823.377,2026-10-07 13:41:46.967249+02,2026-10-07 13:41:46.967249+02
20230413,8743,14031.609,2026-10-07 13:41:46.967249+02,2026-10-07 13:41:46.967249+02
20230413,8744,478.632,2026-10-07 13:41:46.967249+02,2026-10-07 13:41:46.967249+02
20230413,8745,501.521,2026-10-07 13:41:46.967249+02,2026-10-07 13:41:46.967249+02
20230414,8741,625510.450,2026-10-07 13:41:46.967249+02,2026-10-07 13:41:46.967249+02
20230414,8742,23614.425,2026-10-07 13:41:46.967249+02,2026-10-07 13:41:46.967249+02
20230414,8743,13936.885,2026-10-07 13:41:46.967249+02,2026-10-07 13:41:46.967249+02
20230414,8744,460.286,2026-10-07 13:41:46.967249+02,2026-10-07 13:41:46.967249+02
20230414,8745,500.589,2026-10-07 13:41:46.967249+02,2026-10-07 13:41:46.967249+02
20230415,8741,555837.308,2026-10-07 13:41:46.967249+02,2026-10-07 13:41:46.967249+02
20230415,8742,22427.234,2026-10-07 13:41:46.967249+02,2026-10-07 13:41:46.967249+02
20230415,8743,13220.852,2026-10-07 13:41:46.967249+02,2026-10-07 13:41:46.967249+02
20230415,8744,475.161,2026-10-07 13:41:46.967249+02,2026-10-07 13:41:46.967249+02
20230415,8745,481.011,2026-10-07 13:41:46.967249+02,2026-10-07 13:41:46.967249+02
20230416,8741,512310.150,2026-10-07 13:41:46.967249+02,2026-10-07 13:41:46.967249+02
20230416,8742,21372.977,2026-10-07 13:41:46.967249+02,2026-10-07 13:41:46.967249+02
20230416,8743,12621.164,2026-10-07 13:41:46.967249+02,2026-10-07 13:41:46.967249+02
20230416,8744,463.601,2026-10-07 13:41:46.967249+02,2026-10-07 13:41:46.967249+02
20230416,8745,463.372,2026-10-07 13:41:46.967249+02,2026-10-07 13:41:46.967249+02
20230417,8741,596323.256,2026-10-07 13:41:46.967249+02,2026-10-07 13:41:46.967249+02
20230417,8742,23633.031,2026-10-07 13:41:46.967249+02,2026-10-07 13:41:46.967249+02
20230417,8743,13882.360,2026-10-07 13:41:46.967249+02,2026-10-07 13:41:46.967249+02
20230417,8744,489.366,2026-10-07 13:41:46.967249+02,2026-10-07 13:41:46.967249+02
20230417,8745,503.132,2026-10-07 13:41:46.967249+02,2026-10-07 13:41:46.967249+02
20230418,8741,616407.293,2026-10-07 13:41:46.967249+02,2026-10-07 13:41:46.967249+02
20230418,8742,23674.151,2026-10-07 13:41:46.967249+02,2026-10-07 13:41:46.967249+02
20230418,8743,13795.933,2026-10-07 13:41:46.967249+02,2026-10-07 13:41:46.967249+02
20230418,8744,480.966,2026-10-07 13:41:46.967249+02,2026-10-07 13:41:46.967249+02
20230418,8745,507.275,2026-10-07 13:41:46.967249+02,2026-10-07 13:41:46.967249+02
20230419,8741,616503.213,2026-10-07 13:41:46.967249+02,2026-10-07 13:41:46.967249+02
20230419,8742,23677.276,2026-10-07 13:41:46.967249+02,2026-10-07 13:41:46.967249+02
20230419,8743,13794.557,2026-10-07 13:41:46.967249+02,2026-10-07 13:41:46.967249+02
20230419,8744,466.808,2026-10-07 13:41:46.967249+02,2026-10-07 13:41:46.967249+02
20230419,8745,508.719,2026-10-07 13:41:46.967249+02,2026-10-07 13:41:46.967249+02
20230420,8741,618199.405,2026-10-07 13:41:46.967249+02,2026-10-07 13:41:46.967249+02
20230420,8742,23643.013,2026-10-07 13:41:46.967249+02,2026-10-07 13:41:46.967249+02
20230420,8743,13839.533,2026-10-07 13:41:46.967249+02,2026-10-07 13:41:46.967249+02
20230420,8744,475.234,2026-10-07 13:41:46.967249+02,2026-10-07 13:41:46.967249+02
20230420,8745,496.333,2026-10-07 13:41:46.967249+02,2026-10-07 13:41:46.967249+02
20230421,8741,612675.815,2026-10-07 13:41:46.967249+02,2026-10-07 13:41:46.967249+02
20230421,8742,23544.733,2026-10-07 13:41:46.967249+02,2026-10-07 13:41:46.967249+02
20230421,8743,13843.770,2026-10-07 13:41:46.967249+02,2026-10-07 13:41:46.967249+02
20230421,8744,455.971,2026-10-07 13:41:46.967249+02,2026-10-07 13:41:46.967249+02
20230421,8745,460.031,2026-10-07 13:41:46.967249+02,2026-10-07 13:41:46.967249+02
20230422,8741,553542.736,2026-10-07 13:41:46.967249+02,2026-10-07 13:41:46.967249+02
20230422,8742,22536.376,2026-10-07 13:41:46.967249+02,2026-10-07 13:41:46.967249+02
20230422,8743,13504.472,2026-10-07 13:41:46.967249+02,2026-10-07 13:41:46.967249+02
20230422,8744,454.198,2026-10-07 13:41:46.967249+02,2026-10-07 13:41:46.967249+02
20230422,8745,458.018,2026-10-07 13:41:46.967249+02,2026-10-07 13:41:46.967249+02
20230423,8741,509787.437,2026-10-07 13:41:46.967249+02,2026-10-07 13:41:46.967249+02
20230423,8742,21084.249,2026-10-07 13:41:46.967249+02,2026-10-07 13:41:46.967249+02
20230423,8743,12639.497,2026-10-07 13:41:46.967249+02,2026-10-07 13:41:46.967249+02
20230423,8744,426.513,2026-10-07 13:41:46.967249+02,2026-10-07 13:41:46.967249+02
20230423,8745,439.187,2026-10-07 13:41:46.967249+02,2026-10-07 13:41:46.967249+02
20230424,8741,595871.961,2026-10-07 13:41:46.967249+02,2026-10-07 13:41:46.967249+02
20230424,8742,23132.646,2026-10-07 13:41:46.967249+02,2026-10-07 13:41:46.967249+02
20230424,8743,13819.184,2026-10-07 13:41:46.967249+02,2026-10-07 13:41:46.967249+02
20230424,8744,459.723,2026-10-07 13:41:46.967249+02,2026-10-07 13:41:46.967249+02
20230424,8745,495.832,2026-10-07 13:41:46.967249+02,2026-10-07 13:41:46.967249+02
20230425,8741,620672.235,2026-10-07 13:41:46.967249+02,2026-10-07 13:41:46.967249+02
20230425,8742,23392.758,2026-10-07 13:41:46.967249+02,2026-10-07 13:41:46.967249+02
20230425,8743,14022.564,2026-10-07 13:41:46.967249+02,2026-10-07 13:41:46.967249+02
20230425,8744,469.156,2026-10-07 13:41:46.967249+02,2026-10-07 13:41:46.967249+02
20230425,8745,502.447,2026-10-07 13:41:46.967249+02,2026-10-07 13:41:46.967249+02
20230426,8741,623322.157,2026-10-07 13:41:46.967249+02,2026-10-07 13:41:46.967249+02
20230426,8742,23455.049,2026-10-07 13:41:46.967249+02,2026-10-07 13:41:46.967249+02
20230426,8743,14076.614,2026-10-07 13:41:46.967249+02,2026-10-07 13:41:46.967249+02
20230426,8744,479.112,2026-10-07 13:41:46.967249+02,2026-10-07 13:41:46.967249+02
20230426,8745,520.024,2026-10-07 13:41:46.967249+02,2026-10-07 13:41:46.967249+02
20230427,8741,627945.997,2026-10-07 13:41:46.967249+02,2026-10-07 13:41:46.967249+02
20230427,8742,23702.604,2026-10-07 13:41:46.967249+02,2026-10-07 13:41:46.967249+02
20230427,8743,14182.746,2026-10-07 13:41:46.967249+02,2026-10-07 13:41:46.967249+02
20230427,8744,477.834,2026-10-07 13:41:46.967249+02,2026-10-07 13:41:46.967249+02
20230427,8745,520.131,2026-10-07 13:41:46.967249+02,2026-10-07 13:41:46.967249+02
20230428,8741,622302.105,2026-10-07 13:41:46.967249+02,2026-10-07 13:41:46.967249+02
20230428,8742,23585.950,2026-10-07 13:41:46.967249+02,2026-10-07 13:41:46.967249+02
20230428,8743,14485.412,2026-10-07 13:41:46.967249+02,2026-10-07 13:41:46.967249+02
20230428,8744,463.549,2026-10-07 13:41:46.967249+02,2026-10-07 13:41:46.967249+02
20230428,8745,517.248,2026-10-07 13:41:46.967249+02,2026-10-07 13:41:46.967249+02
20230429,8741,554456.491,2026-10-07 13:41:46.967249+02,2026-10-07 13:41:46.967249+02
20230429,8742,22296.415,2026-10-07 13:41:46.967249+02,2026-10-07 13:41:46.967249+02
20230429,8743,14398.494,2026-10-07 13:41:46.967249+02,2026-10-07 13:41:46.967249+02
20230429,8744,438.590,2026-10-07 13:41:46.967249+02,2026-10-07 13:41:46.967249+02
20230429,8745,491.722,2026-10-07 13:41:46.967249+02,2026-10-07 13:41:46.967249+02
20230430,8741,506201.350,2026-10-07 13:41:46.967249+02,2026-10-07 13:41:46.967249+02
20230430,8742,21469.201,2026-10-07 13:41:46.967249+02,2026-10-07 13:41:46.967249+02
20230430,8743,13632.435,2026-10-07 13:41:46.967249+02,2026-10-07 13:41:46.967249+02
20230430,8744,413.792,2026-10-07 13:41:46.967249+02,2026-10-07 13:41:46.967249+02
20230430,8745,477.205,2026-10-07 13:41:46.967249+02,2026-10-07 13:41:46.967249+02
20230501,8741,487875.578,2026-10-07 13:41:46.967249+02,2026-10-07 13:41:46.967249+02
20230501,8742,21457.062,2026-10-07 13:41:46.967249+02,2026-10-07 13:41:46.967249+02
20230501,8743,13674.989,2026-10-07 13:41:46.967249+02,2026-10-07 13:41:46.967249+02
20230501,8744,412.335,2026-10-07 13:41:46.967249+02,2026-10-07 13:41:46.967249+02
20230501,8745,469.349,2026-10-07 13:41:46.967249+02,2026-10-07 13:41:46.967249+02
20230502,8741,583092.868,2026-10-07 13:41:46.967249+02,2026-10-07 13:41:46.967249+02
20230502,8742,23804.083,2026-10-07 13:41:46.967249+02,2026-10-07 13:41:46.967249+02
20230502,8743,14548.696,2026-10-07 13:41:46.967249+02,2026-10-07 13:41:46.967249+02
20230502,8744,468.388,2026-10-07 13:41:46.967249+02,2026-10-07 13:41:46.967249+02
20230502,8745,520.700,2026-10-07 13:41:46.967249+02,2026-10-07 13:41:46.967249+02
20230503,8741,621273.034,2026-10-07 13:41:46.967249+02,2026-10-07 13:41:46.967249+02
20230503,8742,23920.481,2026-10-07 13:41:46.967249+02,2026-10-07 13:41:46.967249+02
20230503,8743,14553.233,2026-10-07 13:41:46.967249+02,2026-10-07 13:41:46.967249+02
20230503,8744,462.117,2026-10-07 13:41:46.967249+02,2026-10-07 13:41:46.967249+02
20230503,8745,505.982,2026-10-07 13:41:46.967249+02,2026-10-07 13:41:46.967249+02
20230504,8741,625633.836,2026-10-07 13:41:46.967249+02,2026-10-07 13:41:46.967249+02
20230504,8742,23948.548,2026-10-07 13:41:46.967249+02,2026-10-07 13:41:46.967249+02
20230504,8743,14723.523,2026-10-07 13:41:46.967249+02,2026-10-07 13:41:46.967249+02
20230504,8744,465.858,2026-10-07 13:41:46.967249+02,2026-10-07 13:41:46.967249+02
20230504,8745,519.143,2026-10-07 13:41:46.967249+02,2026-10-07 13:41:46.967249+02
20230505,8741,620062.147,2026-10-07 13:41:46.967249+02,2026-10-07 13:41:46.967249+02
20230505,8742,23692.413,2026-10-07 13:41:46.967249+02,2026-10-07 13:41:46.967249+02
20230505,8743,14877.337,2026-10-07 13:41:46.967249+02,2026-10-07 13:41:46.967249+02
20230505,8744,468.517,2026-10-07 13:41:46.967249+02,2026-10-07 13:41:46.967249+02
20230505,8745,516.509,2026-10-07 13:41:46.967249+02,2026-10-07 13:41:46.967249+02
20230506,8741,552459.209,2026-10-07 13:41:46.967249+02,2026-10-07 13:41:46.967249+02
20230506,8742,22606.432,2026-10-07 13:41:46.967249+02,2026-10-07 13:41:46.967249+02
20230506,8743,14487.367,2026-10-07 13:41:46.967249+02,2026-10-07 13:41:46.967249+02
20230506,8744,439.176,2026-10-07 13:41:46.967249+02,2026-10-07 13:41:46.967249+02
20230506,8745,493.607,2026-10-07 13:41:46.967249+02,2026-10-07 13:41:46.967249+02
20230507,8741,512327.625,2026-10-07 13:41:46.967249+02,2026-10-07 13:41:46.967249+02
20230507,8742,21167.680,2026-10-07 13:41:46.967249+02,2026-10-07 13:41:46.967249+02
20230507,8743,14113.185,2026-10-07 13:41:46.967249+02,2026-10-07 13:41:46.967249+02
20230507,8744,427.848,2026-10-07 13:41:46.967249+02,2026-10-07 13:41:46.967249+02
20230507,8745,465.747,2026-10-07 13:41:46.967249+02,2026-10-07 13:41:46.967249+02
20230508,8741,602808.983,2026-10-07 13:41:46.967249+02,2026-10-07 13:41:46.967249+02
20230508,8742,23446.858,2026-10-07 13:41:46.967249+02,2026-10-07 13:41:46.967249+02
20230508,8743,15115.880,2026-10-07 13:41:46.967249+02,2026-10-07 13:41:46.967249+02
20230508,8744,475.520,2026-10-07 13:41:46.967249+02,2026-10-07 13:41:46.967249+02
20230508,8745,522.588,2026-10-07 13:41:46.967249+02,2026-10-07 13:41:46.967249+02
20230509,8741,627932.934,2026-10-07 13:41:46.967249+02,2026-10-07 13:41:46.967249+02
20230509,8742,23946.132,2026-10-07 13:41:46.967249+02,2026-10-07 13:41:46.967249+02
20230509,8743,15184.524,2026-10-07 13:41:46.967249+02,2026-10-07 13:41:46.967249+02
20230509,8744,488.557,2026-10-07 13:41:46.967249+02,2026-10-07 13:41:46.967249+02
20230509,8745,545.002,2026-10-07 13:41:46.967249+02,2026-10-07 13:41:46.967249+02
20230510,8741,623148.675,2026-10-07 13:41:46.967249+02,2026-10-07 13:41:46.967249+02
20230510,8742,23985.358,2026-10-07 13:41:46.967249+02,2026-10-07 13:41:46.967249+02
20230510,8743,15357.903,2026-10-07 13:41:46.967249+02,2026-10-07 13:41:46.967249+02
20230510,8744,487.344,2026-10-07 13:41:46.967249+02,2026-10-07 13:41:46.967249+02
20230510,8745,551.834,2026-10-07 13:41:46.967249+02,2026-10-07 13:41:46.967249+02
20230511,8741,616824.807,2026-10-07 13:41:46.967249+02,2026-10-07 13:41:46.967249+02
20230511,8742,23845.419,2026-10-07 13:41:46.967249+02,2026-10-07 13:41:46.967249+02
20230511,8743,15436.789,2026-10-07 13:41:46.967249+02,2026-10-07 13:41:46.967249+02
20230511,8744,488.190,2026-10-07 13:41:46.967249+02,2026-10-07 13:41:46.967249+02
20230511,8745,540.435,2026-10-07 13:41:46.967249+02,2026-10-07 13:41:46.967249+02
20230512,8741,616384.839,2026-10-07 13:41:46.967249+02,2026-10-07 13:41:46.967249+02
20230512,8742,23693.847,2026-10-07 13:41:46.967249+02,2026-10-07 13:41:46.967249+02
20230512,8743,15092.719,2026-10-07 13:41:46.967249+02,2026-10-07 13:41:46.967249+02
20230512,8744,479.248,2026-10-07 13:41:46.967249+02,2026-10-07 13:41:46.967249+02
20230512,8745,533.602,2026-10-07 13:41:46.967249+02,2026-10-07 13:41:46.967249+02
20230513,8741,547544.469,2026-10-07 13:41:46.967249+02,2026-10-07 13:41:46.967249+02
20230513,8742,22277.786,2026-10-07 13:41:46.967249+02,2026-10-07 13:41:46.967249+02
20230513,8743,14570.380,2026-10-07 13:41:46.967249+02,2026-10-07 13:41:46.967249+02
20230513,8744,438.944,2026-10-07 13:41:46.967249+02,2026-10-07 13:41:46.967249+02
20230513,8745,474.504,2026-10-07 13:41:46.967249+02,2026-10-07 13:41:46.967249+02
20230514,8741,506750.490,2026-10-07 13:41:46.967249+02,2026-10-07 13:41:46.967249+02
20230514,8742,20934.227,2026-10-07 13:41:46.967249+02,2026-10-07 13:41:46.967249+02
20230514,8743,13806.269,2026-10-07 13:41:46.967249+02,2026-10-07 13:41:46.967249+02
20230514,8744,419.737,2026-10-07 13:41:46.967249+02,2026-10-07 13:41:46.967249+02
20230514,8745,447.789,2026-10-07 13:41:46.967249+02,2026-10-07 13:41:46.967249+02
20230515,8741,592747.469,2026-10-07 13:41:46.967249+02,2026-10-07 13:41:46.967249+02
20230515,8742,23011.841,2026-10-07 13:41:46.967249+02,2026-10-07 13:41:46.967249+02
20230515,8743,14867.118,2026-10-07 13:41:46.967249+02,2026-10-07 13:41:46.967249+02
20230515,8744,477.253,2026-10-07 13:41:46.967249+02,2026-10-07 13:41:46.967249+02
20230515,8745,516.283,2026-10-07 13:41:46.967249+02,2026-10-07 13:41:46.967249+02
20230516,8741,612149.854,2026-10-07 13:41:46.967249+02,2026-10-07 13:41:46.967249+02
20230516,8742,23431.782,2026-10-07 13:41:46.967249+02,2026-10-07 13:41:46.967249+02
20230516,8743,15167.879,2026-10-07 13:41:46.967249+02,2026-10-07 13:41:46.967249+02
20230516,8744,471.286,2026-10-07 13:41:46.967249+02,2026-10-07 13:41:46.967249+02
20230516,8745,529.148,2026-10-07 13:41:46.967249+02,2026-10-07 13:41:46.967249+02
20230517,8741,603628.790,2026-10-07 13:41:46.967249+02,2026-10-07 13:41:46.967249+02
20230517,8742,23377.935,2026-10-07 13:41:46.967249+02,2026-10-07 13:41:46.967249+02
20230517,8743,15136.320,2026-10-07 13:41:46.967249+02,2026-10-07 13:41:46.967249+02
20230517,8744,474.346,2026-10-07 13:41:46.967249+02,2026-10-07 13:41:46.967249+02
20230517,8745,515.215,2026-10-07 13:41:46.967249+02,2026-10-07 13:41:46.967249+02
20230518,8741,611445.492,2026-10-07 13:41:46.967249+02,2026-10-07 13:41:46.967249+02
20230518,8742,23484.645,2026-10-07 13:41:46.967249+02,2026-10-07 13:41:46.967249+02
20230518,8743,15225.099,2026-10-07 13:41:46.967249+02,2026-10-07 13:41:46.967249+02
20230518,8744,468.724,2026-10-07 13:41:46.967249+02,2026-10-07 13:41:46.967249+02
20230518,8745,513.850,2026-10-07 13:41:46.967249+02,2026-10-07 13:41:46.967249+02
20230519,8741,606903.394,2026-10-07 13:41:46.967249+02,2026-10-07 13:41:46.967249+02
20230519,8742,23322.615,2026-10-07 13:41:46.967249+02,2026-10-07 13:41:46.967249+02
20230519,8743,15347.989,2026-10-07 13:41:46.967249+02,2026-10-07 13:41:46.967249+02
20230519,8744,455.879,2026-10-07 13:41:46.967249+02,2026-10-07 13:41:46.967249+02
20230519,8745,504.364,2026-10-07 13:41:46.967249+02,2026-10-07 13:41:46.967249+02
20230520,8741,538346.091,2026-10-07 13:41:46.967249+02,2026-10-07 13:41:46.967249+02
20230520,8742,22208.125,2026-10-07 13:41:46.967249+02,2026-10-07 13:41:46.967249+02
20230520,8743,14782.634,2026-10-07 13:41:46.967249+02,2026-10-07 13:41:46.967249+02
20230520,8744,424.292,2026-10-07 13:41:46.967249+02,2026-10-07 13:41:46.967249+02
20230520,8745,477.682,2026-10-07 13:41:46.967249+02,2026-10-07 13:41:46.967249+02
20230521,8741,499501.311,2026-10-07 13:41:46.967249+02,2026-10-07 13:41:46.967249+02
20230521,8742,21015.523,2026-10-07 13:41:46.967249+02,2026-10-07 13:41:46.967249+02
20230521,8743,14072.362,2026-10-07 13:41:46.967249+02,2026-10-07 13:41:46.967249+02
20230521,8744,419.850,2026-10-07 13:41:46.967249+02,2026-10-07 13:41:46.967249+02
20230521,8745,457.936,2026-10-07 13:41:46.967249+02,2026-10-07 13:41:46.967249+02
20230522,8741,599872.150,2026-10-07 13:41:46.967249+02,2026-10-07 13:41:46.967249+02
20230522,8742,23141.241,2026-10-07 13:41:46.967249+02,2026-10-07 13:41:46.967249+02
20230522,8743,15468.484,2026-10-07 13:41:46.967249+02,2026-10-07 13:41:46.967249+02
20230522,8744,444.645,2026-10-07 13:41:46.967249+02,2026-10-07 13:41:46.967249+02
20230522,8745,495.961,2026-10-07 13:41:46.967249+02,2026-10-07 13:41:46.967249+02
20230523,8741,614415.366,2026-10-07 13:41:46.967249+02,2026-10-07 13:41:46.967249+02
20230523,8742,23370.701,2026-10-07 13:41:46.967249+02,2026-10-07 13:41:46.967249+02
20230523,8743,15462.899,2026-10-07 13:41:46.967249+02,2026-10-07 13:41:46.967249+02
20230523,8744,451.950,2026-10-07 13:41:46.967249+02,2026-10-07 13:41:46.967249+02
20230523,8745,498.019,2026-10-07 13:41:46.967249+02,2026-10-07 13:41:46.967249+02
20230524,8741,610483.004,2026-10-07 13:41:46.967249+02,2026-10-07 13:41:46.967249+02
20230524,8742,23461.461,2026-10-07 13:41:46.967249+02,2026-10-07 13:41:46.967249+02
20230524,8743,15362.500,2026-10-07 13:41:46.967249+02,2026-10-07 13:41:46.967249+02
20230524,8744,466.862,2026-10-07 13:41:46.967249+02,2026-10-07 13:41:46.967249+02
20230524,8745,505.754,2026-10-07 13:41:46.967249+02,2026-10-07 13:41:46.967249+02
20230525,8741,611703.921,2026-10-07 13:41:46.967249+02,2026-10-07 13:41:46.967249+02
20230525,8742,23528.669,2026-10-07 13:41:46.967249+02,2026-10-07 13:41:46.967249+02
20230525,8743,15513.848,2026-10-07 13:41:46.967249+02,2026-10-07 13:41:46.967249+02
20230525,8744,471.635,2026-10-07 13:41:46.967249+02,2026-10-07 13:41:46.967249+02
20230525,8745,506.639,2026-10-07 13:41:46.967249+02,2026-10-07 13:41:46.967249+02
20230526,8741,598324.068,2026-10-07 13:41:46.967249+02,2026-10-07 13:41:46.967249+02
20230526,8742,23478.261,2026-10-07 13:41:46.967249+02,2026-10-07 13:41:46.967249+02
20230526,8743,15492.734,2026-10-07 13:41:46.967249+02,2026-10-07 13:41:46.967249+02
20230526,8744,454.376,2026-10-07 13:41:46.967249+02,2026-10-07 13:41:46.967249+02
20230526,8745,500.183,2026-10-07 13:41:46.967249+02,2026-10-07 13:41:46.967249+02
20230527,8741,528251.222,2026-10-07 13:41:46.967249+02,2026-10-07 13:41:46.967249+02
20230527,8742,22342.810,2026-10-07 13:41:46.967249+02,2026-10-07 13:41:46.967249+02
20230527,8743,15024.158,2026-10-07 13:41:46.967249+02,2026-10-07 13:41:46.967249+02
20230527,8744,438.504,2026-10-07 13:41:46.967249+02,2026-10-07 13:41:46.967249+02
20230527,8745,491.814,2026-10-07 13:41:46.967249+02,2026-10-07 13:41:46.967249+02
20230528,8741,484638.792,2026-10-07 13:41:46.967249+02,2026-10-07 13:41:46.967249+02
20230528,8742,20991.715,2026-10-07 13:41:46.967249+02,2026-10-07 13:41:46.967249+02
20230528,8743,14768.718,2026-10-07 13:41:46.967249+02,2026-10-07 13:41:46.967249+02
20230528,8744,422.460,2026-10-07 13:41:46.967249+02,2026-10-07 13:41:46.967249+02
20230528,8745,463.930,2026-10-07 13:41:46.967249+02,2026-10-07 13:41:46.967249+02
20230529,8741,581594.524,2026-10-07 13:41:46.967249+02,2026-10-07 13:41:46.967249+02
20230529,8742,23011.900,2026-10-07 13:41:46.967249+02,2026-10-07 13:41:46.967249+02
20230529,8743,15778.968,2026-10-07 13:41:46.967249+02,2026-10-07 13:41:46.967249+02
20230529,8744,467.269,2026-10-07 13:41:46.967249+02,2026-10-07 13:41:46.967249+02
20230529,8745,513.714,2026-10-07 13:41:46.967249+02,2026-10-07 13:41:46.967249+02
20230530,8741,600423.041,2026-10-07 13:41:46.967249+02,2026-10-07 13:41:46.967249+02
20230530,8742,21390.980,2026-10-07 13:41:46.967249+02,2026-10-07 13:41:46.967249+02
20230530,8743,15695.502,2026-10-07 13:41:46.967249+02,2026-10-07 13:41:46.967249+02
20230530,8744,461.431,2026-10-07 13:41:46.967249+02,2026-10-07 13:41:46.967249+02
20230530,8745,463.375,2026-10-07 13:41:46.967249+02,2026-10-07 13:41:46.967249+02
20230531,8741,600023.296,2026-10-07 13:41:46.967249+02,2026-10-07 13:41:46.967249+02
20230531,8742,23469.163,2026-10-07 13:41:46.967249+02,2026-10-07 13:41:46.967249+02
20230531,8743,15643.890,2026-10-07 13:41:46.967249+02,2026-10-07 13:41:46.967249+02
20230531,8744,479.972,2026-10-07 13:41:46.967249+02,2026-10-07 13:41:46.967249+02
20230531,8745,443.334,2026-10-07 13:41:46.967249+02,2026-10-07 13:41:46.967249+02
20230601,8741,609280.272,2026-10-07 13:41:46.967249+02,2026-10-07 13:41:46.967249+02
20230601,8742,24006.106,2026-10-07 13:41:46.967249+02,2026-10-07 13:41:46.967249+02
20230601,8743,15731.977,2026-10-07 13:41:46.967249+02,2026-10-07 13:41:46.967249+02
20230601,8744,478.708,2026-10-07 13:41:46.967249+02,2026-10-07 13:41:46.967249+02
20230601,8745,445.613,2026-10-07 13:41:46.967249+02,2026-10-07 13:41:46.967249+02
20230602,8741,601945.648,2026-10-07 13:41:46.967249+02,2026-10-07 13:41:46.967249+02
20230602,8742,23994.251,2026-10-07 13:41:46.967249+02,2026-10-07 13:41:46.967249+02
20230602,8743,15824.688,2026-10-07 13:41:46.967249+02,2026-10-07 13:41:46.967249+02
20230602,8744,474.821,2026-10-07 13:41:46.967249+02,2026-10-07 13:41:46.967249+02
20230602,8745,439.080,2026-10-07 13:41:46.967249+02,2026-10-07 13:41:46.967249+02
20230603,8741,532835.322,2026-10-07 13:41:46.967249+02,2026-10-07 13:41:46.967249+02
20230603,8742,22740.405,2026-10-07 13:41:46.967249+02,2026-10-07 13:41:46.967249+02
20230603,8743,15312.762,2026-10-07 13:41:46.967249+02,2026-10-07 13:41:46.967249+02
20230603,8744,462.172,2026-10-07 13:41:46.967249+02,2026-10-07 13:41:46.967249+02
20230603,8745,414.080,2026-10-07 13:41:46.967249+02,2026-10-07 13:41:46.967249+02
20230604,8741,492773.086,2026-10-07 13:41:46.967249+02,2026-10-07 13:41:46.967249+02
20230604,8742,21604.425,2026-10-07 13:41:46.967249+02,2026-10-07 13:41:46.967249+02
20230604,8743,14729.104,2026-10-07 13:41:46.967249+02,2026-10-07 13:41:46.967249+02
20230604,8744,450.565,2026-10-07 13:41:46.967249+02,2026-10-07 13:41:46.967249+02
20230604,8745,438.067,2026-10-07 13:41:46.967249+02,2026-10-07 13:41:46.967249+02
20230605,8741,591081.371,2026-10-07 13:41:46.967249+02,2026-10-07 13:41:46.967249+02
20230605,8742,24062.858,2026-10-07 13:41:46.967249+02,2026-10-07 13:41:46.967249+02
20230605,8743,15990.998,2026-10-07 13:41:46.967249+02,2026-10-07 13:41:46.967249+02
20230605,8744,499.502,2026-10-07 13:41:46.967249+02,2026-10-07 13:41:46.967249+02
20230605,8745,530.969,2026-10-07 13:41:46.967249+02,2026-10-07 13:41:46.967249+02
20230606,8741,618985.044,2026-10-07 13:41:46.967249+02,2026-10-07 13:41:46.967249+02
20230606,8742,24400.871,2026-10-07 13:41:46.967249+02,2026-10-07 13:41:46.967249+02
20230606,8743,16216.234,2026-10-07 13:41:46.967249+02,2026-10-07 13:41:46.967249+02
20230606,8744,507.666,2026-10-07 13:41:46.967249+02,2026-10-07 13:41:46.967249+02
20230606,8745,539.853,2026-10-07 13:41:46.967249+02,2026-10-07 13:41:46.967249+02
20230607,8741,632970.903,2026-10-07 13:41:46.967249+02,2026-10-07 13:41:46.967249+02
20230607,8742,24512.711,2026-10-07 13:41:46.967249+02,2026-10-07 13:41:46.967249+02
20230607,8743,16722.389,2026-10-07 13:41:46.967249+02,2026-10-07 13:41:46.967249+02
20230607,8744,489.065,2026-10-07 13:41:46.967249+02,2026-10-07 13:41:46.967249+02
20230607,8745,544.088,2026-10-07 13:41:46.967249+02,2026-10-07 13:41:46.967249+02
20230608,8741,624712.859,2026-10-07 13:41:46.967249+02,2026-10-07 13:41:46.967249+02
20230608,8742,24252.098,2026-10-07 13:41:46.967249+02,2026-10-07 13:41:46.967249+02
20230608,8743,16873.404,2026-10-07 13:41:46.967249+02,2026-10-07 13:41:46.967249+02
20230608,8744,492.282,2026-10-07 13:41:46.967249+02,2026-10-07 13:41:46.967249+02
20230608,8745,542.542,2026-10-07 13:41:46.967249+02,2026-10-07 13:41:46.967249+02
20230609,8741,615033.752,2026-10-07 13:41:46.967249+02,2026-10-07 13:41:46.967249+02
20230609,8742,24192.695,2026-10-07 13:41:46.967249+02,2026-10-07 13:41:46.967249+02
20230609,8743,17171.471,2026-10-07 13:41:46.967249+02,2026-10-07 13:41:46.967249+02
20230609,8744,492.318,2026-10-07 13:41:46.967249+02,2026-10-07 13:41:46.967249+02
20230609,8745,541.707,2026-10-07 13:41:46.967249+02,2026-10-07 13:41:46.967249+02
20230610,8741,544918.879,2026-10-07 13:41:46.967249+02,2026-10-07 13:41:46.967249+02
20230610,8742,22832.249,2026-10-07 13:41:46.967249+02,2026-10-07 13:41:46.967249+02
20230610,8743,16711.793,2026-10-07 13:41:46.967249+02,2026-10-07 13:41:46.967249+02
20230610,8744,462.815,2026-10-07 13:41:46.967249+02,2026-10-07 13:41:46.967249+02
20230610,8745,508.481,2026-10-07 13:41:46.967249+02,2026-10-07 13:41:46.967249+02
20230611,8741,507945.416,2026-10-07 13:41:46.967249+02,2026-10-07 13:41:46.967249+02
20230611,8742,21390.646,2026-10-07 13:41:46.967249+02,2026-10-07 13:41:46.967249+02
20230611,8743,16120.694,2026-10-07 13:41:46.967249+02,2026-10-07 13:41:46.967249+02
20230611,8744,446.057,2026-10-07 13:41:46.967249+02,2026-10-07 13:41:46.967249+02
20230611,8745,483.540,2026-10-07 13:41:46.967249+02,2026-10-07 13:41:46.967249+02
20230612,8741,611459.773,2026-10-07 13:41:46.967249+02,2026-10-07 13:41:46.967249+02
20230612,8742,24154.160,2026-10-07 13:41:46.967249+02,2026-10-07 13:41:46.967249+02
20230612,8743,17623.619,2026-10-07 13:41:46.967249+02,2026-10-07 13:41:46.967249+02
20230612,8744,492.997,2026-10-07 13:41:46.967249+02,2026-10-07 13:41:46.967249+02
20230612,8745,556.098,2026-10-07 13:41:46.967249+02,2026-10-07 13:41:46.967249+02
20230613,8741,628651.306,2026-10-07 13:41:46.967249+02,2026-10-07 13:41:46.967249+02
20230613,8742,23951.876,2026-10-07 13:41:46.967249+02,2026-10-07 13:41:46.967249+02
20230613,8743,17936.950,2026-10-07 13:41:46.967249+02,2026-10-07 13:41:46.967249+02
20230613,8744,453.680,2026-10-07 13:41:46.967249+02,2026-10-07 13:41:46.967249+02
20230613,8745,554.617,2026-10-07 13:41:46.967249+02,2026-10-07 13:41:46.967249+02
20230614,8741,632363.755,2026-10-07 13:41:46.967249+02,2026-10-07 13:41:46.967249+02
20230614,8742,23869.897,2026-10-07 13:41:46.967249+02,2026-10-07 13:41:46.967249+02
20230614,8743,17740.575,2026-10-07 13:41:46.967249+02,2026-10-07 13:41:46.967249+02
20230614,8744,494.749,2026-10-07 13:41:46.967249+02,2026-10-07 13:41:46.967249+02
20230614,8745,562.749,2026-10-07 13:41:46.967249+02,2026-10-07 13:41:46.967249+02
20230615,8741,642427.819,2026-10-07 13:41:46.967249+02,2026-10-07 13:41:46.967249+02
20230615,8742,24073.754,2026-10-07 13:41:46.967249+02,2026-10-07 13:41:46.967249+02
20230615,8743,18081.219,2026-10-07 13:41:46.967249+02,2026-10-07 13:41:46.967249+02
20230615,8744,524.095,2026-10-07 13:41:46.967249+02,2026-10-07 13:41:46.967249+02
20230615,8745,574.671,2026-10-07 13:41:46.967249+02,2026-10-07 13:41:46.967249+02
20230616,8741,652252.186,2026-10-07 13:41:46.967249+02,2026-10-07 13:41:46.967249+02
20230616,8742,24307.889,2026-10-07 13:41:46.967249+02,2026-10-07 13:41:46.967249+02
20230616,8743,18254.793,2026-10-07 13:41:46.967249+02,2026-10-07 13:41:46.967249+02
20230616,8744,522.527,2026-10-07 13:41:46.967249+02,2026-10-07 13:41:46.967249+02
20230616,8745,583.757,2026-10-07 13:41:46.967249+02,2026-10-07 13:41:46.967249+02
20230617,8741,585902.422,2026-10-07 13:41:46.967249+02,2026-10-07 13:41:46.967249+02
20230617,8742,23088.330,2026-10-07 13:41:46.967249+02,2026-10-07 13:41:46.967249+02
20230617,8743,17610.345,2026-10-07 13:41:46.967249+02,2026-10-07 13:41:46.967249+02
20230617,8744,510.841,2026-10-07 13:41:46.967249+02,2026-10-07 13:41:46.967249+02
20230617,8745,553.383,2026-10-07 13:41:46.967249+02,2026-10-07 13:41:46.967249+02
20230618,8741,537971.287,2026-10-07 13:41:46.967249+02,2026-10-07 13:41:46.967249+02
20230618,8742,21900.107,2026-10-07 13:41:46.967249+02,2026-10-07 13:41:46.967249+02
20230618,8743,17089.029,2026-10-07 13:41:46.967249+02,2026-10-07 13:41:46.967249+02
20230618,8744,474.187,2026-10-07 13:41:46.967249+02,2026-10-07 13:41:46.967249+02
20230618,8745,519.762,2026-10-07 13:41:46.967249+02,2026-10-07 13:41:46.967249+02
20230619,8741,639315.279,2026-10-07 13:41:46.967249+02,2026-10-07 13:41:46.967249+02
20230619,8742,24824.674,2026-10-07 13:41:46.967249+02,2026-10-07 13:41:46.967249+02
20230619,8743,19669.787,2026-10-07 13:41:46.967249+02,2026-10-07 13:41:46.967249+02
20230619,8744,495.537,2026-10-07 13:41:46.967249+02,2026-10-07 13:41:46.967249+02
20230619,8745,591.074,2026-10-07 13:41:46.967249+02,2026-10-07 13:41:46.967249+02
20230620,8741,657875.183,2026-10-07 13:41:46.967249+02,2026-10-07 13:41:46.967249+02
20230620,8742,24976.835,2026-10-07 13:41:46.967249+02,2026-10-07 13:41:46.967249+02
20230620,8743,20726.568,2026-10-07 13:41:46.967249+02,2026-10-07 13:41:46.967249+02
20230620,8744,519.434,2026-10-07 13:41:46.967249+02,2026-10-07 13:41:46.967249+02
20230620,8745,605.351,2026-10-07 13:41:46.967249+02,2026-10-07 13:41:46.967249+02
20230621,8741,667496.900,2026-10-07 13:41:46.967249+02,2026-10-07 13:41:46.967249+02
20230621,8742,25112.077,2026-10-07 13:41:46.967249+02,2026-10-07 13:41:46.967249+02
20230621,8743,21229.428,2026-10-07 13:41:46.967249+02,2026-10-07 13:41:46.967249+02
20230621,8744,526.617,2026-10-07 13:41:46.967249+02,2026-10-07 13:41:46.967249+02
20230621,8745,610.939,2026-10-07 13:41:46.967249+02,2026-10-07 13:41:46.967249+02
20230622,8741,662026.023,2026-10-07 13:41:46.967249+02,2026-10-07 13:41:46.967249+02
20230622,8742,25086.176,2026-10-07 13:41:46.967249+02,2026-10-07 13:41:46.967249+02
20230622,8743,21171.324,2026-10-07 13:41:46.967249+02,2026-10-07 13:41:46.967249+02
20230622,8744,534.706,2026-10-07 13:41:46.967249+02,2026-10-07 13:41:46.967249+02
20230622,8745,603.854,2026-10-07 13:41:46.967249+02,2026-10-07 13:41:46.967249+02
20230623,8741,658790.360,2026-10-07 13:41:46.967249+02,2026-10-07 13:41:46.967249+02
20230623,8742,24857.273,2026-10-07 13:41:46.967249+02,2026-10-07 13:41:46.967249+02
20230623,8743,20617.929,2026-10-07 13:41:46.967249+02,2026-10-07 13:41:46.967249+02
20230623,8744,525.343,2026-10-07 13:41:46.967249+02,2026-10-07 13:41:46.967249+02
20230623,8745,622.636,2026-10-07 13:41:46.967249+02,2026-10-07 13:41:46.967249+02
20230624,8741,584487.292,2026-10-07 13:41:46.967249+02,2026-10-07 13:41:46.967249+02
20230624,8742,22990.515,2026-10-07 13:41:46.967249+02,2026-10-07 13:41:46.967249+02
20230624,8743,19601.350,2026-10-07 13:41:46.967249+02,2026-10-07 13:41:46.967249+02
20230624,8744,504.980,2026-10-07 13:41:46.967249+02,2026-10-07 13:41:46.967249+02
20230624,8745,592.145,2026-10-07 13:41:46.967249+02,2026-10-07 13:41:46.967249+02
20230625,8741,573673.691,2026-10-07 13:41:46.967249+02,2026-10-07 13:41:46.967249+02
20230625,8742,22186.219,2026-10-07 13:41:46.967249+02,2026-10-07 13:41:46.967249+02
20230625,8743,19073.858,2026-10-07 13:41:46.967249+02,2026-10-07 13:41:46.967249+02
20230625,8744,509.318,2026-10-07 13:41:46.967249+02,2026-10-07 13:41:46.967249+02
20230625,8745,568.952,2026-10-07 13:41:46.967249+02,2026-10-07 13:41:46.967249+02
20230626,8741,705566.266,2026-10-07 13:41:46.967249+02,2026-10-07 13:41:46.967249+02
20230626,8742,25110.638,2026-10-07 13:41:46.967249+02,2026-10-07 13:41:46.967249+02
20230626,8743,21144.610,2026-10-07 13:41:46.967249+02,2026-10-07 13:41:46.967249+02
20230626,8744,564.161,2026-10-07 13:41:46.967249+02,2026-10-07 13:41:46.967249+02
20230626,8745,632.478,2026-10-07 13:41:46.967249+02,2026-10-07 13:41:46.967249+02
20230627,8741,724005.852,2026-10-07 13:41:46.967249+02,2026-10-07 13:41:46.967249+02
20230627,8742,25541.051,2026-10-07 13:41:46.967249+02,2026-10-07 13:41:46.967249+02
20230627,8743,21541.395,2026-10-07 13:41:46.967249+02,2026-10-07 13:41:46.967249+02
20230627,8744,550.569,2026-10-07 13:41:46.967249+02,2026-10-07 13:41:46.967249+02
20230627,8745,647.139,2026-10-07 13:41:46.967249+02,2026-10-07 13:41:46.967249+02
20230628,8741,728421.550,2026-10-07 13:41:46.967249+02,2026-10-07 13:41:46.967249+02
20230628,8742,26247.478,2026-10-07 13:41:46.967249+02,2026-10-07 13:41:46.967249+02
20230628,8743,21738.851,2026-10-07 13:41:46.967249+02,2026-10-07 13:41:46.967249+02
20230628,8744,542.407,2026-10-07 13:41:46.967249+02,2026-10-07 13:41:46.967249+02
20230628,8745,646.150,2026-10-07 13:41:46.967249+02,2026-10-07 13:41:46.967249+02
20230629,8741,722054.280,2026-10-07 13:41:46.967249+02,2026-10-07 13:41:46.967249+02
20230629,8742,26208.897,2026-10-07 13:41:46.967249+02,2026-10-07 13:41:46.967249+02
20230629,8743,21774.047,2026-10-07 13:41:46.967249+02,2026-10-07 13:41:46.967249+02
20230629,8744,474.908,2026-10-07 13:41:46.967249+02,2026-10-07 13:41:46.967249+02
20230629,8745,560.214,2026-10-07 13:41:46.967249+02,2026-10-07 13:41:46.967249+02
20230630,8741,680989.853,2026-10-07 13:41:46.967249+02,2026-10-07 13:41:46.967249+02
20230630,8742,25794.677,2026-10-07 13:41:46.967249+02,2026-10-07 13:41:46.967249+02
20230630,8743,21217.366,2026-10-07 13:41:46.967249+02,2026-10-07 13:41:46.967249+02
20230630,8744,522.278,2026-10-07 13:41:46.967249+02,2026-10-07 13:41:46.967249+02
20230630,8745,632.958,2026-10-07 13:41:46.967249+02,2026-10-07 13:41:46.967249+02
20230701,8741,602001.564,2026-10-07 13:41:46.967249+02,2026-10-07 13:41:46.967249+02
20230701,8742,23817.454,2026-10-07 13:41:46.967249+02,2026-10-07 13:41:46.967249+02
20230701,8743,19338.193,2026-10-07 13:41:46.967249+02,2026-10-07 13:41:46.967249+02
20230701,8744,496.872,2026-10-07 13:41:46.967249+02,2026-10-07 13:41:46.967249+02
20230701,8745,600.898,2026-10-07 13:41:46.967249+02,2026-10-07 13:41:46.967249+02
20230702,8741,573067.396,2026-10-07 13:41:46.967249+02,2026-10-07 13:41:46.967249+02
20230702,8742,22311.827,2026-10-07 13:41:46.967249+02,2026-10-07 13:41:46.967249+02
20230702,8743,18688.021,2026-10-07 13:41:46.967249+02,2026-10-07 13:41:46.967249+02
20230702,8744,497.062,2026-10-07 13:41:46.967249+02,2026-10-07 13:41:46.967249+02
20230702,8745,566.289,2026-10-07 13:41:46.967249+02,2026-10-07 13:41:46.967249+02
20230703,8741,694547.930,2026-10-07 13:41:46.967249+02,2026-10-07 13:41:46.967249+02
20230703,8742,25134.450,2026-10-07 13:41:46.967249+02,2026-10-07 13:41:46.967249+02
20230703,8743,20852.356,2026-10-07 13:41:46.967249+02,2026-10-07 13:41:46.967249+02
20230703,8744,562.819,2026-10-07 13:41:46.967249+02,2026-10-07 13:41:46.967249+02
20230703,8745,658.611,2026-10-07 13:41:46.967249+02,2026-10-07 13:41:46.967249+02
20230704,8741,706036.786,2026-10-07 13:41:46.967249+02,2026-10-07 13:41:46.967249+02
20230704,8742,25411.951,2026-10-07 13:41:46.967249+02,2026-10-07 13:41:46.967249+02
20230704,8743,21392.437,2026-10-07 13:41:46.967249+02,2026-10-07 13:41:46.967249+02
20230704,8744,542.907,2026-10-07 13:41:46.967249+02,2026-10-07 13:41:46.967249+02
20230704,8745,690.579,2026-10-07 13:41:46.967249+02,2026-10-07 13:41:46.967249+02
20230705,8741,707523.819,2026-10-07 13:41:46.967249+02,2026-10-07 13:41:46.967249+02
20230705,8742,25559.935,2026-10-07 13:41:46.967249+02,2026-10-07 13:41:46.967249+02
20230705,8743,21985.505,2026-10-07 13:41:46.967249+02,2026-10-07 13:41:46.967249+02
20230705,8744,564.495,2026-10-07 13:41:46.967249+02,2026-10-07 13:41:46.967249+02
20230705,8745,695.402,2026-10-07 13:41:46.967249+02,2026-10-07 13:41:46.967249+02
20230706,8741,710996.347,2026-10-07 13:41:46.967249+02,2026-10-07 13:41:46.967249+02
20230706,8742,25518.309,2026-10-07 13:41:46.967249+02,2026-10-07 13:41:46.967249+02
20230706,8743,22398.298,2026-10-07 13:41:46.967249+02,2026-10-07 13:41:46.967249+02
20230706,8744,559.778,2026-10-07 13:41:46.967249+02,2026-10-07 13:41:46.967249+02
20230706,8745,693.615,2026-10-07 13:41:46.967249+02,2026-10-07 13:41:46.967249+02
20230707,8741,702789.442,2026-10-07 13:41:46.967249+02,2026-10-07 13:41:46.967249+02
20230707,8742,25216.791,2026-10-07 13:41:46.967249+02,2026-10-07 13:41:46.967249+02
20230707,8743,22757.135,2026-10-07 13:41:46.967249+02,2026-10-07 13:41:46.967249+02
20230707,8744,558.063,2026-10-07 13:41:46.967249+02,2026-10-07 13:41:46.967249+02
20230707,8745,697.394,2026-10-07 13:41:46.967249+02,2026-10-07 13:41:46.967249+02
20230708,8741,617230.922,2026-10-07 13:41:46.967249+02,2026-10-07 13:41:46.967249+02
20230708,8742,23749.059,2026-10-07 13:41:46.967249+02,2026-10-07 13:41:46.967249+02
20230708,8743,23006.501,2026-10-07 13:41:46.967249+02,2026-10-07 13:41:46.967249+02
20230708,8744,500.461,2026-10-07 13:41:46.967249+02,2026-10-07 13:41:46.967249+02
20230708,8745,643.854,2026-10-07 13:41:46.967249+02,2026-10-07 13:41:46.967249+02
20230709,8741,582928.145,2026-10-07 13:41:46.967249+02,2026-10-07 13:41:46.967249+02
20230709,8742,22271.194,2026-10-07 13:41:46.967249+02,2026-10-07 13:41:46.967249+02
20230709,8743,22595.712,2026-10-07 13:41:46.967249+02,2026-10-07 13:41:46.967249+02
20230709,8744,490.768,2026-10-07 13:41:46.967249+02,2026-10-07 13:41:46.967249+02
20230709,8745,626.793,2026-10-07 13:41:46.967249+02,2026-10-07 13:41:46.967249+02
20230710,8741,727028.664,2026-10-07 13:41:46.967249+02,2026-10-07 13:41:46.967249+02
20230710,8742,25208.206,2026-10-07 13:41:46.967249+02,2026-10-07 13:41:46.967249+02
20230710,8743,25252.526,2026-10-07 13:41:46.967249+02,2026-10-07 13:41:46.967249+02
20230710,8744,575.752,2026-10-07 13:41:46.967249+02,2026-10-07 13:41:46.967249+02
20230710,8745,735.622,2026-10-07 13:41:46.967249+02,2026-10-07 13:41:46.967249+02
20230711,8741,767313.334,2026-10-07 13:41:46.967249+02,2026-10-07 13:41:46.967249+02
20230711,8742,25706.039,2026-10-07 13:41:46.967249+02,2026-10-07 13:41:46.967249+02
20230711,8743,25888.115,2026-10-07 13:41:46.967249+02,2026-10-07 13:41:46.967249+02
20230711,8744,582.015,2026-10-07 13:41:46.967249+02,2026-10-07 13:41:46.967249+02
20230711,8745,753.983,2026-10-07 13:41:46.967249+02,2026-10-07 13:41:46.967249+02
20230712,8741,759069.585,2026-10-07 13:41:46.967249+02,2026-10-07 13:41:46.967249+02
20230712,8742,26379.303,2026-10-07 13:41:46.967249+02,2026-10-07 13:41:46.967249+02
20230712,8743,26530.352,2026-10-07 13:41:46.967249+02,2026-10-07 13:41:46.967249+02
20230712,8744,581.543,2026-10-07 13:41:46.967249+02,2026-10-07 13:41:46.967249+02
20230712,8745,768.340,2026-10-07 13:41:46.967249+02,2026-10-07 13:41:46.967249+02
20230713,8741,746120.994,2026-10-07 13:41:46.967249+02,2026-10-07 13:41:46.967249+02
20230713,8742,27256.908,2026-10-07 13:41:46.967249+02,2026-10-07 13:41:46.967249+02
20230713,8743,25005.780,2026-10-07 13:41:46.967249+02,2026-10-07 13:41:46.967249+02
20230713,8744,590.992,2026-10-07 13:41:46.967249+02,2026-10-07 13:41:46.967249+02
20230713,8745,812.974,2026-10-07 13:41:46.967249+02,2026-10-07 13:41:46.967249+02
20230714,8741,747538.140,2026-10-07 13:41:46.967249+02,2026-10-07 13:41:46.967249+02
20230714,8742,27465.571,2026-10-07 13:41:46.967249+02,2026-10-07 13:41:46.967249+02
20230714,8743,24156.547,2026-10-07 13:41:46.967249+02,2026-10-07 13:41:46.967249+02
20230714,8744,585.984,2026-10-07 13:41:46.967249+02,2026-10-07 13:41:46.967249+02
20230714,8745,781.151,2026-10-07 13:41:46.967249+02,2026-10-07 13:41:46.967249+02
20230715,8741,648924.066,2026-10-07 13:41:46.967249+02,2026-10-07 13:41:46.967249+02
20230715,8742,25252.377,2026-10-07 13:41:46.967249+02,2026-10-07 13:41:46.967249+02
20230715,8743,23354.222,2026-10-07 13:41:46.967249+02,2026-10-07 13:41:46.967249+02
20230715,8744,519.282,2026-10-07 13:41:46.967249+02,2026-10-07 13:41:46.967249+02
20230715,8745,703.719,2026-10-07 13:41:46.967249+02,2026-10-07 13:41:46.967249+02
20230716,8741,592588.881,2026-10-07 13:41:46.967249+02,2026-10-07 13:41:46.967249+02
20230716,8742,22993.691,2026-10-07 13:41:46.967249+02,2026-10-07 13:41:46.967249+02
20230716,8743,23152.735,2026-10-07 13:41:46.967249+02,2026-10-07 13:41:46.967249+02
20230716,8744,498.625,2026-10-07 13:41:46.967249+02,2026-10-07 13:41:46.967249+02
20230716,8745,646.187,2026-10-07 13:41:46.967249+02,2026-10-07 13:41:46.967249+02
20230717,8741,728820.708,2026-10-07 13:41:46.967249+02,2026-10-07 13:41:46.967249+02
20230717,8742,25264.767,2026-10-07 13:41:46.967249+02,2026-10-07 13:41:46.967249+02
20230717,8743,25950.570,2026-10-07 13:41:46.967249+02,2026-10-07 13:41:46.967249+02
20230717,8744,587.315,2026-10-07 13:41:46.967249+02,2026-10-07 13:41:46.967249+02
20230717,8745,772.136,2026-10-07 13:41:46.967249+02,2026-10-07 13:41:46.967249+02
20230718,8741,770969.356,2026-10-07 13:41:46.967249+02,2026-10-07 13:41:46.967249+02
20230718,8742,25524.350,2026-10-07 13:41:46.967249+02,2026-10-07 13:41:46.967249+02
20230718,8743,26714.340,2026-10-07 13:41:46.967249+02,2026-10-07 13:41:46.967249+02
20230718,8744,603.973,2026-10-07 13:41:46.967249+02,2026-10-07 13:41:46.967249+02
20230718,8745,786.549,2026-10-07 13:41:46.967249+02,2026-10-07 13:41:46.967249+02
20230719,8741,783366.656,2026-10-07 13:41:46.967249+02,2026-10-07 13:41:46.967249+02
20230719,8742,25722.933,2026-10-07 13:41:46.967249+02,2026-10-07 13:41:46.967249+02
20230719,8743,26971.478,2026-10-07 13:41:46.967249+02,2026-10-07 13:41:46.967249+02
20230719,8744,613.890,2026-10-07 13:41:46.967249+02,2026-10-07 13:41:46.967249+02
20230719,8745,826.749,2026-10-07 13:41:46.967249+02,2026-10-07 13:41:46.967249+02
20230720,8741,764576.794,2026-10-07 13:41:46.967249+02,2026-10-07 13:41:46.967249+02
20230720,8742,25712.143,2026-10-07 13:41:46.967249+02,2026-10-07 13:41:46.967249+02
20230720,8743,26739.270,2026-10-07 13:41:46.967249+02,2026-10-07 13:41:46.967249+02
20230720,8744,579.222,2026-10-07 13:41:46.967249+02,2026-10-07 13:41:46.967249+02
20230720,8745,831.120,2026-10-07 13:41:46.967249+02,2026-10-07 13:41:46.967249+02
20230721,8741,726638.201,2026-10-07 13:41:46.967249+02,2026-10-07 13:41:46.967249+02
20230721,8742,25461.919,2026-10-07 13:41:46.967249+02,2026-10-07 13:41:46.967249+02
20230721,8743,26686.632,2026-10-07 13:41:46.967249+02,2026-10-07 13:41:46.967249+02
20230721,8744,533.589,2026-10-07 13:41:46.967249+02,2026-10-07 13:41:46.967249+02
20230721,8745,769.701,2026-10-07 13:41:46.967249+02,2026-10-07 13:41:46.967249+02
20230722,8741,632429.461,2026-10-07 13:41:46.967249+02,2026-10-07 13:41:46.967249+02
20230722,8742,24028.118,2026-10-07 13:41:46.967249+02,2026-10-07 13:41:46.967249+02
20230722,8743,24284.922,2026-10-07 13:41:46.967249+02,2026-10-07 13:41:46.967249+02
20230722,8744,511.596,2026-10-07 13:41:46.967249+02,2026-10-07 13:41:46.967249+02
20230722,8745,689.464,2026-10-07 13:41:46.967249+02,2026-10-07 13:41:46.967249+02
20230723,8741,598429.224,2026-10-07 13:41:46.967249+02,2026-10-07 13:41:46.967249+02
20230723,8742,22541.691,2026-10-07 13:41:46.967249+02,2026-10-07 13:41:46.967249+02
20230723,8743,23911.836,2026-10-07 13:41:46.967249+02,2026-10-07 13:41:46.967249+02
20230723,8744,494.659,2026-10-07 13:41:46.967249+02,2026-10-07 13:41:46.967249+02
20230723,8745,664.429,2026-10-07 13:41:46.967249+02,2026-10-07 13:41:46.967249+02
20230724,8741,698984.300,2026-10-07 13:41:46.967249+02,2026-10-07 13:41:46.967249+02
20230724,8742,25048.521,2026-10-07 13:41:46.967249+02,2026-10-07 13:41:46.967249+02
20230724,8743,26771.459,2026-10-07 13:41:46.967249+02,2026-10-07 13:41:46.967249+02
20230724,8744,560.082,2026-10-07 13:41:46.967249+02,2026-10-07 13:41:46.967249+02
20230724,8745,741.072,2026-10-07 13:41:46.967249+02,2026-10-07 13:41:46.967249+02
20230725,8741,669875.852,2026-10-07 13:41:46.967249+02,2026-10-07 13:41:46.967249+02
20230725,8742,25162.911,2026-10-07 13:41:46.967249+02,2026-10-07 13:41:46.967249+02
20230725,8743,25067.345,2026-10-07 13:41:46.967249+02,2026-10-07 13:41:46.967249+02
20230725,8744,553.390,2026-10-07 13:41:46.967249+02,2026-10-07 13:41:46.967249+02
20230725,8745,713.440,2026-10-07 13:41:46.967249+02,2026-10-07 13:41:46.967249+02
20230726,8741,682961.420,2026-10-07 13:41:46.967249+02,2026-10-07 13:41:46.967249+02
20230726,8742,25276.228,2026-10-07 13:41:46.967249+02,2026-10-07 13:41:46.967249+02
20230726,8743,23541.927,2026-10-07 13:41:46.967249+02,2026-10-07 13:41:46.967249+02
20230726,8744,551.092,2026-10-07 13:41:46.967249+02,2026-10-07 13:41:46.967249+02
20230726,8745,715.351,2026-10-07 13:41:46.967249+02,2026-10-07 13:41:46.967249+02
20230727,8741,698655.940,2026-10-07 13:41:46.967249+02,2026-10-07 13:41:46.967249+02
20230727,8742,25233.172,2026-10-07 13:41:46.967249+02,2026-10-07 13:41:46.967249+02
20230727,8743,23325.091,2026-10-07 13:41:46.967249+02,2026-10-07 13:41:46.967249+02
20230727,8744,532.255,2026-10-07 13:41:46.967249+02,2026-10-07 13:41:46.967249+02
20230727,8745,682.077,2026-10-07 13:41:46.967249+02,2026-10-07 13:41:46.967249+02
20230728,8741,690385.785,2026-10-07 13:41:46.967249+02,2026-10-07 13:41:46.967249+02
20230728,8742,25298.611,2026-10-07 13:41:46.967249+02,2026-10-07 13:41:46.967249+02
20230728,8743,23843.418,2026-10-07 13:41:46.967249+02,2026-10-07 13:41:46.967249+02
20230728,8744,520.475,2026-10-07 13:41:46.967249+02,2026-10-07 13:41:46.967249+02
20230728,8745,664.970,2026-10-07 13:41:46.967249+02,2026-10-07 13:41:46.967249+02
20230729,8741,632446.885,2026-10-07 13:41:46.967249+02,2026-10-07 13:41:46.967249+02
20230729,8742,23869.707,2026-10-07 13:41:46.967249+02,2026-10-07 13:41:46.967249+02
20230729,8743,23368.872,2026-10-07 13:41:46.967249+02,2026-10-07 13:41:46.967249+02
20230729,8744,528.118,2026-10-07 13:41:46.967249+02,2026-10-07 13:41:46.967249+02
20230729,8745,637.468,2026-10-07 13:41:46.967249+02,2026-10-07 13:41:46.967249+02
20230730,8741,598746.392,2026-10-07 13:41:46.967249+02,2026-10-07 13:41:46.967249+02
20230730,8742,22410.969,2026-10-07 13:41:46.967249+02,2026-10-07 13:41:46.967249+02
20230730,8743,23012.834,2026-10-07 13:41:46.967249+02,2026-10-07 13:41:46.967249+02
20230730,8744,543.764,2026-10-07 13:41:46.967249+02,2026-10-07 13:41:46.967249+02
20230730,8745,636.918,2026-10-07 13:41:46.967249+02,2026-10-07 13:41:46.967249+02
20230731,8741,684831.922,2026-10-07 13:41:46.967249+02,2026-10-07 13:41:46.967249+02
20230731,8742,25388.617,2026-10-07 13:41:46.967249+02,2026-10-07 13:41:46.967249+02
20230731,8743,25057.342,2026-10-07 13:41:46.967249+02,2026-10-07 13:41:46.967249+02
20230731,8744,605.874,2026-10-07 13:41:46.967249+02,2026-10-07 13:41:46.967249+02
20230731,8745,741.083,2026-10-07 13:41:46.967249+02,2026-10-07 13:41:46.967249+02
20230801,8741,701007.961,2026-10-07 13:41:46.967249+02,2026-10-07 13:41:46.967249+02
20230801,8742,26051.532,2026-10-07 13:41:46.967249+02,2026-10-07 13:41:46.967249+02
20230801,8743,25733.070,2026-10-07 13:41:46.967249+02,2026-10-07 13:41:46.967249+02
20230801,8744,574.964,2026-10-07 13:41:46.967249+02,2026-10-07 13:41:46.967249+02
20230801,8745,738.540,2026-10-07 13:41:46.967249+02,2026-10-07 13:41:46.967249+02
20230802,8741,714258.408,2026-10-07 13:41:46.967249+02,2026-10-07 13:41:46.967249+02
20230802,8742,25987.669,2026-10-07 13:41:46.967249+02,2026-10-07 13:41:46.967249+02
20230802,8743,25993.557,2026-10-07 13:41:46.967249+02,2026-10-07 13:41:46.967249+02
20230802,8744,592.150,2026-10-07 13:41:46.967249+02,2026-10-07 13:41:46.967249+02
20230802,8745,741.083,2026-10-07 13:41:46.967249+02,2026-10-07 13:41:46.967249+02
20230803,8741,691024.213,2026-10-07 13:41:46.967249+02,2026-10-07 13:41:46.967249+02
20230803,8742,26096.571,2026-10-07 13:41:46.967249+02,2026-10-07 13:41:46.967249+02
20230803,8743,25319.677,2026-10-07 13:41:46.967249+02,2026-10-07 13:41:46.967249+02
20230803,8744,585.964,2026-10-07 13:41:46.967249+02,2026-10-07 13:41:46.967249+02
20230803,8745,761.287,2026-10-07 13:41:46.967249+02,2026-10-07 13:41:46.967249+02
20230804,8741,640940.876,2026-10-07 13:41:46.967249+02,2026-10-07 13:41:46.967249+02
20230804,8742,25846.976,2026-10-07 13:41:46.967249+02,2026-10-07 13:41:46.967249+02
20230804,8743,21592.651,2026-10-07 13:41:46.967249+02,2026-10-07 13:41:46.967249+02
20230804,8744,577.042,2026-10-07 13:41:46.967249+02,2026-10-07 13:41:46.967249+02
20230804,8745,721.272,2026-10-07 13:41:46.967249+02,2026-10-07 13:41:46.967249+02
20230805,8741,571515.640,2026-10-07 13:41:46.967249+02,2026-10-07 13:41:46.967249+02
20230805,8742,24052.072,2026-10-07 13:41:46.967249+02,2026-10-07 13:41:46.967249+02
20230805,8743,19921.988,2026-10-07 13:41:46.967249+02,2026-10-07 13:41:46.967249+02
20230805,8744,544.130,2026-10-07 13:41:46.967249+02,2026-10-07 13:41:46.967249+02
20230805,8745,671.073,2026-10-07 13:41:46.967249+02,2026-10-07 13:41:46.967249+02
20230806,8741,551030.582,2026-10-07 13:41:46.967249+02,2026-10-07 13:41:46.967249+02
20230806,8742,22755.775,2026-10-07 13:41:46.967249+02,2026-10-07 13:41:46.967249+02
20230806,8743,19354.904,2026-10-07 13:41:46.967249+02,2026-10-07 13:41:46.967249+02
20230806,8744,517.782,2026-10-07 13:41:46.967249+02,2026-10-07 13:41:46.967249+02
20230806,8745,613.809,2026-10-07 13:41:46.967249+02,2026-10-07 13:41:46.967249+02
20230807,8741,630083.101,2026-10-07 13:41:46.967249+02,2026-10-07 13:41:46.967249+02
20230807,8742,25461.670,2026-10-07 13:41:46.967249+02,2026-10-07 13:41:46.967249+02
20230807,8743,20389.905,2026-10-07 13:41:46.967249+02,2026-10-07 13:41:46.967249+02
20230807,8744,562.753,2026-10-07 13:41:46.967249+02,2026-10-07 13:41:46.967249+02
20230807,8745,703.064,2026-10-07 13:41:46.967249+02,2026-10-07 13:41:46.967249+02
20230808,8741,662423.274,2026-10-07 13:41:46.967249+02,2026-10-07 13:41:46.967249+02
20230808,8742,25717.374,2026-10-07 13:41:46.967249+02,2026-10-07 13:41:46.967249+02
20230808,8743,20683.655,2026-10-07 13:41:46.967249+02,2026-10-07 13:41:46.967249+02
20230808,8744,575.935,2026-10-07 13:41:46.967249+02,2026-10-07 13:41:46.967249+02
20230808,8745,698.205,2026-10-07 13:41:46.967249+02,2026-10-07 13:41:46.967249+02
20230809,8741,681895.136,2026-10-07 13:41:46.967249+02,2026-10-07 13:41:46.967249+02
20230809,8742,25891.445,2026-10-07 13:41:46.967249+02,2026-10-07 13:41:46.967249+02
20230809,8743,21555.011,2026-10-07 13:41:46.967249+02,2026-10-07 13:41:46.967249+02
20230809,8744,563.087,2026-10-07 13:41:46.967249+02,2026-10-07 13:41:46.967249+02
20230809,8745,716.853,2026-10-07 13:41:46.967249+02,2026-10-07 13:41:46.967249+02
20230810,8741,695491.247,2026-10-07 13:41:46.967249+02,2026-10-07 13:41:46.967249+02
20230810,8742,26837.293,2026-10-07 13:41:46.967249+02,2026-10-07 13:41:46.967249+02
20230810,8743,23124.713,2026-10-07 13:41:46.967249+02,2026-10-07 13:41:46.967249+02
20230810,8744,576.047,2026-10-07 13:41:46.967249+02,2026-10-07 13:41:46.967249+02
20230810,8745,737.303,2026-10-07 13:41:46.967249+02,2026-10-07 13:41:46.967249+02
20230811,8741,686123.699,2026-10-07 13:41:46.967249+02,2026-10-07 13:41:46.967249+02
20230811,8742,27987.213,2026-10-07 13:41:46.967249+02,2026-10-07 13:41:46.967249+02
20230811,8743,23668.331,2026-10-07 13:41:46.967249+02,2026-10-07 13:41:46.967249+02
20230811,8744,557.524,2026-10-07 13:41:46.967249+02,2026-10-07 13:41:46.967249+02
20230811,8745,769.122,2026-10-07 13:41:46.967249+02,2026-10-07 13:41:46.967249+02
20230812,8741,629218.191,2026-10-07 13:41:46.967249+02,2026-10-07 13:41:46.967249+02
20230812,8742,27125.381,2026-10-07 13:41:46.967249+02,2026-10-07 13:41:46.967249+02
20230812,8743,22563.346,2026-10-07 13:41:46.967249+02,2026-10-07 13:41:46.967249+02
20230812,8744,525.978,2026-10-07 13:41:46.967249+02,2026-10-07 13:41:46.967249+02
20230812,8745,697.668,2026-10-07 13:41:46.967249+02,2026-10-07 13:41:46.967249+02
20230813,8741,585223.546,2026-10-07 13:41:46.967249+02,2026-10-07 13:41:46.967249+02
20230813,8742,25447.905,2026-10-07 13:41:46.967249+02,2026-10-07 13:41:46.967249+02
20230813,8743,21746.629,2026-10-07 13:41:46.967249+02,2026-10-07 13:41:46.967249+02
20230813,8744,502.577,2026-10-07 13:41:46.967249+02,2026-10-07 13:41:46.967249+02
20230813,8745,640.990,2026-10-07 13:41:46.967249+02,2026-10-07 13:41:46.967249+02
20230814,8741,626805.521,2026-10-07 13:41:46.967249+02,2026-10-07 13:41:46.967249+02
20230814,8742,27515.236,2026-10-07 13:41:46.967249+02,2026-10-07 13:41:46.967249+02
20230814,8743,23451.480,2026-10-07 13:41:46.967249+02,2026-10-07 13:41:46.967249+02
20230814,8744,557.496,2026-10-07 13:41:46.967249+02,2026-10-07 13:41:46.967249+02
20230814,8745,719.535,2026-10-07 13:41:46.967249+02,2026-10-07 13:41:46.967249+02
20230815,8741,583476.810,2026-10-07 13:41:46.967249+02,2026-10-07 13:41:46.967249+02
20230815,8742,24942.142,2026-10-07 13:41:46.967249+02,2026-10-07 13:41:46.967249+02
20230815,8743,22774.525,2026-10-07 13:41:46.967249+02,2026-10-07 13:41:46.967249+02
20230815,8744,511.920,2026-10-07 13:41:46.967249+02,2026-10-07 13:41:46.967249+02
20230815,8745,665.880,2026-10-07 13:41:46.967249+02,2026-10-07 13:41:46.967249+02
20230816,8741,645395.337,2026-10-07 13:41:46.967249+02,2026-10-07 13:41:46.967249+02
20230816,8742,26385.936,2026-10-07 13:41:46.967249+02,2026-10-07 13:41:46.967249+02
20230816,8743,24544.692,2026-10-07 13:41:46.967249+02,2026-10-07 13:41:46.967249+02
20230816,8744,537.605,2026-10-07 13:41:46.967249+02,2026-10-07 13:41:46.967249+02
20230816,8745,745.993,2026-10-07 13:41:46.967249+02,2026-10-07 13:41:46.967249+02
20230817,8741,652866.656,2026-10-07 13:41:46.967249+02,2026-10-07 13:41:46.967249+02
20230817,8742,26456.580,2026-10-07 13:41:46.967249+02,2026-10-07 13:41:46.967249+02
20230817,8743,25291.999,2026-10-07 13:41:46.967249+02,2026-10-07 13:41:46.967249+02
20230817,8744,538.964,2026-10-07 13:41:46.967249+02,2026-10-07 13:41:46.967249+02
20230817,8745,732.237,2026-10-07 13:41:46.967249+02,2026-10-07 13:41:46.967249+02
20230818,8741,655598.954,2026-10-07 13:41:46.967249+02,2026-10-07 13:41:46.967249+02
20230818,8742,26399.160,2026-10-07 13:41:46.967249+02,2026-10-07 13:41:46.967249+02
20230818,8743,25373.990,2026-10-07 13:41:46.967249+02,2026-10-07 13:41:46.967249+02
20230818,8744,529.828,2026-10-07 13:41:46.967249+02,2026-10-07 13:41:46.967249+02
20230818,8745,718.700,2026-10-07 13:41:46.967249+02,2026-10-07 13:41:46.967249+02
20230819,8741,618539.241,2026-10-07 13:41:46.967249+02,2026-10-07 13:41:46.967249+02
20230819,8742,25588.909,2026-10-07 13:41:46.967249+02,2026-10-07 13:41:46.967249+02
20230819,8743,24503.712,2026-10-07 13:41:46.967249+02,2026-10-07 13:41:46.967249+02
20230819,8744,524.587,2026-10-07 13:41:46.967249+02,2026-10-07 13:41:46.967249+02
20230819,8745,695.967,2026-10-07 13:41:46.967249+02,2026-10-07 13:41:46.967249+02
20230820,8741,601524.839,2026-10-07 13:41:46.967249+02,2026-10-07 13:41:46.967249+02
20230820,8742,24381.045,2026-10-07 13:41:46.967249+02,2026-10-07 13:41:46.967249+02
20230820,8743,23524.450,2026-10-07 13:41:46.967249+02,2026-10-07 13:41:46.967249+02
20230820,8744,509.547,2026-10-07 13:41:46.967249+02,2026-10-07 13:41:46.967249+02
20230820,8745,655.775,2026-10-07 13:41:46.967249+02,2026-10-07 13:41:46.967249+02
20230821,8741,715715.401,2026-10-07 13:41:46.967249+02,2026-10-07 13:41:46.967249+02
20230821,8742,27525.007,2026-10-07 13:41:46.967249+02,2026-10-07 13:41:46.967249+02
20230821,8743,25345.935,2026-10-07 13:41:46.967249+02,2026-10-07 13:41:46.967249+02
20230821,8744,563.242,2026-10-07 13:41:46.967249+02,2026-10-07 13:41:46.967249+02
20230821,8745,760.103,2026-10-07 13:41:46.967249+02,2026-10-07 13:41:46.967249+02
20230822,8741,737020.608,2026-10-07 13:41:46.967249+02,2026-10-07 13:41:46.967249+02
20230822,8742,27888.335,2026-10-07 13:41:46.967249+02,2026-10-07 13:41:46.967249+02
20230822,8743,25662.374,2026-10-07 13:41:46.967249+02,2026-10-07 13:41:46.967249+02
20230822,8744,573.001,2026-10-07 13:41:46.967249+02,2026-10-07 13:41:46.967249+02
20230822,8745,764.478,2026-10-07 13:41:46.967249+02,2026-10-07 13:41:46.967249+02
20230823,8741,749800.965,2026-10-07 13:41:46.967249+02,2026-10-07 13:41:46.967249+02
20230823,8742,28085.348,2026-10-07 13:41:46.967249+02,2026-10-07 13:41:46.967249+02
20230823,8743,25871.687,2026-10-07 13:41:46.967249+02,2026-10-07 13:41:46.967249+02
20230823,8744,594.623,2026-10-07 13:41:46.967249+02,2026-10-07 13:41:46.967249+02
20230823,8745,761.870,2026-10-07 13:41:46.967249+02,2026-10-07 13:41:46.967249+02
20230824,8741,751662.856,2026-10-07 13:41:46.967249+02,2026-10-07 13:41:46.967249+02
20230824,8742,27610.747,2026-10-07 13:41:46.967249+02,2026-10-07 13:41:46.967249+02
20230824,8743,25630.107,2026-10-07 13:41:46.967249+02,2026-10-07 13:41:46.967249+02
20230824,8744,586.742,2026-10-07 13:41:46.967249+02,2026-10-07 13:41:46.967249+02
20230824,8745,767.472,2026-10-07 13:41:46.967249+02,2026-10-07 13:41:46.967249+02
20230825,8741,741699.065,2026-10-07 13:41:46.967249+02,2026-10-07 13:41:46.967249+02
20230825,8742,27727.886,2026-10-07 13:41:46.967249+02,2026-10-07 13:41:46.967249+02
20230825,8743,24999.219,2026-10-07 13:41:46.967249+02,2026-10-07 13:41:46.967249+02
20230825,8744,591.890,2026-10-07 13:41:46.967249+02,2026-10-07 13:41:46.967249+02
20230825,8745,759.437,2026-10-07 13:41:46.967249+02,2026-10-07 13:41:46.967249+02
20230826,8741,652212.944,2026-10-07 13:41:46.967249+02,2026-10-07 13:41:46.967249+02
20230826,8742,26638.230,2026-10-07 13:41:46.967249+02,2026-10-07 13:41:46.967249+02
20230826,8743,23988.951,2026-10-07 13:41:46.967249+02,2026-10-07 13:41:46.967249+02
20230826,8744,539.229,2026-10-07 13:41:46.967249+02,2026-10-07 13:41:46.967249+02
20230826,8745,717.377,2026-10-07 13:41:46.967249+02,2026-10-07 13:41:46.967249+02
20230827,8741,544028.247,2026-10-07 13:41:46.967249+02,2026-10-07 13:41:46.967249+02
20230827,8742,24655.308,2026-10-07 13:41:46.967249+02,2026-10-07 13:41:46.967249+02
20230827,8743,20018.021,2026-10-07 13:41:46.967249+02,2026-10-07 13:41:46.967249+02
20230827,8744,481.709,2026-10-07 13:41:46.967249+02,2026-10-07 13:41:46.967249+02
20230827,8745,629.061,2026-10-07 13:41:46.967249+02,2026-10-07 13:41:46.967249+02
20230828,8741,620651.325,2026-10-07 13:41:46.967249+02,2026-10-07 13:41:46.967249+02
20230828,8742,25897.831,2026-10-07 13:41:46.967249+02,2026-10-07 13:41:46.967249+02
20230828,8743,18513.540,2026-10-07 13:41:46.967249+02,2026-10-07 13:41:46.967249+02
20230828,8744,531.264,2026-10-07 13:41:46.967249+02,2026-10-07 13:41:46.967249+02
20230828,8745,657.784,2026-10-07 13:41:46.967249+02,2026-10-07 13:41:46.967249+02
20230829,8741,638282.497,2026-10-07 13:41:46.967249+02,2026-10-07 13:41:46.967249+02
20230829,8742,26017.434,2026-10-07 13:41:46.967249+02,2026-10-07 13:41:46.967249+02
20230829,8743,19063.437,2026-10-07 13:41:46.967249+02,2026-10-07 13:41:46.967249+02
20230829,8744,528.683,2026-10-07 13:41:46.967249+02,2026-10-07 13:41:46.967249+02
20230829,8745,627.114,2026-10-07 13:41:46.967249+02,2026-10-07 13:41:46.967249+02
20230830,8741,645752.765,2026-10-07 13:41:46.967249+02,2026-10-07 13:41:46.967249+02
20230830,8742,26044.336,2026-10-07 13:41:46.967249+02,2026-10-07 13:41:46.967249+02
20230830,8743,18760.197,2026-10-07 13:41:46.967249+02,2026-10-07 13:41:46.967249+02
20230830,8744,560.630,2026-10-07 13:41:46.967249+02,2026-10-07 13:41:46.967249+02
20230830,8745,572.748,2026-10-07 13:41:46.967249+02,2026-10-07 13:41:46.967249+02
20230831,8741,650434.365,2026-10-07 13:41:46.967249+02,2026-10-07 13:41:46.967249+02
20230831,8742,26021.691,2026-10-07 13:41:46.967249+02,2026-10-07 13:41:46.967249+02
20230831,8743,19001.569,2026-10-07 13:41:46.967249+02,2026-10-07 13:41:46.967249+02
20230831,8744,544.127,2026-10-07 13:41:46.967249+02,2026-10-07 13:41:46.967249+02
20230831,8745,631.504,2026-10-07 13:41:46.967249+02,2026-10-07 13:41:46.967249+02
20230901,8741,661188.698,2026-10-07 13:41:46.967249+02,2026-10-07 13:41:46.967249+02
20230901,8742,25991.320,2026-10-07 13:41:46.967249+02,2026-10-07 13:41:46.967249+02
20230901,8743,19498.018,2026-10-07 13:41:46.967249+02,2026-10-07 13:41:46.967249+02
20230901,8744,547.909,2026-10-07 13:41:46.967249+02,2026-10-07 13:41:46.967249+02
20230901,8745,671.197,2026-10-07 13:41:46.967249+02,2026-10-07 13:41:46.967249+02
20230902,8741,572619.052,2026-10-07 13:41:46.967249+02,2026-10-07 13:41:46.967249+02
20230902,8742,24625.092,2026-10-07 13:41:46.967249+02,2026-10-07 13:41:46.967249+02
20230902,8743,19030.811,2026-10-07 13:41:46.967249+02,2026-10-07 13:41:46.967249+02
20230902,8744,479.754,2026-10-07 13:41:46.967249+02,2026-10-07 13:41:46.967249+02
20230902,8745,579.522,2026-10-07 13:41:46.967249+02,2026-10-07 13:41:46.967249+02
20230903,8741,524855.894,2026-10-07 13:41:46.967249+02,2026-10-07 13:41:46.967249+02
20230903,8742,23023.963,2026-10-07 13:41:46.967249+02,2026-10-07 13:41:46.967249+02
20230903,8743,18787.887,2026-10-07 13:41:46.967249+02,2026-10-07 13:41:46.967249+02
20230903,8744,461.278,2026-10-07 13:41:46.967249+02,2026-10-07 13:41:46.967249+02
20230903,8745,506.506,2026-10-07 13:41:46.967249+02,2026-10-07 13:41:46.967249+02
20230904,8741,632543.755,2026-10-07 13:41:46.967249+02,2026-10-07 13:41:46.967249+02
20230904,8742,25391.628,2026-10-07 13:41:46.967249+02,2026-10-07 13:41:46.967249+02
20230904,8743,21735.245,2026-10-07 13:41:46.967249+02,2026-10-07 13:41:46.967249+02
20230904,8744,509.319,2026-10-07 13:41:46.967249+02,2026-10-07 13:41:46.967249+02
20230904,8745,569.251,2026-10-07 13:41:46.967249+02,2026-10-07 13:41:46.967249+02
20230905,8741,654104.797,2026-10-07 13:41:46.967249+02,2026-10-07 13:41:46.967249+02
20230905,8742,25512.041,2026-10-07 13:41:46.967249+02,2026-10-07 13:41:46.967249+02
20230905,8743,21355.785,2026-10-07 13:41:46.967249+02,2026-10-07 13:41:46.967249+02
20230905,8744,520.594,2026-10-07 13:41:46.967249+02,2026-10-07 13:41:46.967249+02
20230905,8745,581.149,2026-10-07 13:41:46.967249+02,2026-10-07 13:41:46.967249+02
20230906,8741,666181.390,2026-10-07 13:41:46.967249+02,2026-10-07 13:41:46.967249+02
20230906,8742,25526.464,2026-10-07 13:41:46.967249+02,2026-10-07 13:41:46.967249+02
20230906,8743,20624.247,2026-10-07 13:41:46.967249+02,2026-10-07 13:41:46.967249+02
20230906,8744,534.303,2026-10-07 13:41:46.967249+02,2026-10-07 13:41:46.967249+02
20230906,8745,588.687,2026-10-07 13:41:46.967249+02,2026-10-07 13:41:46.967249+02
20230907,8741,671701.699,2026-10-07 13:41:46.967249+02,2026-10-07 13:41:46.967249+02
20230907,8742,25889.598,2026-10-07 13:41:46.967249+02,2026-10-07 13:41:46.967249+02
20230907,8743,19930.505,2026-10-07 13:41:46.967249+02,2026-10-07 13:41:46.967249+02
20230907,8744,570.372,2026-10-07 13:41:46.967249+02,2026-10-07 13:41:46.967249+02
20230907,8745,617.161,2026-10-07 13:41:46.967249+02,2026-10-07 13:41:46.967249+02
20230908,8741,651004.476,2026-10-07 13:41:46.967249+02,2026-10-07 13:41:46.967249+02
20230908,8742,25099.545,2026-10-07 13:41:46.967249+02,2026-10-07 13:41:46.967249+02
20230908,8743,19587.185,2026-10-07 13:41:46.967249+02,2026-10-07 13:41:46.967249+02
20230908,8744,556.319,2026-10-07 13:41:46.967249+02,2026-10-07 13:41:46.967249+02
20230908,8745,559.633,2026-10-07 13:41:46.967249+02,2026-10-07 13:41:46.967249+02
20230909,8741,579290.572,2026-10-07 13:41:46.967249+02,2026-10-07 13:41:46.967249+02
20230909,8742,24566.505,2026-10-07 13:41:46.967249+02,2026-10-07 13:41:46.967249+02
20230909,8743,18840.465,2026-10-07 13:41:46.967249+02,2026-10-07 13:41:46.967249+02
20230909,8744,531.921,2026-10-07 13:41:46.967249+02,2026-10-07 13:41:46.967249+02
20230909,8745,584.602,2026-10-07 13:41:46.967249+02,2026-10-07 13:41:46.967249+02
20230910,8741,539838.316,2026-10-07 13:41:46.967249+02,2026-10-07 13:41:46.967249+02
20230910,8742,23122.780,2026-10-07 13:41:46.967249+02,2026-10-07 13:41:46.967249+02
20230910,8743,18301.124,2026-10-07 13:41:46.967249+02,2026-10-07 13:41:46.967249+02
20230910,8744,513.151,2026-10-07 13:41:46.967249+02,2026-10-07 13:41:46.967249+02
20230910,8745,574.965,2026-10-07 13:41:46.967249+02,2026-10-07 13:41:46.967249+02
20230911,8741,624051.354,2026-10-07 13:41:46.967249+02,2026-10-07 13:41:46.967249+02
20230911,8742,25736.566,2026-10-07 13:41:46.967249+02,2026-10-07 13:41:46.967249+02
20230911,8743,19880.736,2026-10-07 13:41:46.967249+02,2026-10-07 13:41:46.967249+02
20230911,8744,562.705,2026-10-07 13:41:46.967249+02,2026-10-07 13:41:46.967249+02
20230911,8745,630.357,2026-10-07 13:41:46.967249+02,2026-10-07 13:41:46.967249+02
20230912,8741,657845.479,2026-10-07 13:41:46.967249+02,2026-10-07 13:41:46.967249+02
20230912,8742,25980.238,2026-10-07 13:41:46.967249+02,2026-10-07 13:41:46.967249+02
20230912,8743,20111.305,2026-10-07 13:41:46.967249+02,2026-10-07 13:41:46.967249+02
20230912,8744,545.202,2026-10-07 13:41:46.967249+02,2026-10-07 13:41:46.967249+02
20230912,8745,555.715,2026-10-07 13:41:46.967249+02,2026-10-07 13:41:46.967249+02
20230913,8741,657918.967,2026-10-07 13:41:46.967249+02,2026-10-07 13:41:46.967249+02
20230913,8742,26048.445,2026-10-07 13:41:46.967249+02,2026-10-07 13:41:46.967249+02
20230913,8743,20431.910,2026-10-07 13:41:46.967249+02,2026-10-07 13:41:46.967249+02
20230913,8744,530.295,2026-10-07 13:41:46.967249+02,2026-10-07 13:41:46.967249+02
20230913,8745,542.231,2026-10-07 13:41:46.967249+02,2026-10-07 13:41:46.967249+02
20230914,8741,665548.696,2026-10-07 13:41:46.967249+02,2026-10-07 13:41:46.967249+02
20230914,8742,25788.079,2026-10-07 13:41:46.967249+02,2026-10-07 13:41:46.967249+02
20230914,8743,20143.535,2026-10-07 13:41:46.967249+02,2026-10-07 13:41:46.967249+02
20230914,8744,558.555,2026-10-07 13:41:46.967249+02,2026-10-07 13:41:46.967249+02
20230914,8745,611.223,2026-10-07 13:41:46.967249+02,2026-10-07 13:41:46.967249+02
20230915,8741,657741.884,2026-10-07 13:41:46.967249+02,2026-10-07 13:41:46.967249+02
20230915,8742,25719.969,2026-10-07 13:41:46.967249+02,2026-10-07 13:41:46.967249+02
20230915,8743,20077.306,2026-10-07 13:41:46.967249+02,2026-10-07 13:41:46.967249+02
20230915,8744,550.861,2026-10-07 13:41:46.967249+02,2026-10-07 13:41:46.967249+02
20230915,8745,651.882,2026-10-07 13:41:46.967249+02,2026-10-07 13:41:46.967249+02
20230916,8741,564882.878,2026-10-07 13:41:46.967249+02,2026-10-07 13:41:46.967249+02
20230916,8742,24522.295,2026-10-07 13:41:46.967249+02,2026-10-07 13:41:46.967249+02
20230916,8743,19652.039,2026-10-07 13:41:46.967249+02,2026-10-07 13:41:46.967249+02
20230916,8744,506.219,2026-10-07 13:41:46.967249+02,2026-10-07 13:41:46.967249+02
20230916,8745,589.208,2026-10-07 13:41:46.967249+02,2026-10-07 13:41:46.967249+02
20230917,8741,529570.829,2026-10-07 13:41:46.967249+02,2026-10-07 13:41:46.967249+02
20230917,8742,23176.483,2026-10-07 13:41:46.967249+02,2026-10-07 13:41:46.967249+02
20230917,8743,19860.690,2026-10-07 13:41:46.967249+02,2026-10-07 13:41:46.967249+02
20230917,8744,482.744,2026-10-07 13:41:46.967249+02,2026-10-07 13:41:46.967249+02
20230917,8745,551.880,2026-10-07 13:41:46.967249+02,2026-10-07 13:41:46.967249+02
20230918,8741,618832.897,2026-10-07 13:41:46.967249+02,2026-10-07 13:41:46.967249+02
20230918,8742,25062.980,2026-10-07 13:41:46.967249+02,2026-10-07 13:41:46.967249+02
20230918,8743,20850.984,2026-10-07 13:41:46.967249+02,2026-10-07 13:41:46.967249+02
20230918,8744,519.786,2026-10-07 13:41:46.967249+02,2026-10-07 13:41:46.967249+02
20230918,8745,591.435,2026-10-07 13:41:46.967249+02,2026-10-07 13:41:46.967249+02
20230919,8741,637426.163,2026-10-07 13:41:46.967249+02,2026-10-07 13:41:46.967249+02
20230919,8742,25232.329,2026-10-07 13:41:46.967249+02,2026-10-07 13:41:46.967249+02
20230919,8743,19550.703,2026-10-07 13:41:46.967249+02,2026-10-07 13:41:46.967249+02
20230919,8744,525.561,2026-10-07 13:41:46.967249+02,2026-10-07 13:41:46.967249+02
20230919,8745,551.947,2026-10-07 13:41:46.967249+02,2026-10-07 13:41:46.967249+02
20230920,8741,635235.903,2026-10-07 13:41:46.967249+02,2026-10-07 13:41:46.967249+02
20230920,8742,25480.255,2026-10-07 13:41:46.967249+02,2026-10-07 13:41:46.967249+02
20230920,8743,18518.896,2026-10-07 13:41:46.967249+02,2026-10-07 13:41:46.967249+02
20230920,8744,526.558,2026-10-07 13:41:46.967249+02,2026-10-07 13:41:46.967249+02
20230920,8745,601.518,2026-10-07 13:41:46.967249+02,2026-10-07 13:41:46.967249+02
20230921,8741,636674.698,2026-10-07 13:41:46.967249+02,2026-10-07 13:41:46.967249+02
20230921,8742,25383.648,2026-10-07 13:41:46.967249+02,2026-10-07 13:41:46.967249+02
20230921,8743,19149.032,2026-10-07 13:41:46.967249+02,2026-10-07 13:41:46.967249+02
20230921,8744,522.887,2026-10-07 13:41:46.967249+02,2026-10-07 13:41:46.967249+02
20230921,8745,571.693,2026-10-07 13:41:46.967249+02,2026-10-07 13:41:46.967249+02
20230922,8741,613005.621,2026-10-07 13:41:46.967249+02,2026-10-07 13:41:46.967249+02
20230922,8742,25404.209,2026-10-07 13:41:46.967249+02,2026-10-07 13:41:46.967249+02
20230922,8743,18311.003,2026-10-07 13:41:46.967249+02,2026-10-07 13:41:46.967249+02
20230922,8744,507.980,2026-10-07 13:41:46.967249+02,2026-10-07 13:41:46.967249+02
20230922,8745,558.072,2026-10-07 13:41:46.967249+02,2026-10-07 13:41:46.967249+02
20230923,8741,535611.400,2026-10-07 13:41:46.967249+02,2026-10-07 13:41:46.967249+02
20230923,8742,24263.436,2026-10-07 13:41:46.967249+02,2026-10-07 13:41:46.967249+02
20230923,8743,16505.611,2026-10-07 13:41:46.967249+02,2026-10-07 13:41:46.967249+02
20230923,8744,489.581,2026-10-07 13:41:46.967249+02,2026-10-07 13:41:46.967249+02
20230923,8745,516.614,2026-10-07 13:41:46.967249+02,2026-10-07 13:41:46.967249+02
20230924,8741,501937.140,2026-10-07 13:41:46.967249+02,2026-10-07 13:41:46.967249+02
20230924,8742,22694.833,2026-10-07 13:41:46.967249+02,2026-10-07 13:41:46.967249+02
20230924,8743,15541.362,2026-10-07 13:41:46.967249+02,2026-10-07 13:41:46.967249+02
20230924,8744,485.754,2026-10-07 13:41:46.967249+02,2026-10-07 13:41:46.967249+02
20230924,8745,496.386,2026-10-07 13:41:46.967249+02,2026-10-07 13:41:46.967249+02
20230925,8741,601010.236,2026-10-07 13:41:46.967249+02,2026-10-07 13:41:46.967249+02
20230925,8742,25185.761,2026-10-07 13:41:46.967249+02,2026-10-07 13:41:46.967249+02
20230925,8743,17073.302,2026-10-07 13:41:46.967249+02,2026-10-07 13:41:46.967249+02
20230925,8744,528.163,2026-10-07 13:41:46.967249+02,2026-10-07 13:41:46.967249+02
20230925,8745,546.714,2026-10-07 13:41:46.967249+02,2026-10-07 13:41:46.967249+02
20230926,8741,629178.041,2026-10-07 13:41:46.967249+02,2026-10-07 13:41:46.967249+02
20230926,8742,25690.295,2026-10-07 13:41:46.967249+02,2026-10-07 13:41:46.967249+02
20230926,8743,17049.064,2026-10-07 13:41:46.967249+02,2026-10-07 13:41:46.967249+02
20230926,8744,538.419,2026-10-07 13:41:46.967249+02,2026-10-07 13:41:46.967249+02
20230926,8745,551.958,2026-10-07 13:41:46.967249+02,2026-10-07 13:41:46.967249+02
20230927,8741,640614.474,2026-10-07 13:41:46.967249+02,2026-10-07 13:41:46.967249+02
20230927,8742,25589.264,2026-10-07 13:41:46.967249+02,2026-10-07 13:41:46.967249+02
20230927,8743,17077.713,2026-10-07 13:41:46.967249+02,2026-10-07 13:41:46.967249+02
20230927,8744,533.006,2026-10-07 13:41:46.967249+02,2026-10-07 13:41:46.967249+02
20230927,8745,566.722,2026-10-07 13:41:46.967249+02,2026-10-07 13:41:46.967249+02
20230928,8741,644396.864,2026-10-07 13:41:46.967249+02,2026-10-07 13:41:46.967249+02
20230928,8742,25736.977,2026-10-07 13:41:46.967249+02,2026-10-07 13:41:46.967249+02
20230928,8743,17251.107,2026-10-07 13:41:46.967249+02,2026-10-07 13:41:46.967249+02
20230928,8744,533.574,2026-10-07 13:41:46.967249+02,2026-10-07 13:41:46.967249+02
20230928,8745,563.672,2026-10-07 13:41:46.967249+02,2026-10-07 13:41:46.967249+02
20230929,8741,638232.128,2026-10-07 13:41:46.967249+02,2026-10-07 13:41:46.967249+02
20230929,8742,25892.516,2026-10-07 13:41:46.967249+02,2026-10-07 13:41:46.967249+02
20230929,8743,17392.270,2026-10-07 13:41:46.967249+02,2026-10-07 13:41:46.967249+02
20230929,8744,525.210,2026-10-07 13:41:46.967249+02,2026-10-07 13:41:46.967249+02
20230929,8745,578.371,2026-10-07 13:41:46.967249+02,2026-10-07 13:41:46.967249+02
20230930,8741,565508.915,2026-10-07 13:41:46.967249+02,2026-10-07 13:41:46.967249+02
20230930,8742,24768.511,2026-10-07 13:41:46.967249+02,2026-10-07 13:41:46.967249+02
20230930,8743,17061.004,2026-10-07 13:41:46.967249+02,2026-10-07 13:41:46.967249+02
20230930,8744,506.797,2026-10-07 13:41:46.967249+02,2026-10-07 13:41:46.967249+02
20230930,8745,549.757,2026-10-07 13:41:46.967249+02,2026-10-07 13:41:46.967249+02
20231001,8741,527547.070,2026-10-07 13:41:46.967249+02,2026-10-07 13:41:46.967249+02
20231001,8742,23508.911,2026-10-07 13:41:46.967249+02,2026-10-07 13:41:46.967249+02
20231001,8743,16521.192,2026-10-07 13:41:46.967249+02,2026-10-07 13:41:46.967249+02
20231001,8744,491.919,2026-10-07 13:41:46.967249+02,2026-10-07 13:41:46.967249+02
20231001,8745,523.318,2026-10-07 13:41:46.967249+02,2026-10-07 13:41:46.967249+02
20231002,8741,632354.235,2026-10-07 13:41:46.967249+02,2026-10-07 13:41:46.967249+02
20231002,8742,26227.026,2026-10-07 13:41:46.967249+02,2026-10-07 13:41:46.967249+02
20231002,8743,18184.992,2026-10-07 13:41:46.967249+02,2026-10-07 13:41:46.967249+02
20231002,8744,548.100,2026-10-07 13:41:46.967249+02,2026-10-07 13:41:46.967249+02
20231002,8745,593.429,2026-10-07 13:41:46.967249+02,2026-10-07 13:41:46.967249+02
20231003,8741,647678.996,2026-10-07 13:41:46.967249+02,2026-10-07 13:41:46.967249+02
20231003,8742,27113.402,2026-10-07 13:41:46.967249+02,2026-10-07 13:41:46.967249+02
20231003,8743,18200.000,2026-10-07 13:41:46.967249+02,2026-10-07 13:41:46.967249+02
20231003,8744,545.618,2026-10-07 13:41:46.967249+02,2026-10-07 13:41:46.967249+02
20231003,8745,591.786,2026-10-07 13:41:46.967249+02,2026-10-07 13:41:46.967249+02
20231004,8741,650463.176,2026-10-07 13:41:46.967249+02,2026-10-07 13:41:46.967249+02
20231004,8742,27684.839,2026-10-07 13:41:46.967249+02,2026-10-07 13:41:46.967249+02
20231004,8743,18067.237,2026-10-07 13:41:46.967249+02,2026-10-07 13:41:46.967249+02
20231004,8744,542.928,2026-10-07 13:41:46.967249+02,2026-10-07 13:41:46.967249+02
20231004,8745,600.982,2026-10-07 13:41:46.967249+02,2026-10-07 13:41:46.967249+02
20231005,8741,651846.784,2026-10-07 13:41:46.967249+02,2026-10-07 13:41:46.967249+02
20231005,8742,27619.100,2026-10-07 13:41:46.967249+02,2026-10-07 13:41:46.967249+02
20231005,8743,18073.005,2026-10-07 13:41:46.967249+02,2026-10-07 13:41:46.967249+02
20231005,8744,544.698,2026-10-07 13:41:46.967249+02,2026-10-07 13:41:46.967249+02
20231005,8745,599.664,2026-10-07 13:41:46.967249+02,2026-10-07 13:41:46.967249+02
20231006,8741,652305.004,2026-10-07 13:41:46.967249+02,2026-10-07 13:41:46.967249+02
20231006,8742,27879.525,2026-10-07 13:41:46.967249+02,2026-10-07 13:41:46.967249+02
20231006,8743,18097.700,2026-10-07 13:41:46.967249+02,2026-10-07 13:41:46.967249+02
20231006,8744,535.629,2026-10-07 13:41:46.967249+02,2026-10-07 13:41:46.967249+02
20231006,8745,604.096,2026-10-07 13:41:46.967249+02,2026-10-07 13:41:46.967249+02
20231007,8741,573477.691,2026-10-07 13:41:46.967249+02,2026-10-07 13:41:46.967249+02
20231007,8742,26651.392,2026-10-07 13:41:46.967249+02,2026-10-07 13:41:46.967249+02
20231007,8743,17182.090,2026-10-07 13:41:46.967249+02,2026-10-07 13:41:46.967249+02
20231007,8744,509.736,2026-10-07 13:41:46.967249+02,2026-10-07 13:41:46.967249+02
20231007,8745,559.593,2026-10-07 13:41:46.967249+02,2026-10-07 13:41:46.967249+02
20231008,8741,529584.231,2026-10-07 13:41:46.967249+02,2026-10-07 13:41:46.967249+02
20231008,8742,25641.101,2026-10-07 13:41:46.967249+02,2026-10-07 13:41:46.967249+02
20231008,8743,15958.592,2026-10-07 13:41:46.967249+02,2026-10-07 13:41:46.967249+02
20231008,8744,493.812,2026-10-07 13:41:46.967249+02,2026-10-07 13:41:46.967249+02
20231008,8745,525.329,2026-10-07 13:41:46.967249+02,2026-10-07 13:41:46.967249+02
20231009,8741,614489.603,2026-10-07 13:41:46.967249+02,2026-10-07 13:41:46.967249+02
20231009,8742,28703.399,2026-10-07 13:41:46.967249+02,2026-10-07 13:41:46.967249+02
20231009,8743,17142.753,2026-10-07 13:41:46.967249+02,2026-10-07 13:41:46.967249+02
20231009,8744,530.909,2026-10-07 13:41:46.967249+02,2026-10-07 13:41:46.967249+02
20231009,8745,578.052,2026-10-07 13:41:46.967249+02,2026-10-07 13:41:46.967249+02
20231010,8741,635389.581,2026-10-07 13:41:46.967249+02,2026-10-07 13:41:46.967249+02
20231010,8742,28845.739,2026-10-07 13:41:46.967249+02,2026-10-07 13:41:46.967249+02
20231010,8743,16997.774,2026-10-07 13:41:46.967249+02,2026-10-07 13:41:46.967249+02
20231010,8744,521.576,2026-10-07 13:41:46.967249+02,2026-10-07 13:41:46.967249+02
20231010,8745,574.203,2026-10-07 13:41:46.967249+02,2026-10-07 13:41:46.967249+02
20231011,8741,630178.605,2026-10-07 13:41:46.967249+02,2026-10-07 13:41:46.967249+02
20231011,8742,28354.594,2026-10-07 13:41:46.967249+02,2026-10-07 13:41:46.967249+02
20231011,8743,17009.312,2026-10-07 13:41:46.967249+02,2026-10-07 13:41:46.967249+02
20231011,8744,523.679,2026-10-07 13:41:46.967249+02,2026-10-07 13:41:46.967249+02
20231011,8745,565.256,2026-10-07 13:41:46.967249+02,2026-10-07 13:41:46.967249+02
20231012,8741,532979.864,2026-10-07 13:41:46.967249+02,2026-10-07 13:41:46.967249+02
20231012,8742,25531.711,2026-10-07 13:41:46.967249+02,2026-10-07 13:41:46.967249+02
20231012,8743,16007.926,2026-10-07 13:41:46.967249+02,2026-10-07 13:41:46.967249+02
20231012,8744,485.471,2026-10-07 13:41:46.967249+02,2026-10-07 13:41:46.967249+02
20231012,8745,499.973,2026-10-07 13:41:46.967249+02,2026-10-07 13:41:46.967249+02
20231013,8741,569831.121,2026-10-07 13:41:46.967249+02,2026-10-07 13:41:46.967249+02
20231013,8742,27441.602,2026-10-07 13:41:46.967249+02,2026-10-07 13:41:46.967249+02
20231013,8743,17087.241,2026-10-07 13:41:46.967249+02,2026-10-07 13:41:46.967249+02
20231013,8744,481.931,2026-10-07 13:41:46.967249+02,2026-10-07 13:41:46.967249+02
20231013,8745,552.898,2026-10-07 13:41:46.967249+02,2026-10-07 13:41:46.967249+02
20231014,8741,534503.759,2026-10-07 13:41:46.967249+02,2026-10-07 13:41:46.967249+02
20231014,8742,26494.855,2026-10-07 13:41:46.967249+02,2026-10-07 13:41:46.967249+02
20231014,8743,16583.807,2026-10-07 13:41:46.967249+02,2026-10-07 13:41:46.967249+02
20231014,8744,480.652,2026-10-07 13:41:46.967249+02,2026-10-07 13:41:46.967249+02
20231014,8745,516.024,2026-10-07 13:41:46.967249+02,2026-10-07 13:41:46.967249+02
20231015,8741,500213.560,2026-10-07 13:41:46.967249+02,2026-10-07 13:41:46.967249+02
20231015,8742,24999.190,2026-10-07 13:41:46.967249+02,2026-10-07 13:41:46.967249+02
20231015,8743,15709.032,2026-10-07 13:41:46.967249+02,2026-10-07 13:41:46.967249+02
20231015,8744,472.857,2026-10-07 13:41:46.967249+02,2026-10-07 13:41:46.967249+02
20231015,8745,481.691,2026-10-07 13:41:46.967249+02,2026-10-07 13:41:46.967249+02
20231016,8741,611366.130,2026-10-07 13:41:46.967249+02,2026-10-07 13:41:46.967249+02
20231016,8742,27566.537,2026-10-07 13:41:46.967249+02,2026-10-07 13:41:46.967249+02
20231016,8743,16572.522,2026-10-07 13:41:46.967249+02,2026-10-07 13:41:46.967249+02
20231016,8744,519.322,2026-10-07 13:41:46.967249+02,2026-10-07 13:41:46.967249+02
20231016,8745,557.867,2026-10-07 13:41:46.967249+02,2026-10-07 13:41:46.967249+02
20231017,8741,640548.743,2026-10-07 13:41:46.967249+02,2026-10-07 13:41:46.967249+02
20231017,8742,27624.733,2026-10-07 13:41:46.967249+02,2026-10-07 13:41:46.967249+02
20231017,8743,16475.395,2026-10-07 13:41:46.967249+02,2026-10-07 13:41:46.967249+02
20231017,8744,527.920,2026-10-07 13:41:46.967249+02,2026-10-07 13:41:46.967249+02
20231017,8745,558.666,2026-10-07 13:41:46.967249+02,2026-10-07 13:41:46.967249+02
20231018,8741,646565.253,2026-10-07 13:41:46.967249+02,2026-10-07 13:41:46.967249+02
20231018,8742,27230.900,2026-10-07 13:41:46.967249+02,2026-10-07 13:41:46.967249+02
20231018,8743,16677.335,2026-10-07 13:41:46.967249+02,2026-10-07 13:41:46.967249+02
20231018,8744,513.303,2026-10-07 13:41:46.967249+02,2026-10-07 13:41:46.967249+02
20231018,8745,557.472,2026-10-07 13:41:46.967249+02,2026-10-07 13:41:46.967249+02
20231019,8741,651107.208,2026-10-07 13:41:46.967249+02,2026-10-07 13:41:46.967249+02
20231019,8742,26704.806,2026-10-07 13:41:46.967249+02,2026-10-07 13:41:46.967249+02
20231019,8743,16695.284,2026-10-07 13:41:46.967249+02,2026-10-07 13:41:46.967249+02
20231019,8744,516.464,2026-10-07 13:41:46.967249+02,2026-10-07 13:41:46.967249+02
20231019,8745,564.858,2026-10-07 13:41:46.967249+02,2026-10-07 13:41:46.967249+02
20231020,8741,626669.628,2026-10-07 13:41:46.967249+02,2026-10-07 13:41:46.967249+02
20231020,8742,26440.748,2026-10-07 13:41:46.967249+02,2026-10-07 13:41:46.967249+02
20231020,8743,15874.017,2026-10-07 13:41:46.967249+02,2026-10-07 13:41:46.967249+02
20231020,8744,507.048,2026-10-07 13:41:46.967249+02,2026-10-07 13:41:46.967249+02
20231020,8745,532.746,2026-10-07 13:41:46.967249+02,2026-10-07 13:41:46.967249+02
20231021,8741,538430.181,2026-10-07 13:41:46.967249+02,2026-10-07 13:41:46.967249+02
20231021,8742,24516.516,2026-10-07 13:41:46.967249+02,2026-10-07 13:41:46.967249+02
20231021,8743,14726.517,2026-10-07 13:41:46.967249+02,2026-10-07 13:41:46.967249+02
20231021,8744,480.563,2026-10-07 13:41:46.967249+02,2026-10-07 13:41:46.967249+02
20231021,8745,502.191,2026-10-07 13:41:46.967249+02,2026-10-07 13:41:46.967249+02
20231022,8741,509400.609,2026-10-07 13:41:46.967249+02,2026-10-07 13:41:46.967249+02
20231022,8742,23258.156,2026-10-07 13:41:46.967249+02,2026-10-07 13:41:46.967249+02
20231022,8743,13980.548,2026-10-07 13:41:46.967249+02,2026-10-07 13:41:46.967249+02
20231022,8744,463.196,2026-10-07 13:41:46.967249+02,2026-10-07 13:41:46.967249+02
20231022,8745,481.917,2026-10-07 13:41:46.967249+02,2026-10-07 13:41:46.967249+02
20231023,8741,610651.871,2026-10-07 13:41:46.967249+02,2026-10-07 13:41:46.967249+02
20231023,8742,25295.899,2026-10-07 13:41:46.967249+02,2026-10-07 13:41:46.967249+02
20231023,8743,15416.034,2026-10-07 13:41:46.967249+02,2026-10-07 13:41:46.967249+02
20231023,8744,494.191,2026-10-07 13:41:46.967249+02,2026-10-07 13:41:46.967249+02
20231023,8745,538.015,2026-10-07 13:41:46.967249+02,2026-10-07 13:41:46.967249+02
20231024,8741,627107.383,2026-10-07 13:41:46.967249+02,2026-10-07 13:41:46.967249+02
20231024,8742,25078.642,2026-10-07 13:41:46.967249+02,2026-10-07 13:41:46.967249+02
20231024,8743,15093.863,2026-10-07 13:41:46.967249+02,2026-10-07 13:41:46.967249+02
20231024,8744,499.572,2026-10-07 13:41:46.967249+02,2026-10-07 13:41:46.967249+02
20231024,8745,531.167,2026-10-07 13:41:46.967249+02,2026-10-07 13:41:46.967249+02
20231025,8741,639656.015,2026-10-07 13:41:46.967249+02,2026-10-07 13:41:46.967249+02
20231025,8742,25205.990,2026-10-07 13:41:46.967249+02,2026-10-07 13:41:46.967249+02
20231025,8743,15088.820,2026-10-07 13:41:46.967249+02,2026-10-07 13:41:46.967249+02
20231025,8744,504.282,2026-10-07 13:41:46.967249+02,2026-10-07 13:41:46.967249+02
20231025,8745,531.476,2026-10-07 13:41:46.967249+02,2026-10-07 13:41:46.967249+02
20231026,8741,653489.443,2026-10-07 13:41:46.967249+02,2026-10-07 13:41:46.967249+02
20231026,8742,25709.902,2026-10-07 13:41:46.967249+02,2026-10-07 13:41:46.967249+02
20231026,8743,15277.600,2026-10-07 13:41:46.967249+02,2026-10-07 13:41:46.967249+02
20231026,8744,509.935,2026-10-07 13:41:46.967249+02,2026-10-07 13:41:46.967249+02
20231026,8745,532.438,2026-10-07 13:41:46.967249+02,2026-10-07 13:41:46.967249+02
20231027,8741,639988.228,2026-10-07 13:41:46.967249+02,2026-10-07 13:41:46.967249+02
20231027,8742,25696.112,2026-10-07 13:41:46.967249+02,2026-10-07 13:41:46.967249+02
20231027,8743,15006.229,2026-10-07 13:41:46.967249+02,2026-10-07 13:41:46.967249+02
20231027,8744,481.755,2026-10-07 13:41:46.967249+02,2026-10-07 13:41:46.967249+02
20231027,8745,524.655,2026-10-07 13:41:46.967249+02,2026-10-07 13:41:46.967249+02
20231028,8741,561662.806,2026-10-07 13:41:46.967249+02,2026-10-07 13:41:46.967249+02
20231028,8742,24479.352,2026-10-07 13:41:46.967249+02,2026-10-07 13:41:46.967249+02
20231028,8743,13814.171,2026-10-07 13:41:46.967249+02,2026-10-07 13:41:46.967249+02
20231028,8744,475.469,2026-10-07 13:41:46.967249+02,2026-10-07 13:41:46.967249+02
20231028,8745,496.283,2026-10-07 13:41:46.967249+02,2026-10-07 13:41:46.967249+02
20231029,8741,546631.070,2026-10-07 13:41:46.967249+02,2026-10-07 13:41:46.967249+02
20231029,8742,23710.298,2026-10-07 13:41:46.967249+02,2026-10-07 13:41:46.967249+02
20231029,8743,13468.182,2026-10-07 13:41:46.967249+02,2026-10-07 13:41:46.967249+02
20231029,8744,481.389,2026-10-07 13:41:46.967249+02,2026-10-07 13:41:46.967249+02
20231029,8745,501.167,2026-10-07 13:41:46.967249+02,2026-10-07 13:41:46.967249+02
20231030,8741,623248.021,2026-10-07 13:41:46.967249+02,2026-10-07 13:41:46.967249+02
20231030,8742,25297.507,2026-10-07 13:41:46.967249+02,2026-10-07 13:41:46.967249+02
20231030,8743,14235.112,2026-10-07 13:41:46.967249+02,2026-10-07 13:41:46.967249+02
20231030,8744,500.303,2026-10-07 13:41:46.967249+02,2026-10-07 13:41:46.967249+02
20231030,8745,526.802,2026-10-07 13:41:46.967249+02,2026-10-07 13:41:46.967249+02
20231031,8741,637314.996,2026-10-07 13:41:46.967249+02,2026-10-07 13:41:46.967249+02
20231031,8742,25722.779,2026-10-07 13:41:46.967249+02,2026-10-07 13:41:46.967249+02
20231031,8743,13443.933,2026-10-07 13:41:46.967249+02,2026-10-07 13:41:46.967249+02
20231031,8744,488.468,2026-10-07 13:41:46.967249+02,2026-10-07 13:41:46.967249+02
20231031,8745,521.092,2026-10-07 13:41:46.967249+02,2026-10-07 13:41:46.967249+02
20231101,8741,558476.761,2026-10-07 13:41:46.967249+02,2026-10-07 13:41:46.967249+02
20231101,8742,23895.408,2026-10-07 13:41:46.967249+02,2026-10-07 13:41:46.967249+02
20231101,8743,12149.113,2026-10-07 13:41:46.967249+02,2026-10-07 13:41:46.967249+02
20231101,8744,457.856,2026-10-07 13:41:46.967249+02,2026-10-07 13:41:46.967249+02
20231101,8745,468.256,2026-10-07 13:41:46.967249+02,2026-10-07 13:41:46.967249+02
20231102,8741,641560.671,2026-10-07 13:41:46.967249+02,2026-10-07 13:41:46.967249+02
20231102,8742,25604.269,2026-10-07 13:41:46.967249+02,2026-10-07 13:41:46.967249+02
20231102,8743,13337.700,2026-10-07 13:41:46.967249+02,2026-10-07 13:41:46.967249+02
20231102,8744,494.722,2026-10-07 13:41:46.967249+02,2026-10-07 13:41:46.967249+02
20231102,8745,526.684,2026-10-07 13:41:46.967249+02,2026-10-07 13:41:46.967249+02
20231103,8741,649384.827,2026-10-07 13:41:46.967249+02,2026-10-07 13:41:46.967249+02
20231103,8742,25695.106,2026-10-07 13:41:46.967249+02,2026-10-07 13:41:46.967249+02
20231103,8743,12819.346,2026-10-07 13:41:46.967249+02,2026-10-07 13:41:46.967249+02
20231103,8744,493.010,2026-10-07 13:41:46.967249+02,2026-10-07 13:41:46.967249+02
20231103,8745,517.763,2026-10-07 13:41:46.967249+02,2026-10-07 13:41:46.967249+02
20231104,8741,583963.532,2026-10-07 13:41:46.967249+02,2026-10-07 13:41:46.967249+02
20231104,8742,24234.991,2026-10-07 13:41:46.967249+02,2026-10-07 13:41:46.967249+02
20231104,8743,12207.526,2026-10-07 13:41:46.967249+02,2026-10-07 13:41:46.967249+02
20231104,8744,481.327,2026-10-07 13:41:46.967249+02,2026-10-07 13:41:46.967249+02
20231104,8745,493.850,2026-10-07 13:41:46.967249+02,2026-10-07 13:41:46.967249+02
20231105,8741,538551.492,2026-10-07 13:41:46.967249+02,2026-10-07 13:41:46.967249+02
20231105,8742,22956.119,2026-10-07 13:41:46.967249+02,2026-10-07 13:41:46.967249+02
20231105,8743,11352.903,2026-10-07 13:41:46.967249+02,2026-10-07 13:41:46.967249+02
20231105,8744,466.299,2026-10-07 13:41:46.967249+02,2026-10-07 13:41:46.967249+02
20231105,8745,474.507,2026-10-07 13:41:46.967249+02,2026-10-07 13:41:46.967249+02
20231106,8741,638831.441,2026-10-07 13:41:46.967249+02,2026-10-07 13:41:46.967249+02
20231106,8742,24830.706,2026-10-07 13:41:46.967249+02,2026-10-07 13:41:46.967249+02
20231106,8743,12549.038,2026-10-07 13:41:46.967249+02,2026-10-07 13:41:46.967249+02
20231106,8744,479.194,2026-10-07 13:41:46.967249+02,2026-10-07 13:41:46.967249+02
20231106,8745,515.035,2026-10-07 13:41:46.967249+02,2026-10-07 13:41:46.967249+02
20231107,8741,661080.306,2026-10-07 13:41:46.967249+02,2026-10-07 13:41:46.967249+02
20231107,8742,24646.802,2026-10-07 13:41:46.967249+02,2026-10-07 13:41:46.967249+02
20231107,8743,12557.563,2026-10-07 13:41:46.967249+02,2026-10-07 13:41:46.967249+02
20231107,8744,494.060,2026-10-07 13:41:46.967249+02,2026-10-07 13:41:46.967249+02
20231107,8745,512.309,2026-10-07 13:41:46.967249+02,2026-10-07 13:41:46.967249+02
20231108,8741,674879.097,2026-10-07 13:41:46.967249+02,2026-10-07 13:41:46.967249+02
20231108,8742,24709.186,2026-10-07 13:41:46.967249+02,2026-10-07 13:41:46.967249+02
20231108,8743,13108.387,2026-10-07 13:41:46.967249+02,2026-10-07 13:41:46.967249+02
20231108,8744,496.618,2026-10-07 13:41:46.967249+02,2026-10-07 13:41:46.967249+02
20231108,8745,514.749,2026-10-07 13:41:46.967249+02,2026-10-07 13:41:46.967249+02
20231109,8741,664573.813,2026-10-07 13:41:46.967249+02,2026-10-07 13:41:46.967249+02
20231109,8742,24925.417,2026-10-07 13:41:46.967249+02,2026-10-07 13:41:46.967249+02
20231109,8743,13478.845,2026-10-07 13:41:46.967249+02,2026-10-07 13:41:46.967249+02
20231109,8744,496.436,2026-10-07 13:41:46.967249+02,2026-10-07 13:41:46.967249+02
20231109,8745,518.758,2026-10-07 13:41:46.967249+02,2026-10-07 13:41:46.967249+02
20231110,8741,664535.401,2026-10-07 13:41:46.967249+02,2026-10-07 13:41:46.967249+02
20231110,8742,25089.810,2026-10-07 13:41:46.967249+02,2026-10-07 13:41:46.967249+02
20231110,8743,12876.805,2026-10-07 13:41:46.967249+02,2026-10-07 13:41:46.967249+02
20231110,8744,488.733,2026-10-07 13:41:46.967249+02,2026-10-07 13:41:46.967249+02
20231110,8745,522.553,2026-10-07 13:41:46.967249+02,2026-10-07 13:41:46.967249+02
20231111,8741,591263.725,2026-10-07 13:41:46.967249+02,2026-10-07 13:41:46.967249+02
20231111,8742,24105.757,2026-10-07 13:41:46.967249+02,2026-10-07 13:41:46.967249+02
20231111,8743,12152.078,2026-10-07 13:41:46.967249+02,2026-10-07 13:41:46.967249+02
20231111,8744,480.824,2026-10-07 13:41:46.967249+02,2026-10-07 13:41:46.967249+02
20231111,8745,501.746,2026-10-07 13:41:46.967249+02,2026-10-07 13:41:46.967249+02
20231112,8741,538445.695,2026-10-07 13:41:46.967249+02,2026-10-07 13:41:46.967249+02
20231112,8742,22733.350,2026-10-07 13:41:46.967249+02,2026-10-07 13:41:46.967249+02
20231112,8743,11349.000,2026-10-07 13:41:46.967249+02,2026-10-07 13:41:46.967249+02
20231112,8744,467.950,2026-10-07 13:41:46.967249+02,2026-10-07 13:41:46.967249+02
20231112,8745,482.304,2026-10-07 13:41:46.967249+02,2026-10-07 13:41:46.967249+02
20231113,8741,634295.839,2026-10-07 13:41:46.967249+02,2026-10-07 13:41:46.967249+02
20231113,8742,25082.142,2026-10-07 13:41:46.967249+02,2026-10-07 13:41:46.967249+02
20231113,8743,12305.428,2026-10-07 13:41:46.967249+02,2026-10-07 13:41:46.967249+02
20231113,8744,488.518,2026-10-07 13:41:46.967249+02,2026-10-07 13:41:46.967249+02
20231113,8745,528.915,2026-10-07 13:41:46.967249+02,2026-10-07 13:41:46.967249+02
20231114,8741,643987.606,2026-10-07 13:41:46.967249+02,2026-10-07 13:41:46.967249+02
20231114,8742,25535.133,2026-10-07 13:41:46.967249+02,2026-10-07 13:41:46.967249+02
20231114,8743,12388.996,2026-10-07 13:41:46.967249+02,2026-10-07 13:41:46.967249+02
20231114,8744,497.352,2026-10-07 13:41:46.967249+02,2026-10-07 13:41:46.967249+02
20231114,8745,532.037,2026-10-07 13:41:46.967249+02,2026-10-07 13:41:46.967249+02
20231115,8741,651048.399,2026-10-07 13:41:46.967249+02,2026-10-07 13:41:46.967249+02
20231115,8742,25867.353,2026-10-07 13:41:46.967249+02,2026-10-07 13:41:46.967249+02
20231115,8743,12321.227,2026-10-07 13:41:46.967249+02,2026-10-07 13:41:46.967249+02
20231115,8744,493.068,2026-10-07 13:41:46.967249+02,2026-10-07 13:41:46.967249+02
20231115,8745,487.843,2026-10-07 13:41:46.967249+02,2026-10-07 13:41:46.967249+02
20231116,8741,655310.952,2026-10-07 13:41:46.967249+02,2026-10-07 13:41:46.967249+02
20231116,8742,25640.974,2026-10-07 13:41:46.967249+02,2026-10-07 13:41:46.967249+02
20231116,8743,12447.674,2026-10-07 13:41:46.967249+02,2026-10-07 13:41:46.967249+02
20231116,8744,494.268,2026-10-07 13:41:46.967249+02,2026-10-07 13:41:46.967249+02
20231116,8745,505.502,2026-10-07 13:41:46.967249+02,2026-10-07 13:41:46.967249+02
20231117,8741,643186.745,2026-10-07 13:41:46.967249+02,2026-10-07 13:41:46.967249+02
20231117,8742,25322.247,2026-10-07 13:41:46.967249+02,2026-10-07 13:41:46.967249+02
20231117,8743,12468.225,2026-10-07 13:41:46.967249+02,2026-10-07 13:41:46.967249+02
20231117,8744,491.879,2026-10-07 13:41:46.967249+02,2026-10-07 13:41:46.967249+02
20231117,8745,510.748,2026-10-07 13:41:46.967249+02,2026-10-07 13:41:46.967249+02
20231118,8741,567464.241,2026-10-07 13:41:46.967249+02,2026-10-07 13:41:46.967249+02
20231118,8742,24009.156,2026-10-07 13:41:46.967249+02,2026-10-07 13:41:46.967249+02
20231118,8743,11755.682,2026-10-07 13:41:46.967249+02,2026-10-07 13:41:46.967249+02
20231118,8744,482.845,2026-10-07 13:41:46.967249+02,2026-10-07 13:41:46.967249+02
20231118,8745,488.720,2026-10-07 13:41:46.967249+02,2026-10-07 13:41:46.967249+02
20231119,8741,525124.703,2026-10-07 13:41:46.967249+02,2026-10-07 13:41:46.967249+02
20231119,8742,22843.421,2026-10-07 13:41:46.967249+02,2026-10-07 13:41:46.967249+02
20231119,8743,11217.829,2026-10-07 13:41:46.967249+02,2026-10-07 13:41:46.967249+02
20231119,8744,471.098,2026-10-07 13:41:46.967249+02,2026-10-07 13:41:46.967249+02
20231119,8745,472.813,2026-10-07 13:41:46.967249+02,2026-10-07 13:41:46.967249+02
20231120,8741,635545.281,2026-10-07 13:41:46.967249+02,2026-10-07 13:41:46.967249+02
20231120,8742,25109.297,2026-10-07 13:41:46.967249+02,2026-10-07 13:41:46.967249+02
20231120,8743,12448.514,2026-10-07 13:41:46.967249+02,2026-10-07 13:41:46.967249+02
20231120,8744,487.675,2026-10-07 13:41:46.967249+02,2026-10-07 13:41:46.967249+02
20231120,8745,506.396,2026-10-07 13:41:46.967249+02,2026-10-07 13:41:46.967249+02
20231121,8741,658285.971,2026-10-07 13:41:46.967249+02,2026-10-07 13:41:46.967249+02
20231121,8742,25645.882,2026-10-07 13:41:46.967249+02,2026-10-07 13:41:46.967249+02
20231121,8743,12760.382,2026-10-07 13:41:46.967249+02,2026-10-07 13:41:46.967249+02
20231121,8744,499.589,2026-10-07 13:41:46.967249+02,2026-10-07 13:41:46.967249+02
20231121,8745,514.838,2026-10-07 13:41:46.967249+02,2026-10-07 13:41:46.967249+02
20231122,8741,669688.525,2026-10-07 13:41:46.967249+02,2026-10-07 13:41:46.967249+02
20231122,8742,25253.675,2026-10-07 13:41:46.967249+02,2026-10-07 13:41:46.967249+02
20231122,8743,13187.473,2026-10-07 13:41:46.967249+02,2026-10-07 13:41:46.967249+02
20231122,8744,497.664,2026-10-07 13:41:46.967249+02,2026-10-07 13:41:46.967249+02
20231122,8745,512.548,2026-10-07 13:41:46.967249+02,2026-10-07 13:41:46.967249+02
20231123,8741,674527.510,2026-10-07 13:41:46.967249+02,2026-10-07 13:41:46.967249+02
20231123,8742,25170.178,2026-10-07 13:41:46.967249+02,2026-10-07 13:41:46.967249+02
20231123,8743,13160.437,2026-10-07 13:41:46.967249+02,2026-10-07 13:41:46.967249+02
20231123,8744,494.746,2026-10-07 13:41:46.967249+02,2026-10-07 13:41:46.967249+02
20231123,8745,510.836,2026-10-07 13:41:46.967249+02,2026-10-07 13:41:46.967249+02
20231124,8741,675864.847,2026-10-07 13:41:46.967249+02,2026-10-07 13:41:46.967249+02
20231124,8742,25059.217,2026-10-07 13:41:46.967249+02,2026-10-07 13:41:46.967249+02
20231124,8743,13185.455,2026-10-07 13:41:46.967249+02,2026-10-07 13:41:46.967249+02
20231124,8744,494.559,2026-10-07 13:41:46.967249+02,2026-10-07 13:41:46.967249+02
20231124,8745,510.032,2026-10-07 13:41:46.967249+02,2026-10-07 13:41:46.967249+02
20231125,8741,597576.627,2026-10-07 13:41:46.967249+02,2026-10-07 13:41:46.967249+02
20231125,8742,23832.358,2026-10-07 13:41:46.967249+02,2026-10-07 13:41:46.967249+02
20231125,8743,12931.188,2026-10-07 13:41:46.967249+02,2026-10-07 13:41:46.967249+02
20231125,8744,479.631,2026-10-07 13:41:46.967249+02,2026-10-07 13:41:46.967249+02
20231125,8745,493.277,2026-10-07 13:41:46.967249+02,2026-10-07 13:41:46.967249+02
20231126,8741,566089.139,2026-10-07 13:41:46.967249+02,2026-10-07 13:41:46.967249+02
20231126,8742,22847.241,2026-10-07 13:41:46.967249+02,2026-10-07 13:41:46.967249+02
20231126,8743,12488.318,2026-10-07 13:41:46.967249+02,2026-10-07 13:41:46.967249+02
20231126,8744,469.448,2026-10-07 13:41:46.967249+02,2026-10-07 13:41:46.967249+02
20231126,8745,486.822,2026-10-07 13:41:46.967249+02,2026-10-07 13:41:46.967249+02
20231127,8741,681977.275,2026-10-07 13:41:46.967249+02,2026-10-07 13:41:46.967249+02
20231127,8742,24695.329,2026-10-07 13:41:46.967249+02,2026-10-07 13:41:46.967249+02
20231127,8743,13269.300,2026-10-07 13:41:46.967249+02,2026-10-07 13:41:46.967249+02
20231127,8744,500.655,2026-10-07 13:41:46.967249+02,2026-10-07 13:41:46.967249+02
20231127,8745,519.212,2026-10-07 13:41:46.967249+02,2026-10-07 13:41:46.967249+02
20231128,8741,698223.733,2026-10-07 13:41:46.967249+02,2026-10-07 13:41:46.967249+02
20231128,8742,24575.885,2026-10-07 13:41:46.967249+02,2026-10-07 13:41:46.967249+02
20231128,8743,13163.759,2026-10-07 13:41:46.967249+02,2026-10-07 13:41:46.967249+02
20231128,8744,510.678,2026-10-07 13:41:46.967249+02,2026-10-07 13:41:46.967249+02
20231128,8745,530.963,2026-10-07 13:41:46.967249+02,2026-10-07 13:41:46.967249+02
20231129,8741,697146.481,2026-10-07 13:41:46.967249+02,2026-10-07 13:41:46.967249+02
20231129,8742,24724.585,2026-10-07 13:41:46.967249+02,2026-10-07 13:41:46.967249+02
20231129,8743,12980.936,2026-10-07 13:41:46.967249+02,2026-10-07 13:41:46.967249+02
20231129,8744,511.929,2026-10-07 13:41:46.967249+02,2026-10-07 13:41:46.967249+02
20231129,8745,527.495,2026-10-07 13:41:46.967249+02,2026-10-07 13:41:46.967249+02
20231130,8741,685340.623,2026-10-07 13:41:46.967249+02,2026-10-07 13:41:46.967249+02
20231130,8742,24964.382,2026-10-07 13:41:46.967249+02,2026-10-07 13:41:46.967249+02
20231130,8743,13062.590,2026-10-07 13:41:46.967249+02,2026-10-07 13:41:46.967249+02
20231130,8744,496.502,2026-10-07 13:41:46.967249+02,2026-10-07 13:41:46.967249+02
20231130,8745,526.800,2026-10-07 13:41:46.967249+02,2026-10-07 13:41:46.967249+02
20231201,8741,683218.711,2026-10-07 13:41:46.967249+02,2026-10-07 13:41:46.967249+02
20231201,8742,24785.226,2026-10-07 13:41:46.967249+02,2026-10-07 13:41:46.967249+02
20231201,8743,12830.967,2026-10-07 13:41:46.967249+02,2026-10-07 13:41:46.967249+02
20231201,8744,486.907,2026-10-07 13:41:46.967249+02,2026-10-07 13:41:46.967249+02
20231201,8745,521.900,2026-10-07 13:41:46.967249+02,2026-10-07 13:41:46.967249+02
20231202,8741,609628.775,2026-10-07 13:41:46.967249+02,2026-10-07 13:41:46.967249+02
20231202,8742,23689.825,2026-10-07 13:41:46.967249+02,2026-10-07 13:41:46.967249+02
20231202,8743,12210.797,2026-10-07 13:41:46.967249+02,2026-10-07 13:41:46.967249+02
20231202,8744,488.477,2026-10-07 13:41:46.967249+02,2026-10-07 13:41:46.967249+02
20231202,8745,502.132,2026-10-07 13:41:46.967249+02,2026-10-07 13:41:46.967249+02
20231203,8741,588837.196,2026-10-07 13:41:46.967249+02,2026-10-07 13:41:46.967249+02
20231203,8742,22603.642,2026-10-07 13:41:46.967249+02,2026-10-07 13:41:46.967249+02
20231203,8743,12069.112,2026-10-07 13:41:46.967249+02,2026-10-07 13:41:46.967249+02
20231203,8744,480.391,2026-10-07 13:41:46.967249+02,2026-10-07 13:41:46.967249+02
20231203,8745,491.926,2026-10-07 13:41:46.967249+02,2026-10-07 13:41:46.967249+02
20231204,8741,704115.921,2026-10-07 13:41:46.967249+02,2026-10-07 13:41:46.967249+02
20231204,8742,24200.992,2026-10-07 13:41:46.967249+02,2026-10-07 13:41:46.967249+02
20231204,8743,14109.886,2026-10-07 13:41:46.967249+02,2026-10-07 13:41:46.967249+02
20231204,8744,499.167,2026-10-07 13:41:46.967249+02,2026-10-07 13:41:46.967249+02
20231204,8745,523.572,2026-10-07 13:41:46.967249+02,2026-10-07 13:41:46.967249+02
20231205,8741,712112.311,2026-10-07 13:41:46.967249+02,2026-10-07 13:41:46.967249+02
20231205,8742,24606.754,2026-10-07 13:41:46.967249+02,2026-10-07 13:41:46.967249+02
20231205,8743,13788.967,2026-10-07 13:41:46.967249+02,2026-10-07 13:41:46.967249+02
20231205,8744,492.091,2026-10-07 13:41:46.967249+02,2026-10-07 13:41:46.967249+02
20231205,8745,522.507,2026-10-07 13:41:46.967249+02,2026-10-07 13:41:46.967249+02
20231206,8741,637489.464,2026-10-07 13:41:46.967249+02,2026-10-07 13:41:46.967249+02
20231206,8742,23391.813,2026-10-07 13:41:46.967249+02,2026-10-07 13:41:46.967249+02
20231206,8743,12957.956,2026-10-07 13:41:46.967249+02,2026-10-07 13:41:46.967249+02
20231206,8744,495.146,2026-10-07 13:41:46.967249+02,2026-10-07 13:41:46.967249+02
20231206,8745,482.254,2026-10-07 13:41:46.967249+02,2026-10-07 13:41:46.967249+02
20231207,8741,662446.182,2026-10-07 13:41:46.967249+02,2026-10-07 13:41:46.967249+02
20231207,8742,24035.955,2026-10-07 13:41:46.967249+02,2026-10-07 13:41:46.967249+02
20231207,8743,13977.512,2026-10-07 13:41:46.967249+02,2026-10-07 13:41:46.967249+02
20231207,8744,473.703,2026-10-07 13:41:46.967249+02,2026-10-07 13:41:46.967249+02
20231207,8745,505.157,2026-10-07 13:41:46.967249+02,2026-10-07 13:41:46.967249+02
20231208,8741,601826.628,2026-10-07 13:41:46.967249+02,2026-10-07 13:41:46.967249+02
20231208,8742,22634.485,2026-10-07 13:41:46.967249+02,2026-10-07 13:41:46.967249+02
20231208,8743,12934.960,2026-10-07 13:41:46.967249+02,2026-10-07 13:41:46.967249+02
20231208,8744,441.476,2026-10-07 13:41:46.967249+02,2026-10-07 13:41:46.967249+02
20231208,8745,467.321,2026-10-07 13:41:46.967249+02,2026-10-07 13:41:46.967249+02
20231209,8741,597339.964,2026-10-07 13:41:46.967249+02,2026-10-07 13:41:46.967249+02
20231209,8742,22805.903,2026-10-07 13:41:46.967249+02,2026-10-07 13:41:46.967249+02
20231209,8743,12814.865,2026-10-07 13:41:46.967249+02,2026-10-07 13:41:46.967249+02
20231209,8744,456.124,2026-10-07 13:41:46.967249+02,2026-10-07 13:41:46.967249+02
20231209,8745,480.924,2026-10-07 13:41:46.967249+02,2026-10-07 13:41:46.967249+02
20231210,8741,569160.133,2026-10-07 13:41:46.967249+02,2026-10-07 13:41:46.967249+02
20231210,8742,22456.699,2026-10-07 13:41:46.967249+02,2026-10-07 13:41:46.967249+02
20231210,8743,11957.540,2026-10-07 13:41:46.967249+02,2026-10-07 13:41:46.967249+02
20231210,8744,472.196,2026-10-07 13:41:46.967249+02,2026-10-07 13:41:46.967249+02
20231210,8745,485.689,2026-10-07 13:41:46.967249+02,2026-10-07 13:41:46.967249+02
20231211,8741,674242.963,2026-10-07 13:41:46.967249+02,2026-10-07 13:41:46.967249+02
20231211,8742,24207.267,2026-10-07 13:41:46.967249+02,2026-10-07 13:41:46.967249+02
20231211,8743,13198.566,2026-10-07 13:41:46.967249+02,2026-10-07 13:41:46.967249+02
20231211,8744,495.275,2026-10-07 13:41:46.967249+02,2026-10-07 13:41:46.967249+02
20231211,8745,518.030,2026-10-07 13:41:46.967249+02,2026-10-07 13:41:46.967249+02
20231212,8741,696128.940,2026-10-07 13:41:46.967249+02,2026-10-07 13:41:46.967249+02
20231212,8742,24352.369,2026-10-07 13:41:46.967249+02,2026-10-07 13:41:46.967249+02
20231212,8743,13253.797,2026-10-07 13:41:46.967249+02,2026-10-07 13:41:46.967249+02
20231212,8744,502.654,2026-10-07 13:41:46.967249+02,2026-10-07 13:41:46.967249+02
20231212,8745,507.129,2026-10-07 13:41:46.967249+02,2026-10-07 13:41:46.967249+02
20231213,8741,702563.562,2026-10-07 13:41:46.967249+02,2026-10-07 13:41:46.967249+02
20231213,8742,24470.776,2026-10-07 13:41:46.967249+02,2026-10-07 13:41:46.967249+02
20231213,8743,13465.271,2026-10-07 13:41:46.967249+02,2026-10-07 13:41:46.967249+02
20231213,8744,523.735,2026-10-07 13:41:46.967249+02,2026-10-07 13:41:46.967249+02
20231213,8745,526.542,2026-10-07 13:41:46.967249+02,2026-10-07 13:41:46.967249+02
20231214,8741,705707.044,2026-10-07 13:41:46.967249+02,2026-10-07 13:41:46.967249+02
20231214,8742,24694.319,2026-10-07 13:41:46.967249+02,2026-10-07 13:41:46.967249+02
20231214,8743,13736.721,2026-10-07 13:41:46.967249+02,2026-10-07 13:41:46.967249+02
20231214,8744,507.912,2026-10-07 13:41:46.967249+02,2026-10-07 13:41:46.967249+02
20231214,8745,526.252,2026-10-07 13:41:46.967249+02,2026-10-07 13:41:46.967249+02
20231215,8741,699913.407,2026-10-07 13:41:46.967249+02,2026-10-07 13:41:46.967249+02
20231215,8742,24508.473,2026-10-07 13:41:46.967249+02,2026-10-07 13:41:46.967249+02
20231215,8743,13718.489,2026-10-07 13:41:46.967249+02,2026-10-07 13:41:46.967249+02
20231215,8744,517.011,2026-10-07 13:41:46.967249+02,2026-10-07 13:41:46.967249+02
20231215,8745,527.182,2026-10-07 13:41:46.967249+02,2026-10-07 13:41:46.967249+02
20231216,8741,624630.435,2026-10-07 13:41:46.967249+02,2026-10-07 13:41:46.967249+02
20231216,8742,23374.538,2026-10-07 13:41:46.967249+02,2026-10-07 13:41:46.967249+02
20231216,8743,13239.602,2026-10-07 13:41:46.967249+02,2026-10-07 13:41:46.967249+02
20231216,8744,506.588,2026-10-07 13:41:46.967249+02,2026-10-07 13:41:46.967249+02
20231216,8745,509.093,2026-10-07 13:41:46.967249+02,2026-10-07 13:41:46.967249+02
20231217,8741,599794.117,2026-10-07 13:41:46.967249+02,2026-10-07 13:41:46.967249+02
20231217,8742,22488.304,2026-10-07 13:41:46.967249+02,2026-10-07 13:41:46.967249+02
20231217,8743,13079.433,2026-10-07 13:41:46.967249+02,2026-10-07 13:41:46.967249+02
20231217,8744,497.073,2026-10-07 13:41:46.967249+02,2026-10-07 13:41:46.967249+02
20231217,8745,506.395,2026-10-07 13:41:46.967249+02,2026-10-07 13:41:46.967249+02
20231218,8741,718266.012,2026-10-07 13:41:46.967249+02,2026-10-07 13:41:46.967249+02
20231218,8742,24280.842,2026-10-07 13:41:46.967249+02,2026-10-07 13:41:46.967249+02
20231218,8743,14582.605,2026-10-07 13:41:46.967249+02,2026-10-07 13:41:46.967249+02
20231218,8744,527.560,2026-10-07 13:41:46.967249+02,2026-10-07 13:41:46.967249+02
20231218,8745,555.512,2026-10-07 13:41:46.967249+02,2026-10-07 13:41:46.967249+02
20231219,8741,733857.403,2026-10-07 13:41:46.967249+02,2026-10-07 13:41:46.967249+02
20231219,8742,24565.348,2026-10-07 13:41:46.967249+02,2026-10-07 13:41:46.967249+02
20231219,8743,14800.296,2026-10-07 13:41:46.967249+02,2026-10-07 13:41:46.967249+02
20231219,8744,529.221,2026-10-07 13:41:46.967249+02,2026-10-07 13:41:46.967249+02
20231219,8745,563.079,2026-10-07 13:41:46.967249+02,2026-10-07 13:41:46.967249+02
20231220,8741,740432.563,2026-10-07 13:41:46.967249+02,2026-10-07 13:41:46.967249+02
20231220,8742,24860.426,2026-10-07 13:41:46.967249+02,2026-10-07 13:41:46.967249+02
20231220,8743,15050.208,2026-10-07 13:41:46.967249+02,2026-10-07 13:41:46.967249+02
20231220,8744,538.781,2026-10-07 13:41:46.967249+02,2026-10-07 13:41:46.967249+02
20231220,8745,560.141,2026-10-07 13:41:46.967249+02,2026-10-07 13:41:46.967249+02
20231221,8741,718107.254,2026-10-07 13:41:46.967249+02,2026-10-07 13:41:46.967249+02
20231221,8742,24925.498,2026-10-07 13:41:46.967249+02,2026-10-07 13:41:46.967249+02
20231221,8743,14732.215,2026-10-07 13:41:46.967249+02,2026-10-07 13:41:46.967249+02
20231221,8744,530.542,2026-10-07 13:41:46.967249+02,2026-10-07 13:41:46.967249+02
20231221,8745,526.651,2026-10-07 13:41:46.967249+02,2026-10-07 13:41:46.967249+02
20231222,8741,681341.486,2026-10-07 13:41:46.967249+02,2026-10-07 13:41:46.967249+02
20231222,8742,24827.242,2026-10-07 13:41:46.967249+02,2026-10-07 13:41:46.967249+02
20231222,8743,14213.844,2026-10-07 13:41:46.967249+02,2026-10-07 13:41:46.967249+02
20231222,8744,515.298,2026-10-07 13:41:46.967249+02,2026-10-07 13:41:46.967249+02
20231222,8745,515.381,2026-10-07 13:41:46.967249+02,2026-10-07 13:41:46.967249+02
20231223,8741,602209.278,2026-10-07 13:41:46.967249+02,2026-10-07 13:41:46.967249+02
20231223,8742,24177.173,2026-10-07 13:41:46.967249+02,2026-10-07 13:41:46.967249+02
20231223,8743,13499.175,2026-10-07 13:41:46.967249+02,2026-10-07 13:41:46.967249+02
20231223,8744,504.712,2026-10-07 13:41:46.967249+02,2026-10-07 13:41:46.967249+02
20231223,8745,493.609,2026-10-07 13:41:46.967249+02,2026-10-07 13:41:46.967249+02
20231224,8741,558065.839,2026-10-07 13:41:46.967249+02,2026-10-07 13:41:46.967249+02
20231224,8742,23529.645,2026-10-07 13:41:46.967249+02,2026-10-07 13:41:46.967249+02
20231224,8743,13520.271,2026-10-07 13:41:46.967249+02,2026-10-07 13:41:46.967249+02
20231224,8744,491.427,2026-10-07 13:41:46.967249+02,2026-10-07 13:41:46.967249+02
20231224,8745,511.454,2026-10-07 13:41:46.967249+02,2026-10-07 13:41:46.967249+02
20231225,8741,518407.853,2026-10-07 13:41:46.967249+02,2026-10-07 13:41:46.967249+02
20231225,8742,21530.376,2026-10-07 13:41:46.967249+02,2026-10-07 13:41:46.967249+02
20231225,8743,12723.585,2026-10-07 13:41:46.967249+02,2026-10-07 13:41:46.967249+02
20231225,8744,462.596,2026-10-07 13:41:46.967249+02,2026-10-07 13:41:46.967249+02
20231225,8745,492.928,2026-10-07 13:41:46.967249+02,2026-10-07 13:41:46.967249+02
20231226,8741,616056.821,2026-10-07 13:41:46.967249+02,2026-10-07 13:41:46.967249+02
20231226,8742,24283.567,2026-10-07 13:41:46.967249+02,2026-10-07 13:41:46.967249+02
20231226,8743,13301.197,2026-10-07 13:41:46.967249+02,2026-10-07 13:41:46.967249+02
20231226,8744,489.667,2026-10-07 13:41:46.967249+02,2026-10-07 13:41:46.967249+02
20231226,8745,548.315,2026-10-07 13:41:46.967249+02,2026-10-07 13:41:46.967249+02
20231227,8741,662664.038,2026-10-07 13:41:46.967249+02,2026-10-07 13:41:46.967249+02
20231227,8742,24617.605,2026-10-07 13:41:46.967249+02,2026-10-07 13:41:46.967249+02
20231227,8743,14812.345,2026-10-07 13:41:46.967249+02,2026-10-07 13:41:46.967249+02
20231227,8744,504.869,2026-10-07 13:41:46.967249+02,2026-10-07 13:41:46.967249+02
20231227,8745,563.044,2026-10-07 13:41:46.967249+02,2026-10-07 13:41:46.967249+02
20231228,8741,670330.630,2026-10-07 13:41:46.967249+02,2026-10-07 13:41:46.967249+02
20231228,8742,24713.097,2026-10-07 13:41:46.967249+02,2026-10-07 13:41:46.967249+02
20231228,8743,14887.983,2026-10-07 13:41:46.967249+02,2026-10-07 13:41:46.967249+02
20231228,8744,508.919,2026-10-07 13:41:46.967249+02,2026-10-07 13:41:46.967249+02
20231228,8745,559.133,2026-10-07 13:41:46.967249+02,2026-10-07 13:41:46.967249+02
20231229,8741,658450.216,2026-10-07 13:41:46.967249+02,2026-10-07 13:41:46.967249+02
20231229,8742,24551.754,2026-10-07 13:41:46.967249+02,2026-10-07 13:41:46.967249+02
20231229,8743,14734.030,2026-10-07 13:41:46.967249+02,2026-10-07 13:41:46.967249+02
20231229,8744,498.149,2026-10-07 13:41:46.967249+02,2026-10-07 13:41:46.967249+02
20231229,8745,549.328,2026-10-07 13:41:46.967249+02,2026-10-07 13:41:46.967249+02
20231230,8741,591477.892,2026-10-07 13:41:46.967249+02,2026-10-07 13:41:46.967249+02
20231230,8742,23903.962,2026-10-07 13:41:46.967249+02,2026-10-07 13:41:46.967249+02
20231230,8743,13997.624,2026-10-07 13:41:46.967249+02,2026-10-07 13:41:46.967249+02
20231230,8744,498.320,2026-10-07 13:41:46.967249+02,2026-10-07 13:41:46.967249+02
20231230,8745,522.797,2026-10-07 13:41:46.967249+02,2026-10-07 13:41:46.967249+02
20231231,8741,567740.444,2026-10-07 13:41:46.967249+02,2026-10-07 13:41:46.967249+02
20231231,8742,23856.053,2026-10-07 13:41:46.967249+02,2026-10-07 13:41:46.967249+02
20231231,8743,14187.235,2026-10-07 13:41:46.967249+02,2026-10-07 13:41:46.967249+02
20231231,8744,487.977,2026-10-07 13:41:46.967249+02,2026-10-07 13:41:46.967249+02
20231231,8745,520.220,2026-10-07 13:41:46.967249+02,2026-10-07 13:41:46.967249+02
20240101,8741,518988.945,2026-10-07 13:41:46.967249+02,2026-10-07 13:41:46.967249+02
20240101,8742,21792.011,2026-10-07 13:41:46.967249+02,2026-10-07 13:41:46.967249+02
20240101,8743,13543.931,2026-10-07 13:41:46.967249+02,2026-10-07 13:41:46.967249+02
20240101,8744,442.446,2026-10-07 13:41:46.967249+02,2026-10-07 13:41:46.967249+02
20240101,8745,477.534,2026-10-07 13:41:46.967249+02,2026-10-07 13:41:46.967249+02
20240102,8741,662478.799,2026-10-07 13:41:46.967249+02,2026-10-07 13:41:46.967249+02
20240102,8742,24486.708,2026-10-07 13:41:46.967249+02,2026-10-07 13:41:46.967249+02
20240102,8743,15042.474,2026-10-07 13:41:46.967249+02,2026-10-07 13:41:46.967249+02
20240102,8744,486.432,2026-10-07 13:41:46.967249+02,2026-10-07 13:41:46.967249+02
20240102,8745,520.875,2026-10-07 13:41:46.967249+02,2026-10-07 13:41:46.967249+02
20240103,8741,681614.437,2026-10-07 13:41:46.967249+02,2026-10-07 13:41:46.967249+02
20240103,8742,24837.235,2026-10-07 13:41:46.967249+02,2026-10-07 13:41:46.967249+02
20240103,8743,14186.491,2026-10-07 13:41:46.967249+02,2026-10-07 13:41:46.967249+02
20240103,8744,485.791,2026-10-07 13:41:46.967249+02,2026-10-07 13:41:46.967249+02
20240103,8745,523.211,2026-10-07 13:41:46.967249+02,2026-10-07 13:41:46.967249+02
20240104,8741,685557.644,2026-10-07 13:41:46.967249+02,2026-10-07 13:41:46.967249+02
20240104,8742,24969.599,2026-10-07 13:41:46.967249+02,2026-10-07 13:41:46.967249+02
20240104,8743,14477.447,2026-10-07 13:41:46.967249+02,2026-10-07 13:41:46.967249+02
20240104,8744,487.030,2026-10-07 13:41:46.967249+02,2026-10-07 13:41:46.967249+02
20240104,8745,529.844,2026-10-07 13:41:46.967249+02,2026-10-07 13:41:46.967249+02
20240105,8741,658002.488,2026-10-07 13:41:46.967249+02,2026-10-07 13:41:46.967249+02
20240105,8742,24687.111,2026-10-07 13:41:46.967249+02,2026-10-07 13:41:46.967249+02
20240105,8743,14209.692,2026-10-07 13:41:46.967249+02,2026-10-07 13:41:46.967249+02
20240105,8744,489.655,2026-10-07 13:41:46.967249+02,2026-10-07 13:41:46.967249+02
20240105,8745,538.098,2026-10-07 13:41:46.967249+02,2026-10-07 13:41:46.967249+02
20240106,8741,577755.273,2026-10-07 13:41:46.967249+02,2026-10-07 13:41:46.967249+02
20240106,8742,22222.781,2026-10-07 13:41:46.967249+02,2026-10-07 13:41:46.967249+02
20240106,8743,13480.808,2026-10-07 13:41:46.967249+02,2026-10-07 13:41:46.967249+02
20240106,8744,477.294,2026-10-07 13:41:46.967249+02,2026-10-07 13:41:46.967249+02
20240106,8745,496.915,2026-10-07 13:41:46.967249+02,2026-10-07 13:41:46.967249+02
20240107,8741,600207.865,2026-10-07 13:41:46.967249+02,2026-10-07 13:41:46.967249+02
20240107,8742,22794.387,2026-10-07 13:41:46.967249+02,2026-10-07 13:41:46.967249+02
20240107,8743,13855.654,2026-10-07 13:41:46.967249+02,2026-10-07 13:41:46.967249+02
20240107,8744,499.436,2026-10-07 13:41:46.967249+02,2026-10-07 13:41:46.967249+02
20240107,8745,515.811,2026-10-07 13:41:46.967249+02,2026-10-07 13:41:46.967249+02
20240108,8741,742837.509,2026-10-07 13:41:46.967249+02,2026-10-07 13:41:46.967249+02
20240108,8742,24643.063,2026-10-07 13:41:46.967249+02,2026-10-07 13:41:46.967249+02
20240108,8743,15761.104,2026-10-07 13:41:46.967249+02,2026-10-07 13:41:46.967249+02
20240108,8744,536.957,2026-10-07 13:41:46.967249+02,2026-10-07 13:41:46.967249+02
20240108,8745,565.672,2026-10-07 13:41:46.967249+02,2026-10-07 13:41:46.967249+02
20240109,8741,769288.456,2026-10-07 13:41:46.967249+02,2026-10-07 13:41:46.967249+02
20240109,8742,24734.766,2026-10-07 13:41:46.967249+02,2026-10-07 13:41:46.967249+02
20240109,8743,16158.012,2026-10-07 13:41:46.967249+02,2026-10-07 13:41:46.967249+02
20240109,8744,569.700,2026-10-07 13:41:46.967249+02,2026-10-07 13:41:46.967249+02
20240109,8745,583.621,2026-10-07 13:41:46.967249+02,2026-10-07 13:41:46.967249+02
20240110,8741,776208.496,2026-10-07 13:41:46.967249+02,2026-10-07 13:41:46.967249+02
20240110,8742,24921.311,2026-10-07 13:41:46.967249+02,2026-10-07 13:41:46.967249+02
20240110,8743,16314.257,2026-10-07 13:41:46.967249+02,2026-10-07 13:41:46.967249+02
20240110,8744,540.486,2026-10-07 13:41:46.967249+02,2026-10-07 13:41:46.967249+02
20240110,8745,569.840,2026-10-07 13:41:46.967249+02,2026-10-07 13:41:46.967249+02
20240111,8741,765961.062,2026-10-07 13:41:46.967249+02,2026-10-07 13:41:46.967249+02
20240111,8742,25016.599,2026-10-07 13:41:46.967249+02,2026-10-07 13:41:46.967249+02
20240111,8743,16663.919,2026-10-07 13:41:46.967249+02,2026-10-07 13:41:46.967249+02
20240111,8744,540.573,2026-10-07 13:41:46.967249+02,2026-10-07 13:41:46.967249+02
20240111,8745,566.180,2026-10-07 13:41:46.967249+02,2026-10-07 13:41:46.967249+02
20240112,8741,763029.300,2026-10-07 13:41:46.967249+02,2026-10-07 13:41:46.967249+02
20240112,8742,24794.191,2026-10-07 13:41:46.967249+02,2026-10-07 13:41:46.967249+02
20240112,8743,16126.042,2026-10-07 13:41:46.967249+02,2026-10-07 13:41:46.967249+02
20240112,8744,525.878,2026-10-07 13:41:46.967249+02,2026-10-07 13:41:46.967249+02
20240112,8745,564.042,2026-10-07 13:41:46.967249+02,2026-10-07 13:41:46.967249+02
20240113,8741,677358.666,2026-10-07 13:41:46.967249+02,2026-10-07 13:41:46.967249+02
20240113,8742,23626.929,2026-10-07 13:41:46.967249+02,2026-10-07 13:41:46.967249+02
20240113,8743,15238.790,2026-10-07 13:41:46.967249+02,2026-10-07 13:41:46.967249+02
20240113,8744,542.748,2026-10-07 13:41:46.967249+02,2026-10-07 13:41:46.967249+02
20240113,8745,532.463,2026-10-07 13:41:46.967249+02,2026-10-07 13:41:46.967249+02
20240114,8741,622771.585,2026-10-07 13:41:46.967249+02,2026-10-07 13:41:46.967249+02
20240114,8742,22650.652,2026-10-07 13:41:46.967249+02,2026-10-07 13:41:46.967249+02
20240114,8743,14028.291,2026-10-07 13:41:46.967249+02,2026-10-07 13:41:46.967249+02
20240114,8744,508.750,2026-10-07 13:41:46.967249+02,2026-10-07 13:41:46.967249+02
20240114,8745,508.369,2026-10-07 13:41:46.967249+02,2026-10-07 13:41:46.967249+02
20240115,8741,729369.779,2026-10-07 13:41:46.967249+02,2026-10-07 13:41:46.967249+02
20240115,8742,24922.809,2026-10-07 13:41:46.967249+02,2026-10-07 13:41:46.967249+02
20240115,8743,14924.019,2026-10-07 13:41:46.967249+02,2026-10-07 13:41:46.967249+02
20240115,8744,497.833,2026-10-07 13:41:46.967249+02,2026-10-07 13:41:46.967249+02
20240115,8745,553.790,2026-10-07 13:41:46.967249+02,2026-10-07 13:41:46.967249+02
20240116,8741,730481.558,2026-10-07 13:41:46.967249+02,2026-10-07 13:41:46.967249+02
20240116,8742,24827.769,2026-10-07 13:41:46.967249+02,2026-10-07 13:41:46.967249+02
20240116,8743,13997.440,2026-10-07 13:41:46.967249+02,2026-10-07 13:41:46.967249+02
20240116,8744,516.287,2026-10-07 13:41:46.967249+02,2026-10-07 13:41:46.967249+02
20240116,8745,563.418,2026-10-07 13:41:46.967249+02,2026-10-07 13:41:46.967249+02
20240117,8741,719909.800,2026-10-07 13:41:46.967249+02,2026-10-07 13:41:46.967249+02
20240117,8742,25105.925,2026-10-07 13:41:46.967249+02,2026-10-07 13:41:46.967249+02
20240117,8743,13763.832,2026-10-07 13:41:46.967249+02,2026-10-07 13:41:46.967249+02
20240117,8744,530.635,2026-10-07 13:41:46.967249+02,2026-10-07 13:41:46.967249+02
20240117,8745,544.155,2026-10-07 13:41:46.967249+02,2026-10-07 13:41:46.967249+02
20240118,8741,703150.745,2026-10-07 13:41:46.967249+02,2026-10-07 13:41:46.967249+02
20240118,8742,25038.165,2026-10-07 13:41:46.967249+02,2026-10-07 13:41:46.967249+02
20240118,8743,13534.086,2026-10-07 13:41:46.967249+02,2026-10-07 13:41:46.967249+02
20240118,8744,521.427,2026-10-07 13:41:46.967249+02,2026-10-07 13:41:46.967249+02
20240118,8745,539.069,2026-10-07 13:41:46.967249+02,2026-10-07 13:41:46.967249+02
20240119,8741,736094.591,2026-10-07 13:41:46.967249+02,2026-10-07 13:41:46.967249+02
20240119,8742,24711.704,2026-10-07 13:41:46.967249+02,2026-10-07 13:41:46.967249+02
20240119,8743,14651.451,2026-10-07 13:41:46.967249+02,2026-10-07 13:41:46.967249+02
20240119,8744,523.655,2026-10-07 13:41:46.967249+02,2026-10-07 13:41:46.967249+02
20240119,8745,545.204,2026-10-07 13:41:46.967249+02,2026-10-07 13:41:46.967249+02
20240120,8741,644277.540,2026-10-07 13:41:46.967249+02,2026-10-07 13:41:46.967249+02
20240120,8742,23423.576,2026-10-07 13:41:46.967249+02,2026-10-07 13:41:46.967249+02
20240120,8743,14291.541,2026-10-07 13:41:46.967249+02,2026-10-07 13:41:46.967249+02
20240120,8744,526.493,2026-10-07 13:41:46.967249+02,2026-10-07 13:41:46.967249+02
20240120,8745,514.783,2026-10-07 13:41:46.967249+02,2026-10-07 13:41:46.967249+02
20240121,8741,603085.100,2026-10-07 13:41:46.967249+02,2026-10-07 13:41:46.967249+02
20240121,8742,22423.720,2026-10-07 13:41:46.967249+02,2026-10-07 13:41:46.967249+02
20240121,8743,14094.000,2026-10-07 13:41:46.967249+02,2026-10-07 13:41:46.967249+02
20240121,8744,502.140,2026-10-07 13:41:46.967249+02,2026-10-07 13:41:46.967249+02
20240121,8745,500.691,2026-10-07 13:41:46.967249+02,2026-10-07 13:41:46.967249+02
20240122,8741,715702.489,2026-10-07 13:41:46.967249+02,2026-10-07 13:41:46.967249+02
20240122,8742,24432.351,2026-10-07 13:41:46.967249+02,2026-10-07 13:41:46.967249+02
20240122,8743,15617.366,2026-10-07 13:41:46.967249+02,2026-10-07 13:41:46.967249+02
20240122,8744,522.812,2026-10-07 13:41:46.967249+02,2026-10-07 13:41:46.967249+02
20240122,8745,544.415,2026-10-07 13:41:46.967249+02,2026-10-07 13:41:46.967249+02
20240123,8741,712775.983,2026-10-07 13:41:46.967249+02,2026-10-07 13:41:46.967249+02
20240123,8742,24406.173,2026-10-07 13:41:46.967249+02,2026-10-07 13:41:46.967249+02
20240123,8743,14881.719,2026-10-07 13:41:46.967249+02,2026-10-07 13:41:46.967249+02
20240123,8744,519.132,2026-10-07 13:41:46.967249+02,2026-10-07 13:41:46.967249+02
20240123,8745,555.602,2026-10-07 13:41:46.967249+02,2026-10-07 13:41:46.967249+02
20240124,8741,700479.404,2026-10-07 13:41:46.967249+02,2026-10-07 13:41:46.967249+02
20240124,8742,24453.870,2026-10-07 13:41:46.967249+02,2026-10-07 13:41:46.967249+02
20240124,8743,14403.635,2026-10-07 13:41:46.967249+02,2026-10-07 13:41:46.967249+02
20240124,8744,536.032,2026-10-07 13:41:46.967249+02,2026-10-07 13:41:46.967249+02
20240124,8745,552.158,2026-10-07 13:41:46.967249+02,2026-10-07 13:41:46.967249+02
20240125,8741,692006.781,2026-10-07 13:41:46.967249+02,2026-10-07 13:41:46.967249+02
20240125,8742,24628.805,2026-10-07 13:41:46.967249+02,2026-10-07 13:41:46.967249+02
20240125,8743,14127.779,2026-10-07 13:41:46.967249+02,2026-10-07 13:41:46.967249+02
20240125,8744,518.339,2026-10-07 13:41:46.967249+02,2026-10-07 13:41:46.967249+02
20240125,8745,554.204,2026-10-07 13:41:46.967249+02,2026-10-07 13:41:46.967249+02
20240126,8741,683882.325,2026-10-07 13:41:46.967249+02,2026-10-07 13:41:46.967249+02
20240126,8742,24736.615,2026-10-07 13:41:46.967249+02,2026-10-07 13:41:46.967249+02
20240126,8743,13854.218,2026-10-07 13:41:46.967249+02,2026-10-07 13:41:46.967249+02
20240126,8744,504.591,2026-10-07 13:41:46.967249+02,2026-10-07 13:41:46.967249+02
20240126,8745,545.309,2026-10-07 13:41:46.967249+02,2026-10-07 13:41:46.967249+02
20240127,8741,599678.319,2026-10-07 13:41:46.967249+02,2026-10-07 13:41:46.967249+02
20240127,8742,23552.600,2026-10-07 13:41:46.967249+02,2026-10-07 13:41:46.967249+02
20240127,8743,12974.789,2026-10-07 13:41:46.967249+02,2026-10-07 13:41:46.967249+02
20240127,8744,497.736,2026-10-07 13:41:46.967249+02,2026-10-07 13:41:46.967249+02
20240127,8745,515.987,2026-10-07 13:41:46.967249+02,2026-10-07 13:41:46.967249+02
20240128,8741,564462.814,2026-10-07 13:41:46.967249+02,2026-10-07 13:41:46.967249+02
20240128,8742,22502.428,2026-10-07 13:41:46.967249+02,2026-10-07 13:41:46.967249+02
20240128,8743,12545.556,2026-10-07 13:41:46.967249+02,2026-10-07 13:41:46.967249+02
20240128,8744,515.037,2026-10-07 13:41:46.967249+02,2026-10-07 13:41:46.967249+02
20240128,8745,516.274,2026-10-07 13:41:46.967249+02,2026-10-07 13:41:46.967249+02
20240129,8741,682443.478,2026-10-07 13:41:46.967249+02,2026-10-07 13:41:46.967249+02
20240129,8742,24401.987,2026-10-07 13:41:46.967249+02,2026-10-07 13:41:46.967249+02
20240129,8743,14109.283,2026-10-07 13:41:46.967249+02,2026-10-07 13:41:46.967249+02
20240129,8744,524.794,2026-10-07 13:41:46.967249+02,2026-10-07 13:41:46.967249+02
20240129,8745,543.419,2026-10-07 13:41:46.967249+02,2026-10-07 13:41:46.967249+02
20240130,8741,699350.050,2026-10-07 13:41:46.967249+02,2026-10-07 13:41:46.967249+02
20240130,8742,24608.786,2026-10-07 13:41:46.967249+02,2026-10-07 13:41:46.967249+02
20240130,8743,14082.917,2026-10-07 13:41:46.967249+02,2026-10-07 13:41:46.967249+02
20240130,8744,526.364,2026-10-07 13:41:46.967249+02,2026-10-07 13:41:46.967249+02
20240130,8745,488.624,2026-10-07 13:41:46.967249+02,2026-10-07 13:41:46.967249+02
20240131,8741,703543.418,2026-10-07 13:41:46.967249+02,2026-10-07 13:41:46.967249+02
20240131,8742,24649.075,2026-10-07 13:41:46.967249+02,2026-10-07 13:41:46.967249+02
20240131,8743,14374.517,2026-10-07 13:41:46.967249+02,2026-10-07 13:41:46.967249+02
20240131,8744,532.269,2026-10-07 13:41:46.967249+02,2026-10-07 13:41:46.967249+02
20240131,8745,479.945,2026-10-07 13:41:46.967249+02,2026-10-07 13:41:46.967249+02
20240201,8741,702294.811,2026-10-07 13:41:46.967249+02,2026-10-07 13:41:46.967249+02
20240201,8742,24567.157,2026-10-07 13:41:46.967249+02,2026-10-07 13:41:46.967249+02
20240201,8743,14415.332,2026-10-07 13:41:46.967249+02,2026-10-07 13:41:46.967249+02
20240201,8744,531.323,2026-10-07 13:41:46.967249+02,2026-10-07 13:41:46.967249+02
20240201,8745,551.392,2026-10-07 13:41:46.967249+02,2026-10-07 13:41:46.967249+02
20240202,8741,693092.129,2026-10-07 13:41:46.967249+02,2026-10-07 13:41:46.967249+02
20240202,8742,23643.471,2026-10-07 13:41:46.967249+02,2026-10-07 13:41:46.967249+02
20240202,8743,14337.944,2026-10-07 13:41:46.967249+02,2026-10-07 13:41:46.967249+02
20240202,8744,525.974,2026-10-07 13:41:46.967249+02,2026-10-07 13:41:46.967249+02
20240202,8745,538.238,2026-10-07 13:41:46.967249+02,2026-10-07 13:41:46.967249+02
20240203,8741,607814.529,2026-10-07 13:41:46.967249+02,2026-10-07 13:41:46.967249+02
20240203,8742,23375.246,2026-10-07 13:41:46.967249+02,2026-10-07 13:41:46.967249+02
20240203,8743,13497.282,2026-10-07 13:41:46.967249+02,2026-10-07 13:41:46.967249+02
20240203,8744,484.034,2026-10-07 13:41:46.967249+02,2026-10-07 13:41:46.967249+02
20240203,8745,512.687,2026-10-07 13:41:46.967249+02,2026-10-07 13:41:46.967249+02
20240204,8741,566966.074,2026-10-07 13:41:46.967249+02,2026-10-07 13:41:46.967249+02
20240204,8742,22320.095,2026-10-07 13:41:46.967249+02,2026-10-07 13:41:46.967249+02
20240204,8743,12841.351,2026-10-07 13:41:46.967249+02,2026-10-07 13:41:46.967249+02
20240204,8744,497.726,2026-10-07 13:41:46.967249+02,2026-10-07 13:41:46.967249+02
20240204,8745,499.342,2026-10-07 13:41:46.967249+02,2026-10-07 13:41:46.967249+02
20240205,8741,683997.468,2026-10-07 13:41:46.967249+02,2026-10-07 13:41:46.967249+02
20240205,8742,24382.044,2026-10-07 13:41:46.967249+02,2026-10-07 13:41:46.967249+02
20240205,8743,14305.132,2026-10-07 13:41:46.967249+02,2026-10-07 13:41:46.967249+02
20240205,8744,518.951,2026-10-07 13:41:46.967249+02,2026-10-07 13:41:46.967249+02
20240205,8745,547.499,2026-10-07 13:41:46.967249+02,2026-10-07 13:41:46.967249+02
20240206,8741,697251.366,2026-10-07 13:41:46.967249+02,2026-10-07 13:41:46.967249+02
20240206,8742,24577.745,2026-10-07 13:41:46.967249+02,2026-10-07 13:41:46.967249+02
20240206,8743,14737.591,2026-10-07 13:41:46.967249+02,2026-10-07 13:41:46.967249+02
20240206,8744,527.344,2026-10-07 13:41:46.967249+02,2026-10-07 13:41:46.967249+02
20240206,8745,549.213,2026-10-07 13:41:46.967249+02,2026-10-07 13:41:46.967249+02
20240207,8741,709195.282,2026-10-07 13:41:46.967249+02,2026-10-07 13:41:46.967249+02
20240207,8742,24741.674,2026-10-07 13:41:46.967249+02,2026-10-07 13:41:46.967249+02
20240207,8743,14244.540,2026-10-07 13:41:46.967249+02,2026-10-07 13:41:46.967249+02
20240207,8744,512.181,2026-10-07 13:41:46.967249+02,2026-10-07 13:41:46.967249+02
20240207,8745,545.410,2026-10-07 13:41:46.967249+02,2026-10-07 13:41:46.967249+02
20240208,8741,713910.798,2026-10-07 13:41:46.967249+02,2026-10-07 13:41:46.967249+02
20240208,8742,24758.645,2026-10-07 13:41:46.967249+02,2026-10-07 13:41:46.967249+02
20240208,8743,14028.010,2026-10-07 13:41:46.967249+02,2026-10-07 13:41:46.967249+02
20240208,8744,527.746,2026-10-07 13:41:46.967249+02,2026-10-07 13:41:46.967249+02
20240208,8745,546.609,2026-10-07 13:41:46.967249+02,2026-10-07 13:41:46.967249+02
20240209,8741,714109.261,2026-10-07 13:41:46.967249+02,2026-10-07 13:41:46.967249+02
20240209,8742,25124.252,2026-10-07 13:41:46.967249+02,2026-10-07 13:41:46.967249+02
20240209,8743,14797.477,2026-10-07 13:41:46.967249+02,2026-10-07 13:41:46.967249+02
20240209,8744,498.437,2026-10-07 13:41:46.967249+02,2026-10-07 13:41:46.967249+02
20240209,8745,548.756,2026-10-07 13:41:46.967249+02,2026-10-07 13:41:46.967249+02
20240210,8741,624878.588,2026-10-07 13:41:46.967249+02,2026-10-07 13:41:46.967249+02
20240210,8742,24082.674,2026-10-07 13:41:46.967249+02,2026-10-07 13:41:46.967249+02
20240210,8743,13288.526,2026-10-07 13:41:46.967249+02,2026-10-07 13:41:46.967249+02
20240210,8744,520.435,2026-10-07 13:41:46.967249+02,2026-10-07 13:41:46.967249+02
20240210,8745,516.678,2026-10-07 13:41:46.967249+02,2026-10-07 13:41:46.967249+02
20240211,8741,600912.987,2026-10-07 13:41:46.967249+02,2026-10-07 13:41:46.967249+02
20240211,8742,22451.955,2026-10-07 13:41:46.967249+02,2026-10-07 13:41:46.967249+02
20240211,8743,13014.122,2026-10-07 13:41:46.967249+02,2026-10-07 13:41:46.967249+02
20240211,8744,506.081,2026-10-07 13:41:46.967249+02,2026-10-07 13:41:46.967249+02
20240211,8745,502.868,2026-10-07 13:41:46.967249+02,2026-10-07 13:41:46.967249+02
20240212,8741,675819.859,2026-10-07 13:41:46.967249+02,2026-10-07 13:41:46.967249+02
20240212,8742,23984.019,2026-10-07 13:41:46.967249+02,2026-10-07 13:41:46.967249+02
20240212,8743,13957.934,2026-10-07 13:41:46.967249+02,2026-10-07 13:41:46.967249+02
20240212,8744,501.335,2026-10-07 13:41:46.967249+02,2026-10-07 13:41:46.967249+02
20240212,8745,542.146,2026-10-07 13:41:46.967249+02,2026-10-07 13:41:46.967249+02
20240213,8741,674076.480,2026-10-07 13:41:46.967249+02,2026-10-07 13:41:46.967249+02
20240213,8742,22968.330,2026-10-07 13:41:46.967249+02,2026-10-07 13:41:46.967249+02
20240213,8743,13740.821,2026-10-07 13:41:46.967249+02,2026-10-07 13:41:46.967249+02
20240213,8744,508.873,2026-10-07 13:41:46.967249+02,2026-10-07 13:41:46.967249+02
20240213,8745,479.770,2026-10-07 13:41:46.967249+02,2026-10-07 13:41:46.967249+02
20240214,8741,680561.346,2026-10-07 13:41:46.967249+02,2026-10-07 13:41:46.967249+02
20240214,8742,24801.490,2026-10-07 13:41:46.967249+02,2026-10-07 13:41:46.967249+02
20240214,8743,13841.923,2026-10-07 13:41:46.967249+02,2026-10-07 13:41:46.967249+02
20240214,8744,502.461,2026-10-07 13:41:46.967249+02,2026-10-07 13:41:46.967249+02
20240214,8745,452.066,2026-10-07 13:41:46.967249+02,2026-10-07 13:41:46.967249+02
20240215,8741,689171.161,2026-10-07 13:41:46.967249+02,2026-10-07 13:41:46.967249+02
20240215,8742,25033.025,2026-10-07 13:41:46.967249+02,2026-10-07 13:41:46.967249+02
20240215,8743,13913.104,2026-10-07 13:41:46.967249+02,2026-10-07 13:41:46.967249+02
20240215,8744,487.403,2026-10-07 13:41:46.967249+02,2026-10-07 13:41:46.967249+02
20240215,8745,505.996,2026-10-07 13:41:46.967249+02,2026-10-07 13:41:46.967249+02
20240216,8741,677797.584,2026-10-07 13:41:46.967249+02,2026-10-07 13:41:46.967249+02
20240216,8742,24554.734,2026-10-07 13:41:46.967249+02,2026-10-07 13:41:46.967249+02
20240216,8743,14445.808,2026-10-07 13:41:46.967249+02,2026-10-07 13:41:46.967249+02
20240216,8744,477.816,2026-10-07 13:41:46.967249+02,2026-10-07 13:41:46.967249+02
20240216,8745,523.708,2026-10-07 13:41:46.967249+02,2026-10-07 13:41:46.967249+02
20240217,8741,586729.063,2026-10-07 13:41:46.967249+02,2026-10-07 13:41:46.967249+02
20240217,8742,23108.983,2026-10-07 13:41:46.967249+02,2026-10-07 13:41:46.967249+02
20240217,8743,13423.821,2026-10-07 13:41:46.967249+02,2026-10-07 13:41:46.967249+02
20240217,8744,473.556,2026-10-07 13:41:46.967249+02,2026-10-07 13:41:46.967249+02
20240217,8745,486.482,2026-10-07 13:41:46.967249+02,2026-10-07 13:41:46.967249+02
20240218,8741,549297.603,2026-10-07 13:41:46.967249+02,2026-10-07 13:41:46.967249+02
20240218,8742,22340.339,2026-10-07 13:41:46.967249+02,2026-10-07 13:41:46.967249+02
20240218,8743,12393.739,2026-10-07 13:41:46.967249+02,2026-10-07 13:41:46.967249+02
20240218,8744,470.108,2026-10-07 13:41:46.967249+02,2026-10-07 13:41:46.967249+02
20240218,8745,472.733,2026-10-07 13:41:46.967249+02,2026-10-07 13:41:46.967249+02
20240219,8741,649759.236,2026-10-07 13:41:46.967249+02,2026-10-07 13:41:46.967249+02
20240219,8742,24547.800,2026-10-07 13:41:46.967249+02,2026-10-07 13:41:46.967249+02
20240219,8743,14311.408,2026-10-07 13:41:46.967249+02,2026-10-07 13:41:46.967249+02
20240219,8744,495.569,2026-10-07 13:41:46.967249+02,2026-10-07 13:41:46.967249+02
20240219,8745,519.149,2026-10-07 13:41:46.967249+02,2026-10-07 13:41:46.967249+02
20240220,8741,661965.279,2026-10-07 13:41:46.967249+02,2026-10-07 13:41:46.967249+02
20240220,8742,24686.499,2026-10-07 13:41:46.967249+02,2026-10-07 13:41:46.967249+02
20240220,8743,14212.990,2026-10-07 13:41:46.967249+02,2026-10-07 13:41:46.967249+02
20240220,8744,500.876,2026-10-07 13:41:46.967249+02,2026-10-07 13:41:46.967249+02
20240220,8745,517.620,2026-10-07 13:41:46.967249+02,2026-10-07 13:41:46.967249+02
20240221,8741,677399.104,2026-10-07 13:41:46.967249+02,2026-10-07 13:41:46.967249+02
20240221,8742,24671.035,2026-10-07 13:41:46.967249+02,2026-10-07 13:41:46.967249+02
20240221,8743,14373.717,2026-10-07 13:41:46.967249+02,2026-10-07 13:41:46.967249+02
20240221,8744,502.340,2026-10-07 13:41:46.967249+02,2026-10-07 13:41:46.967249+02
20240221,8745,512.997,2026-10-07 13:41:46.967249+02,2026-10-07 13:41:46.967249+02
20240222,8741,687224.130,2026-10-07 13:41:46.967249+02,2026-10-07 13:41:46.967249+02
20240222,8742,24670.361,2026-10-07 13:41:46.967249+02,2026-10-07 13:41:46.967249+02
20240222,8743,14156.153,2026-10-07 13:41:46.967249+02,2026-10-07 13:41:46.967249+02
20240222,8744,501.836,2026-10-07 13:41:46.967249+02,2026-10-07 13:41:46.967249+02
20240222,8745,529.070,2026-10-07 13:41:46.967249+02,2026-10-07 13:41:46.967249+02
20240223,8741,685056.039,2026-10-07 13:41:46.967249+02,2026-10-07 13:41:46.967249+02
20240223,8742,24679.436,2026-10-07 13:41:46.967249+02,2026-10-07 13:41:46.967249+02
20240223,8743,13857.722,2026-10-07 13:41:46.967249+02,2026-10-07 13:41:46.967249+02
20240223,8744,510.472,2026-10-07 13:41:46.967249+02,2026-10-07 13:41:46.967249+02
20240223,8745,524.430,2026-10-07 13:41:46.967249+02,2026-10-07 13:41:46.967249+02
20240224,8741,619289.847,2026-10-07 13:41:46.967249+02,2026-10-07 13:41:46.967249+02
20240224,8742,23397.338,2026-10-07 13:41:46.967249+02,2026-10-07 13:41:46.967249+02
20240224,8743,14107.647,2026-10-07 13:41:46.967249+02,2026-10-07 13:41:46.967249+02
20240224,8744,501.215,2026-10-07 13:41:46.967249+02,2026-10-07 13:41:46.967249+02
20240224,8745,503.991,2026-10-07 13:41:46.967249+02,2026-10-07 13:41:46.967249+02
20240225,8741,589312.303,2026-10-07 13:41:46.967249+02,2026-10-07 13:41:46.967249+02
20240225,8742,22243.421,2026-10-07 13:41:46.967249+02,2026-10-07 13:41:46.967249+02
20240225,8743,13614.394,2026-10-07 13:41:46.967249+02,2026-10-07 13:41:46.967249+02
20240225,8744,491.081,2026-10-07 13:41:46.967249+02,2026-10-07 13:41:46.967249+02
20240225,8745,482.434,2026-10-07 13:41:46.967249+02,2026-10-07 13:41:46.967249+02
20240226,8741,689904.855,2026-10-07 13:41:46.967249+02,2026-10-07 13:41:46.967249+02
20240226,8742,24440.259,2026-10-07 13:41:46.967249+02,2026-10-07 13:41:46.967249+02
20240226,8743,15192.222,2026-10-07 13:41:46.967249+02,2026-10-07 13:41:46.967249+02
20240226,8744,520.401,2026-10-07 13:41:46.967249+02,2026-10-07 13:41:46.967249+02
20240226,8745,516.123,2026-10-07 13:41:46.967249+02,2026-10-07 13:41:46.967249+02
20240227,8741,704715.258,2026-10-07 13:41:46.967249+02,2026-10-07 13:41:46.967249+02
20240227,8742,24637.492,2026-10-07 13:41:46.967249+02,2026-10-07 13:41:46.967249+02
20240227,8743,15733.862,2026-10-07 13:41:46.967249+02,2026-10-07 13:41:46.967249+02
20240227,8744,520.543,2026-10-07 13:41:46.967249+02,2026-10-07 13:41:46.967249+02
20240227,8745,535.749,2026-10-07 13:41:46.967249+02,2026-10-07 13:41:46.967249+02
20240228,8741,690153.233,2026-10-07 13:41:46.967249+02,2026-10-07 13:41:46.967249+02
20240228,8742,24314.467,2026-10-07 13:41:46.967249+02,2026-10-07 13:41:46.967249+02
20240228,8743,16488.185,2026-10-07 13:41:46.967249+02,2026-10-07 13:41:46.967249+02
20240228,8744,524.126,2026-10-07 13:41:46.967249+02,2026-10-07 13:41:46.967249+02
20240228,8745,536.117,2026-10-07 13:41:46.967249+02,2026-10-07 13:41:46.967249+02
20240229,8741,695179.649,2026-10-07 13:41:46.967249+02,2026-10-07 13:41:46.967249+02
20240229,8742,24809.501,2026-10-07 13:41:46.967249+02,2026-10-07 13:41:46.967249+02
20240229,8743,14814.795,2026-10-07 13:41:46.967249+02,2026-10-07 13:41:46.967249+02
20240229,8744,518.243,2026-10-07 13:41:46.967249+02,2026-10-07 13:41:46.967249+02
20240229,8745,530.311,2026-10-07 13:41:46.967249+02,2026-10-07 13:41:46.967249+02
20240301,8741,689809.631,2026-10-07 13:41:46.967249+02,2026-10-07 13:41:46.967249+02
20240301,8742,24713.714,2026-10-07 13:41:46.967249+02,2026-10-07 13:41:46.967249+02
20240301,8743,13900.463,2026-10-07 13:41:46.967249+02,2026-10-07 13:41:46.967249+02
20240301,8744,518.687,2026-10-07 13:41:46.967249+02,2026-10-07 13:41:46.967249+02
20240301,8745,524.728,2026-10-07 13:41:46.967249+02,2026-10-07 13:41:46.967249+02
20240302,8741,628285.432,2026-10-07 13:41:46.967249+02,2026-10-07 13:41:46.967249+02
20240302,8742,23403.345,2026-10-07 13:41:46.967249+02,2026-10-07 13:41:46.967249+02
20240302,8743,13773.086,2026-10-07 13:41:46.967249+02,2026-10-07 13:41:46.967249+02
20240302,8744,503.641,2026-10-07 13:41:46.967249+02,2026-10-07 13:41:46.967249+02
20240302,8745,501.605,2026-10-07 13:41:46.967249+02,2026-10-07 13:41:46.967249+02
20240303,8741,584498.797,2026-10-07 13:41:46.967249+02,2026-10-07 13:41:46.967249+02
20240303,8742,22316.148,2026-10-07 13:41:46.967249+02,2026-10-07 13:41:46.967249+02
20240303,8743,13900.284,2026-10-07 13:41:46.967249+02,2026-10-07 13:41:46.967249+02
20240303,8744,500.354,2026-10-07 13:41:46.967249+02,2026-10-07 13:41:46.967249+02
20240303,8745,494.263,2026-10-07 13:41:46.967249+02,2026-10-07 13:41:46.967249+02
20240304,8741,697161.093,2026-10-07 13:41:46.967249+02,2026-10-07 13:41:46.967249+02
20240304,8742,24329.082,2026-10-07 13:41:46.967249+02,2026-10-07 13:41:46.967249+02
20240304,8743,14911.815,2026-10-07 13:41:46.967249+02,2026-10-07 13:41:46.967249+02
20240304,8744,511.160,2026-10-07 13:41:46.967249+02,2026-10-07 13:41:46.967249+02
20240304,8745,522.782,2026-10-07 13:41:46.967249+02,2026-10-07 13:41:46.967249+02
20240305,8741,683619.502,2026-10-07 13:41:46.967249+02,2026-10-07 13:41:46.967249+02
20240305,8742,24339.394,2026-10-07 13:41:46.967249+02,2026-10-07 13:41:46.967249+02
20240305,8743,14430.850,2026-10-07 13:41:46.967249+02,2026-10-07 13:41:46.967249+02
20240305,8744,506.849,2026-10-07 13:41:46.967249+02,2026-10-07 13:41:46.967249+02
20240305,8745,527.620,2026-10-07 13:41:46.967249+02,2026-10-07 13:41:46.967249+02
20240306,8741,689918.714,2026-10-07 13:41:46.967249+02,2026-10-07 13:41:46.967249+02
20240306,8742,24359.553,2026-10-07 13:41:46.967249+02,2026-10-07 13:41:46.967249+02
20240306,8743,14478.472,2026-10-07 13:41:46.967249+02,2026-10-07 13:41:46.967249+02
20240306,8744,508.443,2026-10-07 13:41:46.967249+02,2026-10-07 13:41:46.967249+02
20240306,8745,524.070,2026-10-07 13:41:46.967249+02,2026-10-07 13:41:46.967249+02
20240307,8741,705843.484,2026-10-07 13:41:46.967249+02,2026-10-07 13:41:46.967249+02
20240307,8742,24442.770,2026-10-07 13:41:46.967249+02,2026-10-07 13:41:46.967249+02
20240307,8743,14758.040,2026-10-07 13:41:46.967249+02,2026-10-07 13:41:46.967249+02
20240307,8744,521.311,2026-10-07 13:41:46.967249+02,2026-10-07 13:41:46.967249+02
20240307,8745,527.870,2026-10-07 13:41:46.967249+02,2026-10-07 13:41:46.967249+02
20240308,8741,709196.994,2026-10-07 13:41:46.967249+02,2026-10-07 13:41:46.967249+02
20240308,8742,24272.656,2026-10-07 13:41:46.967249+02,2026-10-07 13:41:46.967249+02
20240308,8743,14534.636,2026-10-07 13:41:46.967249+02,2026-10-07 13:41:46.967249+02
20240308,8744,510.715,2026-10-07 13:41:46.967249+02,2026-10-07 13:41:46.967249+02
20240308,8745,516.933,2026-10-07 13:41:46.967249+02,2026-10-07 13:41:46.967249+02
20240309,8741,652777.646,2026-10-07 13:41:46.967249+02,2026-10-07 13:41:46.967249+02
20240309,8742,23344.424,2026-10-07 13:41:46.967249+02,2026-10-07 13:41:46.967249+02
20240309,8743,15253.983,2026-10-07 13:41:46.967249+02,2026-10-07 13:41:46.967249+02
20240309,8744,539.536,2026-10-07 13:41:46.967249+02,2026-10-07 13:41:46.967249+02
20240309,8745,504.282,2026-10-07 13:41:46.967249+02,2026-10-07 13:41:46.967249+02
20240310,8741,590634.916,2026-10-07 13:41:46.967249+02,2026-10-07 13:41:46.967249+02
20240310,8742,22189.969,2026-10-07 13:41:46.967249+02,2026-10-07 13:41:46.967249+02
20240310,8743,13451.579,2026-10-07 13:41:46.967249+02,2026-10-07 13:41:46.967249+02
20240310,8744,542.773,2026-10-07 13:41:46.967249+02,2026-10-07 13:41:46.967249+02
20240310,8745,484.492,2026-10-07 13:41:46.967249+02,2026-10-07 13:41:46.967249+02
20240311,8741,678071.037,2026-10-07 13:41:46.967249+02,2026-10-07 13:41:46.967249+02
20240311,8742,24228.620,2026-10-07 13:41:46.967249+02,2026-10-07 13:41:46.967249+02
20240311,8743,14104.940,2026-10-07 13:41:46.967249+02,2026-10-07 13:41:46.967249+02
20240311,8744,511.245,2026-10-07 13:41:46.967249+02,2026-10-07 13:41:46.967249+02
20240311,8745,523.419,2026-10-07 13:41:46.967249+02,2026-10-07 13:41:46.967249+02
20240312,8741,676688.449,2026-10-07 13:41:46.967249+02,2026-10-07 13:41:46.967249+02
20240312,8742,24319.108,2026-10-07 13:41:46.967249+02,2026-10-07 13:41:46.967249+02
20240312,8743,14268.331,2026-10-07 13:41:46.967249+02,2026-10-07 13:41:46.967249+02
20240312,8744,513.346,2026-10-07 13:41:46.967249+02,2026-10-07 13:41:46.967249+02
20240312,8745,528.307,2026-10-07 13:41:46.967249+02,2026-10-07 13:41:46.967249+02
20240313,8741,676974.442,2026-10-07 13:41:46.967249+02,2026-10-07 13:41:46.967249+02
20240313,8742,24562.818,2026-10-07 13:41:46.967249+02,2026-10-07 13:41:46.967249+02
20240313,8743,14285.060,2026-10-07 13:41:46.967249+02,2026-10-07 13:41:46.967249+02
20240313,8744,509.857,2026-10-07 13:41:46.967249+02,2026-10-07 13:41:46.967249+02
20240313,8745,533.039,2026-10-07 13:41:46.967249+02,2026-10-07 13:41:46.967249+02
20240314,8741,677536.876,2026-10-07 13:41:46.967249+02,2026-10-07 13:41:46.967249+02
20240314,8742,24739.421,2026-10-07 13:41:46.967249+02,2026-10-07 13:41:46.967249+02
20240314,8743,14182.676,2026-10-07 13:41:46.967249+02,2026-10-07 13:41:46.967249+02
20240314,8744,501.360,2026-10-07 13:41:46.967249+02,2026-10-07 13:41:46.967249+02
20240314,8745,527.183,2026-10-07 13:41:46.967249+02,2026-10-07 13:41:46.967249+02
20240315,8741,658996.559,2026-10-07 13:41:46.967249+02,2026-10-07 13:41:46.967249+02
20240315,8742,24417.293,2026-10-07 13:41:46.967249+02,2026-10-07 13:41:46.967249+02
20240315,8743,13958.707,2026-10-07 13:41:46.967249+02,2026-10-07 13:41:46.967249+02
20240315,8744,487.514,2026-10-07 13:41:46.967249+02,2026-10-07 13:41:46.967249+02
20240315,8745,515.191,2026-10-07 13:41:46.967249+02,2026-10-07 13:41:46.967249+02
20240316,8741,582029.113,2026-10-07 13:41:46.967249+02,2026-10-07 13:41:46.967249+02
20240316,8742,23195.478,2026-10-07 13:41:46.967249+02,2026-10-07 13:41:46.967249+02
20240316,8743,12989.192,2026-10-07 13:41:46.967249+02,2026-10-07 13:41:46.967249+02
20240316,8744,490.158,2026-10-07 13:41:46.967249+02,2026-10-07 13:41:46.967249+02
20240316,8745,486.613,2026-10-07 13:41:46.967249+02,2026-10-07 13:41:46.967249+02
20240317,8741,536332.232,2026-10-07 13:41:46.967249+02,2026-10-07 13:41:46.967249+02
20240317,8742,22362.019,2026-10-07 13:41:46.967249+02,2026-10-07 13:41:46.967249+02
20240317,8743,12299.125,2026-10-07 13:41:46.967249+02,2026-10-07 13:41:46.967249+02
20240317,8744,489.529,2026-10-07 13:41:46.967249+02,2026-10-07 13:41:46.967249+02
20240317,8745,476.806,2026-10-07 13:41:46.967249+02,2026-10-07 13:41:46.967249+02
20240318,8741,617667.489,2026-10-07 13:41:46.967249+02,2026-10-07 13:41:46.967249+02
20240318,8742,24428.456,2026-10-07 13:41:46.967249+02,2026-10-07 13:41:46.967249+02
20240318,8743,13390.002,2026-10-07 13:41:46.967249+02,2026-10-07 13:41:46.967249+02
20240318,8744,475.650,2026-10-07 13:41:46.967249+02,2026-10-07 13:41:46.967249+02
20240318,8745,504.585,2026-10-07 13:41:46.967249+02,2026-10-07 13:41:46.967249+02
20240319,8741,612042.458,2026-10-07 13:41:46.967249+02,2026-10-07 13:41:46.967249+02
20240319,8742,24436.960,2026-10-07 13:41:46.967249+02,2026-10-07 13:41:46.967249+02
20240319,8743,13483.896,2026-10-07 13:41:46.967249+02,2026-10-07 13:41:46.967249+02
20240319,8744,474.204,2026-10-07 13:41:46.967249+02,2026-10-07 13:41:46.967249+02
20240319,8745,505.422,2026-10-07 13:41:46.967249+02,2026-10-07 13:41:46.967249+02
20240320,8741,638742.775,2026-10-07 13:41:46.967249+02,2026-10-07 13:41:46.967249+02
20240320,8742,24278.993,2026-10-07 13:41:46.967249+02,2026-10-07 13:41:46.967249+02
20240320,8743,13718.570,2026-10-07 13:41:46.967249+02,2026-10-07 13:41:46.967249+02
20240320,8744,474.362,2026-10-07 13:41:46.967249+02,2026-10-07 13:41:46.967249+02
20240320,8745,501.176,2026-10-07 13:41:46.967249+02,2026-10-07 13:41:46.967249+02
20240321,8741,644860.630,2026-10-07 13:41:46.967249+02,2026-10-07 13:41:46.967249+02
20240321,8742,24573.011,2026-10-07 13:41:46.967249+02,2026-10-07 13:41:46.967249+02
20240321,8743,13706.885,2026-10-07 13:41:46.967249+02,2026-10-07 13:41:46.967249+02
20240321,8744,479.642,2026-10-07 13:41:46.967249+02,2026-10-07 13:41:46.967249+02
20240321,8745,510.916,2026-10-07 13:41:46.967249+02,2026-10-07 13:41:46.967249+02
20240322,8741,636193.428,2026-10-07 13:41:46.967249+02,2026-10-07 13:41:46.967249+02
20240322,8742,24504.636,2026-10-07 13:41:46.967249+02,2026-10-07 13:41:46.967249+02
20240322,8743,13494.049,2026-10-07 13:41:46.967249+02,2026-10-07 13:41:46.967249+02
20240322,8744,474.566,2026-10-07 13:41:46.967249+02,2026-10-07 13:41:46.967249+02
20240322,8745,489.637,2026-10-07 13:41:46.967249+02,2026-10-07 13:41:46.967249+02
20240323,8741,566534.872,2026-10-07 13:41:46.967249+02,2026-10-07 13:41:46.967249+02
20240323,8742,23312.733,2026-10-07 13:41:46.967249+02,2026-10-07 13:41:46.967249+02
20240323,8743,12968.810,2026-10-07 13:41:46.967249+02,2026-10-07 13:41:46.967249+02
20240323,8744,475.325,2026-10-07 13:41:46.967249+02,2026-10-07 13:41:46.967249+02
20240323,8745,476.149,2026-10-07 13:41:46.967249+02,2026-10-07 13:41:46.967249+02
20240324,8741,527861.311,2026-10-07 13:41:46.967249+02,2026-10-07 13:41:46.967249+02
20240324,8742,21914.828,2026-10-07 13:41:46.967249+02,2026-10-07 13:41:46.967249+02
20240324,8743,12983.234,2026-10-07 13:41:46.967249+02,2026-10-07 13:41:46.967249+02
20240324,8744,491.341,2026-10-07 13:41:46.967249+02,2026-10-07 13:41:46.967249+02
20240324,8745,451.904,2026-10-07 13:41:46.967249+02,2026-10-07 13:41:46.967249+02
20240325,8741,645812.340,2026-10-07 13:41:46.967249+02,2026-10-07 13:41:46.967249+02
20240325,8742,23819.157,2026-10-07 13:41:46.967249+02,2026-10-07 13:41:46.967249+02
20240325,8743,14599.156,2026-10-07 13:41:46.967249+02,2026-10-07 13:41:46.967249+02
20240325,8744,475.091,2026-10-07 13:41:46.967249+02,2026-10-07 13:41:46.967249+02
20240325,8745,486.675,2026-10-07 13:41:46.967249+02,2026-10-07 13:41:46.967249+02
20240326,8741,659498.244,2026-10-07 13:41:46.967249+02,2026-10-07 13:41:46.967249+02
20240326,8742,24158.858,2026-10-07 13:41:46.967249+02,2026-10-07 13:41:46.967249+02
20240326,8743,15140.158,2026-10-07 13:41:46.967249+02,2026-10-07 13:41:46.967249+02
20240326,8744,492.257,2026-10-07 13:41:46.967249+02,2026-10-07 13:41:46.967249+02
20240326,8745,512.911,2026-10-07 13:41:46.967249+02,2026-10-07 13:41:46.967249+02
20240327,8741,655836.038,2026-10-07 13:41:46.967249+02,2026-10-07 13:41:46.967249+02
20240327,8742,23883.964,2026-10-07 13:41:46.967249+02,2026-10-07 13:41:46.967249+02
20240327,8743,14712.530,2026-10-07 13:41:46.967249+02,2026-10-07 13:41:46.967249+02
20240327,8744,476.333,2026-10-07 13:41:46.967249+02,2026-10-07 13:41:46.967249+02
20240327,8745,499.655,2026-10-07 13:41:46.967249+02,2026-10-07 13:41:46.967249+02
20240328,8741,580814.290,2026-10-07 13:41:46.967249+02,2026-10-07 13:41:46.967249+02
20240328,8742,22486.601,2026-10-07 13:41:46.967249+02,2026-10-07 13:41:46.967249+02
20240328,8743,13791.735,2026-10-07 13:41:46.967249+02,2026-10-07 13:41:46.967249+02
20240328,8744,448.517,2026-10-07 13:41:46.967249+02,2026-10-07 13:41:46.967249+02
20240328,8745,455.759,2026-10-07 13:41:46.967249+02,2026-10-07 13:41:46.967249+02
20240329,8741,537430.380,2026-10-07 13:41:46.967249+02,2026-10-07 13:41:46.967249+02
20240329,8742,21534.748,2026-10-07 13:41:46.967249+02,2026-10-07 13:41:46.967249+02
20240329,8743,13165.685,2026-10-07 13:41:46.967249+02,2026-10-07 13:41:46.967249+02
20240329,8744,441.507,2026-10-07 13:41:46.967249+02,2026-10-07 13:41:46.967249+02
20240329,8745,456.801,2026-10-07 13:41:46.967249+02,2026-10-07 13:41:46.967249+02
20240330,8741,551498.064,2026-10-07 13:41:46.967249+02,2026-10-07 13:41:46.967249+02
20240330,8742,22402.646,2026-10-07 13:41:46.967249+02,2026-10-07 13:41:46.967249+02
20240330,8743,13823.630,2026-10-07 13:41:46.967249+02,2026-10-07 13:41:46.967249+02
20240330,8744,505.738,2026-10-07 13:41:46.967249+02,2026-10-07 13:41:46.967249+02
20240330,8745,478.186,2026-10-07 13:41:46.967249+02,2026-10-07 13:41:46.967249+02
20240331,8741,527063.641,2026-10-07 13:41:46.967249+02,2026-10-07 13:41:46.967249+02
20240331,8742,20946.465,2026-10-07 13:41:46.967249+02,2026-10-07 13:41:46.967249+02
20240331,8743,12886.926,2026-10-07 13:41:46.967249+02,2026-10-07 13:41:46.967249+02
20240331,8744,497.756,2026-10-07 13:41:46.967249+02,2026-10-07 13:41:46.967249+02
20240331,8745,453.062,2026-10-07 13:41:46.967249+02,2026-10-07 13:41:46.967249+02
20240401,8741,584880.471,2026-10-07 13:41:46.967249+02,2026-10-07 13:41:46.967249+02
20240401,8742,24108.408,2026-10-07 13:41:46.967249+02,2026-10-07 13:41:46.967249+02
20240401,8743,13224.103,2026-10-07 13:41:46.967249+02,2026-10-07 13:41:46.967249+02
20240401,8744,545.664,2026-10-07 13:41:46.967249+02,2026-10-07 13:41:46.967249+02
20240401,8745,544.630,2026-10-07 13:41:46.967249+02,2026-10-07 13:41:46.967249+02
20240402,8741,655372.668,2026-10-07 13:41:46.967249+02,2026-10-07 13:41:46.967249+02
20240402,8742,24001.939,2026-10-07 13:41:46.967249+02,2026-10-07 13:41:46.967249+02
20240402,8743,14199.402,2026-10-07 13:41:46.967249+02,2026-10-07 13:41:46.967249+02
20240402,8744,534.601,2026-10-07 13:41:46.967249+02,2026-10-07 13:41:46.967249+02
20240402,8745,537.521,2026-10-07 13:41:46.967249+02,2026-10-07 13:41:46.967249+02
20240403,8741,649237.460,2026-10-07 13:41:46.967249+02,2026-10-07 13:41:46.967249+02
20240403,8742,24159.194,2026-10-07 13:41:46.967249+02,2026-10-07 13:41:46.967249+02
20240403,8743,14085.028,2026-10-07 13:41:46.967249+02,2026-10-07 13:41:46.967249+02
20240403,8744,533.032,2026-10-07 13:41:46.967249+02,2026-10-07 13:41:46.967249+02
20240403,8745,550.698,2026-10-07 13:41:46.967249+02,2026-10-07 13:41:46.967249+02
20240404,8741,638319.773,2026-10-07 13:41:46.967249+02,2026-10-07 13:41:46.967249+02
20240404,8742,24066.391,2026-10-07 13:41:46.967249+02,2026-10-07 13:41:46.967249+02
20240404,8743,14035.823,2026-10-07 13:41:46.967249+02,2026-10-07 13:41:46.967249+02
20240404,8744,529.599,2026-10-07 13:41:46.967249+02,2026-10-07 13:41:46.967249+02
20240404,8745,550.311,2026-10-07 13:41:46.967249+02,2026-10-07 13:41:46.967249+02
20240405,8741,632437.905,2026-10-07 13:41:46.967249+02,2026-10-07 13:41:46.967249+02
20240405,8742,24155.661,2026-10-07 13:41:46.967249+02,2026-10-07 13:41:46.967249+02
20240405,8743,14071.017,2026-10-07 13:41:46.967249+02,2026-10-07 13:41:46.967249+02
20240405,8744,517.577,2026-10-07 13:41:46.967249+02,2026-10-07 13:41:46.967249+02
20240405,8745,546.803,2026-10-07 13:41:46.967249+02,2026-10-07 13:41:46.967249+02
20240406,8741,566713.163,2026-10-07 13:41:46.967249+02,2026-10-07 13:41:46.967249+02
20240406,8742,23385.960,2026-10-07 13:41:46.967249+02,2026-10-07 13:41:46.967249+02
20240406,8743,13387.083,2026-10-07 13:41:46.967249+02,2026-10-07 13:41:46.967249+02
20240406,8744,525.645,2026-10-07 13:41:46.967249+02,2026-10-07 13:41:46.967249+02
20240406,8745,527.953,2026-10-07 13:41:46.967249+02,2026-10-07 13:41:46.967249+02
20240407,8741,526219.021,2026-10-07 13:41:46.967249+02,2026-10-07 13:41:46.967249+02
20240407,8742,21689.108,2026-10-07 13:41:46.967249+02,2026-10-07 13:41:46.967249+02
20240407,8743,12865.974,2026-10-07 13:41:46.967249+02,2026-10-07 13:41:46.967249+02
20240407,8744,527.143,2026-10-07 13:41:46.967249+02,2026-10-07 13:41:46.967249+02
20240407,8745,529.753,2026-10-07 13:41:46.967249+02,2026-10-07 13:41:46.967249+02
20240408,8741,618566.606,2026-10-07 13:41:46.967249+02,2026-10-07 13:41:46.967249+02
20240408,8742,23836.430,2026-10-07 13:41:46.967249+02,2026-10-07 13:41:46.967249+02
20240408,8743,14023.455,2026-10-07 13:41:46.967249+02,2026-10-07 13:41:46.967249+02
20240408,8744,530.780,2026-10-07 13:41:46.967249+02,2026-10-07 13:41:46.967249+02
20240408,8745,552.965,2026-10-07 13:41:46.967249+02,2026-10-07 13:41:46.967249+02
20240409,8741,629731.561,2026-10-07 13:41:46.967249+02,2026-10-07 13:41:46.967249+02
20240409,8742,23702.159,2026-10-07 13:41:46.967249+02,2026-10-07 13:41:46.967249+02
20240409,8743,13841.715,2026-10-07 13:41:46.967249+02,2026-10-07 13:41:46.967249+02
20240409,8744,511.621,2026-10-07 13:41:46.967249+02,2026-10-07 13:41:46.967249+02
20240409,8745,545.635,2026-10-07 13:41:46.967249+02,2026-10-07 13:41:46.967249+02
20240410,8741,629501.478,2026-10-07 13:41:46.967249+02,2026-10-07 13:41:46.967249+02
20240410,8742,24009.841,2026-10-07 13:41:46.967249+02,2026-10-07 13:41:46.967249+02
20240410,8743,13801.776,2026-10-07 13:41:46.967249+02,2026-10-07 13:41:46.967249+02
20240410,8744,470.755,2026-10-07 13:41:46.967249+02,2026-10-07 13:41:46.967249+02
20240410,8745,493.696,2026-10-07 13:41:46.967249+02,2026-10-07 13:41:46.967249+02
20240411,8741,625726.285,2026-10-07 13:41:46.967249+02,2026-10-07 13:41:46.967249+02
20240411,8742,25050.963,2026-10-07 13:41:46.967249+02,2026-10-07 13:41:46.967249+02
20240411,8743,14263.780,2026-10-07 13:41:46.967249+02,2026-10-07 13:41:46.967249+02
20240411,8744,492.909,2026-10-07 13:41:46.967249+02,2026-10-07 13:41:46.967249+02
20240411,8745,517.063,2026-10-07 13:41:46.967249+02,2026-10-07 13:41:46.967249+02
20240412,8741,624057.515,2026-10-07 13:41:46.967249+02,2026-10-07 13:41:46.967249+02
20240412,8742,25176.689,2026-10-07 13:41:46.967249+02,2026-10-07 13:41:46.967249+02
20240412,8743,14280.941,2026-10-07 13:41:46.967249+02,2026-10-07 13:41:46.967249+02
20240412,8744,496.089,2026-10-07 13:41:46.967249+02,2026-10-07 13:41:46.967249+02
20240412,8745,523.055,2026-10-07 13:41:46.967249+02,2026-10-07 13:41:46.967249+02
20240413,8741,547511.534,2026-10-07 13:41:46.967249+02,2026-10-07 13:41:46.967249+02
20240413,8742,23696.746,2026-10-07 13:41:46.967249+02,2026-10-07 13:41:46.967249+02
20240413,8743,13406.207,2026-10-07 13:41:46.967249+02,2026-10-07 13:41:46.967249+02
20240413,8744,505.806,2026-10-07 13:41:46.967249+02,2026-10-07 13:41:46.967249+02
20240413,8745,506.844,2026-10-07 13:41:46.967249+02,2026-10-07 13:41:46.967249+02
20240414,8741,507612.517,2026-10-07 13:41:46.967249+02,2026-10-07 13:41:46.967249+02
20240414,8742,22482.014,2026-10-07 13:41:46.967249+02,2026-10-07 13:41:46.967249+02
20240414,8743,12704.296,2026-10-07 13:41:46.967249+02,2026-10-07 13:41:46.967249+02
20240414,8744,502.536,2026-10-07 13:41:46.967249+02,2026-10-07 13:41:46.967249+02
20240414,8745,494.409,2026-10-07 13:41:46.967249+02,2026-10-07 13:41:46.967249+02
20240415,8741,608754.408,2026-10-07 13:41:46.967249+02,2026-10-07 13:41:46.967249+02
20240415,8742,24766.330,2026-10-07 13:41:46.967249+02,2026-10-07 13:41:46.967249+02
20240415,8743,13885.081,2026-10-07 13:41:46.967249+02,2026-10-07 13:41:46.967249+02
20240415,8744,521.545,2026-10-07 13:41:46.967249+02,2026-10-07 13:41:46.967249+02
20240415,8745,539.936,2026-10-07 13:41:46.967249+02,2026-10-07 13:41:46.967249+02
20240416,8741,626053.485,2026-10-07 13:41:46.967249+02,2026-10-07 13:41:46.967249+02
20240416,8742,24741.922,2026-10-07 13:41:46.967249+02,2026-10-07 13:41:46.967249+02
20240416,8743,14232.541,2026-10-07 13:41:46.967249+02,2026-10-07 13:41:46.967249+02
20240416,8744,520.640,2026-10-07 13:41:46.967249+02,2026-10-07 13:41:46.967249+02
20240416,8745,555.561,2026-10-07 13:41:46.967249+02,2026-10-07 13:41:46.967249+02
20240417,8741,621332.278,2026-10-07 13:41:46.967249+02,2026-10-07 13:41:46.967249+02
20240417,8742,24851.480,2026-10-07 13:41:46.967249+02,2026-10-07 13:41:46.967249+02
20240417,8743,14601.887,2026-10-07 13:41:46.967249+02,2026-10-07 13:41:46.967249+02
20240417,8744,521.143,2026-10-07 13:41:46.967249+02,2026-10-07 13:41:46.967249+02
20240417,8745,561.395,2026-10-07 13:41:46.967249+02,2026-10-07 13:41:46.967249+02
20240418,8741,625287.893,2026-10-07 13:41:46.967249+02,2026-10-07 13:41:46.967249+02
20240418,8742,24911.008,2026-10-07 13:41:46.967249+02,2026-10-07 13:41:46.967249+02
20240418,8743,15065.701,2026-10-07 13:41:46.967249+02,2026-10-07 13:41:46.967249+02
20240418,8744,515.098,2026-10-07 13:41:46.967249+02,2026-10-07 13:41:46.967249+02
20240418,8745,552.903,2026-10-07 13:41:46.967249+02,2026-10-07 13:41:46.967249+02
20240419,8741,623169.209,2026-10-07 13:41:46.967249+02,2026-10-07 13:41:46.967249+02
20240419,8742,24533.284,2026-10-07 13:41:46.967249+02,2026-10-07 13:41:46.967249+02
20240419,8743,14371.263,2026-10-07 13:41:46.967249+02,2026-10-07 13:41:46.967249+02
20240419,8744,502.872,2026-10-07 13:41:46.967249+02,2026-10-07 13:41:46.967249+02
20240419,8745,548.154,2026-10-07 13:41:46.967249+02,2026-10-07 13:41:46.967249+02
20240420,8741,551614.798,2026-10-07 13:41:46.967249+02,2026-10-07 13:41:46.967249+02
20240420,8742,23137.161,2026-10-07 13:41:46.967249+02,2026-10-07 13:41:46.967249+02
20240420,8743,13762.167,2026-10-07 13:41:46.967249+02,2026-10-07 13:41:46.967249+02
20240420,8744,508.556,2026-10-07 13:41:46.967249+02,2026-10-07 13:41:46.967249+02
20240420,8745,534.392,2026-10-07 13:41:46.967249+02,2026-10-07 13:41:46.967249+02
20240421,8741,509828.180,2026-10-07 13:41:46.967249+02,2026-10-07 13:41:46.967249+02
20240421,8742,21951.528,2026-10-07 13:41:46.967249+02,2026-10-07 13:41:46.967249+02
20240421,8743,13215.956,2026-10-07 13:41:46.967249+02,2026-10-07 13:41:46.967249+02
20240421,8744,499.232,2026-10-07 13:41:46.967249+02,2026-10-07 13:41:46.967249+02
20240421,8745,513.958,2026-10-07 13:41:46.967249+02,2026-10-07 13:41:46.967249+02
20240422,8741,609742.284,2026-10-07 13:41:46.967249+02,2026-10-07 13:41:46.967249+02
20240422,8742,23989.600,2026-10-07 13:41:46.967249+02,2026-10-07 13:41:46.967249+02
20240422,8743,16558.158,2026-10-07 13:41:46.967249+02,2026-10-07 13:41:46.967249+02
20240422,8744,520.957,2026-10-07 13:41:46.967249+02,2026-10-07 13:41:46.967249+02
20240422,8745,543.592,2026-10-07 13:41:46.967249+02,2026-10-07 13:41:46.967249+02
20240423,8741,625848.074,2026-10-07 13:41:46.967249+02,2026-10-07 13:41:46.967249+02
20240423,8742,24026.782,2026-10-07 13:41:46.967249+02,2026-10-07 13:41:46.967249+02
20240423,8743,16606.112,2026-10-07 13:41:46.967249+02,2026-10-07 13:41:46.967249+02
20240423,8744,517.876,2026-10-07 13:41:46.967249+02,2026-10-07 13:41:46.967249+02
20240423,8745,542.652,2026-10-07 13:41:46.967249+02,2026-10-07 13:41:46.967249+02
20240424,8741,634752.942,2026-10-07 13:41:46.967249+02,2026-10-07 13:41:46.967249+02
20240424,8742,23944.181,2026-10-07 13:41:46.967249+02,2026-10-07 13:41:46.967249+02
20240424,8743,15916.930,2026-10-07 13:41:46.967249+02,2026-10-07 13:41:46.967249+02
20240424,8744,516.019,2026-10-07 13:41:46.967249+02,2026-10-07 13:41:46.967249+02
20240424,8745,544.155,2026-10-07 13:41:46.967249+02,2026-10-07 13:41:46.967249+02
20240425,8741,650707.606,2026-10-07 13:41:46.967249+02,2026-10-07 13:41:46.967249+02
20240425,8742,23906.598,2026-10-07 13:41:46.967249+02,2026-10-07 13:41:46.967249+02
20240425,8743,15835.609,2026-10-07 13:41:46.967249+02,2026-10-07 13:41:46.967249+02
20240425,8744,516.344,2026-10-07 13:41:46.967249+02,2026-10-07 13:41:46.967249+02
20240425,8745,548.229,2026-10-07 13:41:46.967249+02,2026-10-07 13:41:46.967249+02
20240426,8741,635336.661,2026-10-07 13:41:46.967249+02,2026-10-07 13:41:46.967249+02
20240426,8742,23691.049,2026-10-07 13:41:46.967249+02,2026-10-07 13:41:46.967249+02
20240426,8743,15461.321,2026-10-07 13:41:46.967249+02,2026-10-07 13:41:46.967249+02
20240426,8744,507.830,2026-10-07 13:41:46.967249+02,2026-10-07 13:41:46.967249+02
20240426,8745,509.878,2026-10-07 13:41:46.967249+02,2026-10-07 13:41:46.967249+02
20240427,8741,573284.928,2026-10-07 13:41:46.967249+02,2026-10-07 13:41:46.967249+02
20240427,8742,22674.160,2026-10-07 13:41:46.967249+02,2026-10-07 13:41:46.967249+02
20240427,8743,15019.889,2026-10-07 13:41:46.967249+02,2026-10-07 13:41:46.967249+02
20240427,8744,514.390,2026-10-07 13:41:46.967249+02,2026-10-07 13:41:46.967249+02
20240427,8745,495.625,2026-10-07 13:41:46.967249+02,2026-10-07 13:41:46.967249+02
20240428,8741,531479.331,2026-10-07 13:41:46.967249+02,2026-10-07 13:41:46.967249+02
20240428,8742,21419.825,2026-10-07 13:41:46.967249+02,2026-10-07 13:41:46.967249+02
20240428,8743,14854.728,2026-10-07 13:41:46.967249+02,2026-10-07 13:41:46.967249+02
20240428,8744,511.837,2026-10-07 13:41:46.967249+02,2026-10-07 13:41:46.967249+02
20240428,8745,510.493,2026-10-07 13:41:46.967249+02,2026-10-07 13:41:46.967249+02
20240429,8741,631452.427,2026-10-07 13:41:46.967249+02,2026-10-07 13:41:46.967249+02
20240429,8742,23332.020,2026-10-07 13:41:46.967249+02,2026-10-07 13:41:46.967249+02
20240429,8743,16441.791,2026-10-07 13:41:46.967249+02,2026-10-07 13:41:46.967249+02
20240429,8744,510.250,2026-10-07 13:41:46.967249+02,2026-10-07 13:41:46.967249+02
20240429,8745,503.126,2026-10-07 13:41:46.967249+02,2026-10-07 13:41:46.967249+02
20240430,8741,624691.075,2026-10-07 13:41:46.967249+02,2026-10-07 13:41:46.967249+02
20240430,8742,23352.204,2026-10-07 13:41:46.967249+02,2026-10-07 13:41:46.967249+02
20240430,8743,15943.792,2026-10-07 13:41:46.967249+02,2026-10-07 13:41:46.967249+02
20240430,8744,502.522,2026-10-07 13:41:46.967249+02,2026-10-07 13:41:46.967249+02
20240430,8745,513.115,2026-10-07 13:41:46.967249+02,2026-10-07 13:41:46.967249+02
20240501,8741,531301.392,2026-10-07 13:41:46.967249+02,2026-10-07 13:41:46.967249+02
20240501,8742,21664.891,2026-10-07 13:41:46.967249+02,2026-10-07 13:41:46.967249+02
20240501,8743,14550.348,2026-10-07 13:41:46.967249+02,2026-10-07 13:41:46.967249+02
20240501,8744,474.461,2026-10-07 13:41:46.967249+02,2026-10-07 13:41:46.967249+02
20240501,8745,503.976,2026-10-07 13:41:46.967249+02,2026-10-07 13:41:46.967249+02
20240502,8741,595980.490,2026-10-07 13:41:46.967249+02,2026-10-07 13:41:46.967249+02
20240502,8742,23326.446,2026-10-07 13:41:46.967249+02,2026-10-07 13:41:46.967249+02
20240502,8743,15161.658,2026-10-07 13:41:46.967249+02,2026-10-07 13:41:46.967249+02
20240502,8744,497.928,2026-10-07 13:41:46.967249+02,2026-10-07 13:41:46.967249+02
20240502,8745,535.462,2026-10-07 13:41:46.967249+02,2026-10-07 13:41:46.967249+02
20240503,8741,613225.246,2026-10-07 13:41:46.967249+02,2026-10-07 13:41:46.967249+02
20240503,8742,22878.179,2026-10-07 13:41:46.967249+02,2026-10-07 13:41:46.967249+02
20240503,8743,15117.307,2026-10-07 13:41:46.967249+02,2026-10-07 13:41:46.967249+02
20240503,8744,486.624,2026-10-07 13:41:46.967249+02,2026-10-07 13:41:46.967249+02
20240503,8745,531.165,2026-10-07 13:41:46.967249+02,2026-10-07 13:41:46.967249+02
20240504,8741,555991.805,2026-10-07 13:41:46.967249+02,2026-10-07 13:41:46.967249+02
20240504,8742,22151.621,2026-10-07 13:41:46.967249+02,2026-10-07 13:41:46.967249+02
20240504,8743,14476.510,2026-10-07 13:41:46.967249+02,2026-10-07 13:41:46.967249+02
20240504,8744,498.670,2026-10-07 13:41:46.967249+02,2026-10-07 13:41:46.967249+02
20240504,8745,509.342,2026-10-07 13:41:46.967249+02,2026-10-07 13:41:46.967249+02
20240505,8741,520012.428,2026-10-07 13:41:46.967249+02,2026-10-07 13:41:46.967249+02
20240505,8742,21004.454,2026-10-07 13:41:46.967249+02,2026-10-07 13:41:46.967249+02
20240505,8743,13851.708,2026-10-07 13:41:46.967249+02,2026-10-07 13:41:46.967249+02
20240505,8744,494.280,2026-10-07 13:41:46.967249+02,2026-10-07 13:41:46.967249+02
20240505,8745,489.441,2026-10-07 13:41:46.967249+02,2026-10-07 13:41:46.967249+02
20240506,8741,608186.693,2026-10-07 13:41:46.967249+02,2026-10-07 13:41:46.967249+02
20240506,8742,23471.863,2026-10-07 13:41:46.967249+02,2026-10-07 13:41:46.967249+02
20240506,8743,15496.163,2026-10-07 13:41:46.967249+02,2026-10-07 13:41:46.967249+02
20240506,8744,527.619,2026-10-07 13:41:46.967249+02,2026-10-07 13:41:46.967249+02
20240506,8745,545.785,2026-10-07 13:41:46.967249+02,2026-10-07 13:41:46.967249+02
20240507,8741,612605.729,2026-10-07 13:41:46.967249+02,2026-10-07 13:41:46.967249+02
20240507,8742,23722.548,2026-10-07 13:41:46.967249+02,2026-10-07 13:41:46.967249+02
20240507,8743,15197.499,2026-10-07 13:41:46.967249+02,2026-10-07 13:41:46.967249+02
20240507,8744,509.749,2026-10-07 13:41:46.967249+02,2026-10-07 13:41:46.967249+02
20240507,8745,548.420,2026-10-07 13:41:46.967249+02,2026-10-07 13:41:46.967249+02
20240508,8741,618347.523,2026-10-07 13:41:46.967249+02,2026-10-07 13:41:46.967249+02
20240508,8742,24095.502,2026-10-07 13:41:46.967249+02,2026-10-07 13:41:46.967249+02
20240508,8743,15368.171,2026-10-07 13:41:46.967249+02,2026-10-07 13:41:46.967249+02
20240508,8744,517.433,2026-10-07 13:41:46.967249+02,2026-10-07 13:41:46.967249+02
20240508,8745,544.424,2026-10-07 13:41:46.967249+02,2026-10-07 13:41:46.967249+02
20240509,8741,615375.784,2026-10-07 13:41:46.967249+02,2026-10-07 13:41:46.967249+02
20240509,8742,24280.188,2026-10-07 13:41:46.967249+02,2026-10-07 13:41:46.967249+02
20240509,8743,15175.602,2026-10-07 13:41:46.967249+02,2026-10-07 13:41:46.967249+02
20240509,8744,516.560,2026-10-07 13:41:46.967249+02,2026-10-07 13:41:46.967249+02
20240509,8745,543.171,2026-10-07 13:41:46.967249+02,2026-10-07 13:41:46.967249+02
20240510,8741,605458.627,2026-10-07 13:41:46.967249+02,2026-10-07 13:41:46.967249+02
20240510,8742,24020.745,2026-10-07 13:41:46.967249+02,2026-10-07 13:41:46.967249+02
20240510,8743,15169.836,2026-10-07 13:41:46.967249+02,2026-10-07 13:41:46.967249+02
20240510,8744,508.629,2026-10-07 13:41:46.967249+02,2026-10-07 13:41:46.967249+02
20240510,8745,541.820,2026-10-07 13:41:46.967249+02,2026-10-07 13:41:46.967249+02
20240511,8741,541646.208,2026-10-07 13:41:46.967249+02,2026-10-07 13:41:46.967249+02
20240511,8742,22745.007,2026-10-07 13:41:46.967249+02,2026-10-07 13:41:46.967249+02
20240511,8743,14596.012,2026-10-07 13:41:46.967249+02,2026-10-07 13:41:46.967249+02
20240511,8744,508.537,2026-10-07 13:41:46.967249+02,2026-10-07 13:41:46.967249+02
20240511,8745,524.124,2026-10-07 13:41:46.967249+02,2026-10-07 13:41:46.967249+02
20240512,8741,504641.312,2026-10-07 13:41:46.967249+02,2026-10-07 13:41:46.967249+02
20240512,8742,21334.753,2026-10-07 13:41:46.967249+02,2026-10-07 13:41:46.967249+02
20240512,8743,14021.636,2026-10-07 13:41:46.967249+02,2026-10-07 13:41:46.967249+02
20240512,8744,512.464,2026-10-07 13:41:46.967249+02,2026-10-07 13:41:46.967249+02
20240512,8745,498.866,2026-10-07 13:41:46.967249+02,2026-10-07 13:41:46.967249+02
20240513,8741,606053.175,2026-10-07 13:41:46.967249+02,2026-10-07 13:41:46.967249+02
20240513,8742,23650.017,2026-10-07 13:41:46.967249+02,2026-10-07 13:41:46.967249+02
20240513,8743,15259.338,2026-10-07 13:41:46.967249+02,2026-10-07 13:41:46.967249+02
20240513,8744,519.588,2026-10-07 13:41:46.967249+02,2026-10-07 13:41:46.967249+02
20240513,8745,546.279,2026-10-07 13:41:46.967249+02,2026-10-07 13:41:46.967249+02
20240514,8741,624727.937,2026-10-07 13:41:46.967249+02,2026-10-07 13:41:46.967249+02
20240514,8742,24024.086,2026-10-07 13:41:46.967249+02,2026-10-07 13:41:46.967249+02
20240514,8743,15724.337,2026-10-07 13:41:46.967249+02,2026-10-07 13:41:46.967249+02
20240514,8744,512.373,2026-10-07 13:41:46.967249+02,2026-10-07 13:41:46.967249+02
20240514,8745,551.794,2026-10-07 13:41:46.967249+02,2026-10-07 13:41:46.967249+02
20240515,8741,614418.567,2026-10-07 13:41:46.967249+02,2026-10-07 13:41:46.967249+02
20240515,8742,24021.479,2026-10-07 13:41:46.967249+02,2026-10-07 13:41:46.967249+02
20240515,8743,15845.388,2026-10-07 13:41:46.967249+02,2026-10-07 13:41:46.967249+02
20240515,8744,516.044,2026-10-07 13:41:46.967249+02,2026-10-07 13:41:46.967249+02
20240515,8745,548.329,2026-10-07 13:41:46.967249+02,2026-10-07 13:41:46.967249+02
20240516,8741,620952.522,2026-10-07 13:41:46.967249+02,2026-10-07 13:41:46.967249+02
20240516,8742,23984.197,2026-10-07 13:41:46.967249+02,2026-10-07 13:41:46.967249+02
20240516,8743,15440.729,2026-10-07 13:41:46.967249+02,2026-10-07 13:41:46.967249+02
20240516,8744,516.548,2026-10-07 13:41:46.967249+02,2026-10-07 13:41:46.967249+02
20240516,8745,545.857,2026-10-07 13:41:46.967249+02,2026-10-07 13:41:46.967249+02
20240517,8741,611405.097,2026-10-07 13:41:46.967249+02,2026-10-07 13:41:46.967249+02
20240517,8742,24128.838,2026-10-07 13:41:46.967249+02,2026-10-07 13:41:46.967249+02
20240517,8743,15469.661,2026-10-07 13:41:46.967249+02,2026-10-07 13:41:46.967249+02
20240517,8744,499.928,2026-10-07 13:41:46.967249+02,2026-10-07 13:41:46.967249+02
20240517,8745,544.951,2026-10-07 13:41:46.967249+02,2026-10-07 13:41:46.967249+02
20240518,8741,545165.370,2026-10-07 13:41:46.967249+02,2026-10-07 13:41:46.967249+02
20240518,8742,22801.373,2026-10-07 13:41:46.967249+02,2026-10-07 13:41:46.967249+02
20240518,8743,15126.805,2026-10-07 13:41:46.967249+02,2026-10-07 13:41:46.967249+02
20240518,8744,521.914,2026-10-07 13:41:46.967249+02,2026-10-07 13:41:46.967249+02
20240518,8745,521.875,2026-10-07 13:41:46.967249+02,2026-10-07 13:41:46.967249+02
20240519,8741,507773.277,2026-10-07 13:41:46.967249+02,2026-10-07 13:41:46.967249+02
20240519,8742,21608.666,2026-10-07 13:41:46.967249+02,2026-10-07 13:41:46.967249+02
20240519,8743,14636.871,2026-10-07 13:41:46.967249+02,2026-10-07 13:41:46.967249+02
20240519,8744,502.212,2026-10-07 13:41:46.967249+02,2026-10-07 13:41:46.967249+02
20240519,8745,503.026,2026-10-07 13:41:46.967249+02,2026-10-07 13:41:46.967249+02
20240520,8741,591570.815,2026-10-07 13:41:46.967249+02,2026-10-07 13:41:46.967249+02
20240520,8742,23390.710,2026-10-07 13:41:46.967249+02,2026-10-07 13:41:46.967249+02
20240520,8743,16008.694,2026-10-07 13:41:46.967249+02,2026-10-07 13:41:46.967249+02
20240520,8744,507.036,2026-10-07 13:41:46.967249+02,2026-10-07 13:41:46.967249+02
20240520,8745,544.716,2026-10-07 13:41:46.967249+02,2026-10-07 13:41:46.967249+02
20240521,8741,615717.878,2026-10-07 13:41:46.967249+02,2026-10-07 13:41:46.967249+02
20240521,8742,23441.053,2026-10-07 13:41:46.967249+02,2026-10-07 13:41:46.967249+02
20240521,8743,15892.899,2026-10-07 13:41:46.967249+02,2026-10-07 13:41:46.967249+02
20240521,8744,512.955,2026-10-07 13:41:46.967249+02,2026-10-07 13:41:46.967249+02
20240521,8745,544.989,2026-10-07 13:41:46.967249+02,2026-10-07 13:41:46.967249+02
20240522,8741,618665.274,2026-10-07 13:41:46.967249+02,2026-10-07 13:41:46.967249+02
20240522,8742,23485.055,2026-10-07 13:41:46.967249+02,2026-10-07 13:41:46.967249+02
20240522,8743,15886.361,2026-10-07 13:41:46.967249+02,2026-10-07 13:41:46.967249+02
20240522,8744,523.243,2026-10-07 13:41:46.967249+02,2026-10-07 13:41:46.967249+02
20240522,8745,554.253,2026-10-07 13:41:46.967249+02,2026-10-07 13:41:46.967249+02
20240523,8741,617423.174,2026-10-07 13:41:46.967249+02,2026-10-07 13:41:46.967249+02
20240523,8742,23444.986,2026-10-07 13:41:46.967249+02,2026-10-07 13:41:46.967249+02
20240523,8743,15933.555,2026-10-07 13:41:46.967249+02,2026-10-07 13:41:46.967249+02
20240523,8744,523.888,2026-10-07 13:41:46.967249+02,2026-10-07 13:41:46.967249+02
20240523,8745,559.932,2026-10-07 13:41:46.967249+02,2026-10-07 13:41:46.967249+02
20240524,8741,612005.947,2026-10-07 13:41:46.967249+02,2026-10-07 13:41:46.967249+02
20240524,8742,23519.432,2026-10-07 13:41:46.967249+02,2026-10-07 13:41:46.967249+02
20240524,8743,16071.528,2026-10-07 13:41:46.967249+02,2026-10-07 13:41:46.967249+02
20240524,8744,506.843,2026-10-07 13:41:46.967249+02,2026-10-07 13:41:46.967249+02
20240524,8745,559.960,2026-10-07 13:41:46.967249+02,2026-10-07 13:41:46.967249+02
20240525,8741,545619.519,2026-10-07 13:41:46.967249+02,2026-10-07 13:41:46.967249+02
20240525,8742,22288.458,2026-10-07 13:41:46.967249+02,2026-10-07 13:41:46.967249+02
20240525,8743,15587.060,2026-10-07 13:41:46.967249+02,2026-10-07 13:41:46.967249+02
20240525,8744,538.919,2026-10-07 13:41:46.967249+02,2026-10-07 13:41:46.967249+02
20240525,8745,532.550,2026-10-07 13:41:46.967249+02,2026-10-07 13:41:46.967249+02
20240526,8741,506646.515,2026-10-07 13:41:46.967249+02,2026-10-07 13:41:46.967249+02
20240526,8742,21160.834,2026-10-07 13:41:46.967249+02,2026-10-07 13:41:46.967249+02
20240526,8743,15073.327,2026-10-07 13:41:46.967249+02,2026-10-07 13:41:46.967249+02
20240526,8744,514.779,2026-10-07 13:41:46.967249+02,2026-10-07 13:41:46.967249+02
20240526,8745,502.787,2026-10-07 13:41:46.967249+02,2026-10-07 13:41:46.967249+02
20240527,8741,614911.358,2026-10-07 13:41:46.967249+02,2026-10-07 13:41:46.967249+02
20240527,8742,23562.642,2026-10-07 13:41:46.967249+02,2026-10-07 13:41:46.967249+02
20240527,8743,16880.011,2026-10-07 13:41:46.967249+02,2026-10-07 13:41:46.967249+02
20240527,8744,529.183,2026-10-07 13:41:46.967249+02,2026-10-07 13:41:46.967249+02
20240527,8745,557.097,2026-10-07 13:41:46.967249+02,2026-10-07 13:41:46.967249+02
20240528,8741,624419.977,2026-10-07 13:41:46.967249+02,2026-10-07 13:41:46.967249+02
20240528,8742,23770.057,2026-10-07 13:41:46.967249+02,2026-10-07 13:41:46.967249+02
20240528,8743,16511.167,2026-10-07 13:41:46.967249+02,2026-10-07 13:41:46.967249+02
20240528,8744,542.693,2026-10-07 13:41:46.967249+02,2026-10-07 13:41:46.967249+02
20240528,8745,573.339,2026-10-07 13:41:46.967249+02,2026-10-07 13:41:46.967249+02
20240529,8741,637508.031,2026-10-07 13:41:46.967249+02,2026-10-07 13:41:46.967249+02
20240529,8742,23690.000,2026-10-07 13:41:46.967249+02,2026-10-07 13:41:46.967249+02
20240529,8743,16639.982,2026-10-07 13:41:46.967249+02,2026-10-07 13:41:46.967249+02
20240529,8744,540.177,2026-10-07 13:41:46.967249+02,2026-10-07 13:41:46.967249+02
20240529,8745,560.072,2026-10-07 13:41:46.967249+02,2026-10-07 13:41:46.967249+02
20240530,8741,644393.381,2026-10-07 13:41:46.967249+02,2026-10-07 13:41:46.967249+02
20240530,8742,21907.725,2026-10-07 13:41:46.967249+02,2026-10-07 13:41:46.967249+02
20240530,8743,16823.695,2026-10-07 13:41:46.967249+02,2026-10-07 13:41:46.967249+02
20240530,8744,536.925,2026-10-07 13:41:46.967249+02,2026-10-07 13:41:46.967249+02
20240530,8745,571.674,2026-10-07 13:41:46.967249+02,2026-10-07 13:41:46.967249+02
20240531,8741,630666.837,2026-10-07 13:41:46.967249+02,2026-10-07 13:41:46.967249+02
20240531,8742,23566.914,2026-10-07 13:41:46.967249+02,2026-10-07 13:41:46.967249+02
20240531,8743,16681.685,2026-10-07 13:41:46.967249+02,2026-10-07 13:41:46.967249+02
20240531,8744,533.094,2026-10-07 13:41:46.967249+02,2026-10-07 13:41:46.967249+02
20240531,8745,577.589,2026-10-07 13:41:46.967249+02,2026-10-07 13:41:46.967249+02
20240601,8741,566022.515,2026-10-07 13:41:46.967249+02,2026-10-07 13:41:46.967249+02
20240601,8742,22696.148,2026-10-07 13:41:46.967249+02,2026-10-07 13:41:46.967249+02
20240601,8743,15882.111,2026-10-07 13:41:46.967249+02,2026-10-07 13:41:46.967249+02
20240601,8744,551.559,2026-10-07 13:41:46.967249+02,2026-10-07 13:41:46.967249+02
20240601,8745,533.556,2026-10-07 13:41:46.967249+02,2026-10-07 13:41:46.967249+02
20240602,8741,523132.314,2026-10-07 13:41:46.967249+02,2026-10-07 13:41:46.967249+02
20240602,8742,21441.000,2026-10-07 13:41:46.967249+02,2026-10-07 13:41:46.967249+02
20240602,8743,15178.628,2026-10-07 13:41:46.967249+02,2026-10-07 13:41:46.967249+02
20240602,8744,524.560,2026-10-07 13:41:46.967249+02,2026-10-07 13:41:46.967249+02
20240602,8745,515.512,2026-10-07 13:41:46.967249+02,2026-10-07 13:41:46.967249+02
20240603,8741,623119.149,2026-10-07 13:41:46.967249+02,2026-10-07 13:41:46.967249+02
20240603,8742,23702.064,2026-10-07 13:41:46.967249+02,2026-10-07 13:41:46.967249+02
20240603,8743,16365.669,2026-10-07 13:41:46.967249+02,2026-10-07 13:41:46.967249+02
20240603,8744,517.543,2026-10-07 13:41:46.967249+02,2026-10-07 13:41:46.967249+02
20240603,8745,545.238,2026-10-07 13:41:46.967249+02,2026-10-07 13:41:46.967249+02
20240604,8741,634494.823,2026-10-07 13:41:46.967249+02,2026-10-07 13:41:46.967249+02
20240604,8742,24043.745,2026-10-07 13:41:46.967249+02,2026-10-07 13:41:46.967249+02
20240604,8743,16592.986,2026-10-07 13:41:46.967249+02,2026-10-07 13:41:46.967249+02
20240604,8744,529.727,2026-10-07 13:41:46.967249+02,2026-10-07 13:41:46.967249+02
20240604,8745,561.927,2026-10-07 13:41:46.967249+02,2026-10-07 13:41:46.967249+02
20240605,8741,648543.506,2026-10-07 13:41:46.967249+02,2026-10-07 13:41:46.967249+02
20240605,8742,24161.829,2026-10-07 13:41:46.967249+02,2026-10-07 13:41:46.967249+02
20240605,8743,16886.435,2026-10-07 13:41:46.967249+02,2026-10-07 13:41:46.967249+02
20240605,8744,539.243,2026-10-07 13:41:46.967249+02,2026-10-07 13:41:46.967249+02
20240605,8745,575.313,2026-10-07 13:41:46.967249+02,2026-10-07 13:41:46.967249+02
20240606,8741,666423.952,2026-10-07 13:41:46.967249+02,2026-10-07 13:41:46.967249+02
20240606,8742,24363.888,2026-10-07 13:41:46.967249+02,2026-10-07 13:41:46.967249+02
20240606,8743,17474.207,2026-10-07 13:41:46.967249+02,2026-10-07 13:41:46.967249+02
20240606,8744,547.930,2026-10-07 13:41:46.967249+02,2026-10-07 13:41:46.967249+02
20240606,8745,595.652,2026-10-07 13:41:46.967249+02,2026-10-07 13:41:46.967249+02
20240607,8741,665473.550,2026-10-07 13:41:46.967249+02,2026-10-07 13:41:46.967249+02
20240607,8742,24390.118,2026-10-07 13:41:46.967249+02,2026-10-07 13:41:46.967249+02
20240607,8743,18088.328,2026-10-07 13:41:46.967249+02,2026-10-07 13:41:46.967249+02
20240607,8744,537.973,2026-10-07 13:41:46.967249+02,2026-10-07 13:41:46.967249+02
20240607,8745,591.551,2026-10-07 13:41:46.967249+02,2026-10-07 13:41:46.967249+02
20240608,8741,582684.170,2026-10-07 13:41:46.967249+02,2026-10-07 13:41:46.967249+02
20240608,8742,23243.413,2026-10-07 13:41:46.967249+02,2026-10-07 13:41:46.967249+02
20240608,8743,17993.317,2026-10-07 13:41:46.967249+02,2026-10-07 13:41:46.967249+02
20240608,8744,553.102,2026-10-07 13:41:46.967249+02,2026-10-07 13:41:46.967249+02
20240608,8745,543.258,2026-10-07 13:41:46.967249+02,2026-10-07 13:41:46.967249+02
20240609,8741,525256.805,2026-10-07 13:41:46.967249+02,2026-10-07 13:41:46.967249+02
20240609,8742,21737.269,2026-10-07 13:41:46.967249+02,2026-10-07 13:41:46.967249+02
20240609,8743,16631.472,2026-10-07 13:41:46.967249+02,2026-10-07 13:41:46.967249+02
20240609,8744,531.534,2026-10-07 13:41:46.967249+02,2026-10-07 13:41:46.967249+02
20240609,8745,531.986,2026-10-07 13:41:46.967249+02,2026-10-07 13:41:46.967249+02
20240610,8741,624090.136,2026-10-07 13:41:46.967249+02,2026-10-07 13:41:46.967249+02
20240610,8742,23974.926,2026-10-07 13:41:46.967249+02,2026-10-07 13:41:46.967249+02
20240610,8743,18201.571,2026-10-07 13:41:46.967249+02,2026-10-07 13:41:46.967249+02
20240610,8744,516.477,2026-10-07 13:41:46.967249+02,2026-10-07 13:41:46.967249+02
20240610,8745,577.570,2026-10-07 13:41:46.967249+02,2026-10-07 13:41:46.967249+02
20240611,8741,631603.625,2026-10-07 13:41:46.967249+02,2026-10-07 13:41:46.967249+02
20240611,8742,24025.687,2026-10-07 13:41:46.967249+02,2026-10-07 13:41:46.967249+02
20240611,8743,18273.776,2026-10-07 13:41:46.967249+02,2026-10-07 13:41:46.967249+02
20240611,8744,540.121,2026-10-07 13:41:46.967249+02,2026-10-07 13:41:46.967249+02
20240611,8745,579.889,2026-10-07 13:41:46.967249+02,2026-10-07 13:41:46.967249+02
20240612,8741,627054.289,2026-10-07 13:41:46.967249+02,2026-10-07 13:41:46.967249+02
20240612,8742,23897.374,2026-10-07 13:41:46.967249+02,2026-10-07 13:41:46.967249+02
20240612,8743,17459.842,2026-10-07 13:41:46.967249+02,2026-10-07 13:41:46.967249+02
20240612,8744,537.024,2026-10-07 13:41:46.967249+02,2026-10-07 13:41:46.967249+02
20240612,8745,584.169,2026-10-07 13:41:46.967249+02,2026-10-07 13:41:46.967249+02
20240613,8741,614851.187,2026-10-07 13:41:46.967249+02,2026-10-07 13:41:46.967249+02
20240613,8742,23940.887,2026-10-07 13:41:46.967249+02,2026-10-07 13:41:46.967249+02
20240613,8743,16904.318,2026-10-07 13:41:46.967249+02,2026-10-07 13:41:46.967249+02
20240613,8744,479.885,2026-10-07 13:41:46.967249+02,2026-10-07 13:41:46.967249+02
20240613,8745,593.473,2026-10-07 13:41:46.967249+02,2026-10-07 13:41:46.967249+02
20240614,8741,631797.834,2026-10-07 13:41:46.967249+02,2026-10-07 13:41:46.967249+02
20240614,8742,23823.432,2026-10-07 13:41:46.967249+02,2026-10-07 13:41:46.967249+02
20240614,8743,17458.245,2026-10-07 13:41:46.967249+02,2026-10-07 13:41:46.967249+02
20240614,8744,525.076,2026-10-07 13:41:46.967249+02,2026-10-07 13:41:46.967249+02
20240614,8745,602.179,2026-10-07 13:41:46.967249+02,2026-10-07 13:41:46.967249+02
20240615,8741,560305.883,2026-10-07 13:41:46.967249+02,2026-10-07 13:41:46.967249+02
20240615,8742,22458.324,2026-10-07 13:41:46.967249+02,2026-10-07 13:41:46.967249+02
20240615,8743,17199.154,2026-10-07 13:41:46.967249+02,2026-10-07 13:41:46.967249+02
20240615,8744,533.400,2026-10-07 13:41:46.967249+02,2026-10-07 13:41:46.967249+02
20240615,8745,571.947,2026-10-07 13:41:46.967249+02,2026-10-07 13:41:46.967249+02
20240616,8741,522189.046,2026-10-07 13:41:46.967249+02,2026-10-07 13:41:46.967249+02
20240616,8742,21604.847,2026-10-07 13:41:46.967249+02,2026-10-07 13:41:46.967249+02
20240616,8743,16669.432,2026-10-07 13:41:46.967249+02,2026-10-07 13:41:46.967249+02
20240616,8744,524.444,2026-10-07 13:41:46.967249+02,2026-10-07 13:41:46.967249+02
20240616,8745,526.742,2026-10-07 13:41:46.967249+02,2026-10-07 13:41:46.967249+02
20240617,8741,638691.794,2026-10-07 13:41:46.967249+02,2026-10-07 13:41:46.967249+02
20240617,8742,23710.871,2026-10-07 13:41:46.967249+02,2026-10-07 13:41:46.967249+02
20240617,8743,18431.865,2026-10-07 13:41:46.967249+02,2026-10-07 13:41:46.967249+02
20240617,8744,466.511,2026-10-07 13:41:46.967249+02,2026-10-07 13:41:46.967249+02
20240617,8745,519.875,2026-10-07 13:41:46.967249+02,2026-10-07 13:41:46.967249+02
20240618,8741,654880.472,2026-10-07 13:41:46.967249+02,2026-10-07 13:41:46.967249+02
20240618,8742,23957.312,2026-10-07 13:41:46.967249+02,2026-10-07 13:41:46.967249+02
20240618,8743,19477.266,2026-10-07 13:41:46.967249+02,2026-10-07 13:41:46.967249+02
20240618,8744,532.166,2026-10-07 13:41:46.967249+02,2026-10-07 13:41:46.967249+02
20240618,8745,572.180,2026-10-07 13:41:46.967249+02,2026-10-07 13:41:46.967249+02
20240619,8741,645730.125,2026-10-07 13:41:46.967249+02,2026-10-07 13:41:46.967249+02
20240619,8742,23928.878,2026-10-07 13:41:46.967249+02,2026-10-07 13:41:46.967249+02
20240619,8743,20119.169,2026-10-07 13:41:46.967249+02,2026-10-07 13:41:46.967249+02
20240619,8744,531.128,2026-10-07 13:41:46.967249+02,2026-10-07 13:41:46.967249+02
20240619,8745,574.971,2026-10-07 13:41:46.967249+02,2026-10-07 13:41:46.967249+02
20240620,8741,639543.653,2026-10-07 13:41:46.967249+02,2026-10-07 13:41:46.967249+02
20240620,8742,23868.158,2026-10-07 13:41:46.967249+02,2026-10-07 13:41:46.967249+02
20240620,8743,19921.140,2026-10-07 13:41:46.967249+02,2026-10-07 13:41:46.967249+02
20240620,8744,529.126,2026-10-07 13:41:46.967249+02,2026-10-07 13:41:46.967249+02
20240620,8745,572.564,2026-10-07 13:41:46.967249+02,2026-10-07 13:41:46.967249+02
20240621,8741,625465.814,2026-10-07 13:41:46.967249+02,2026-10-07 13:41:46.967249+02
20240621,8742,23766.011,2026-10-07 13:41:46.967249+02,2026-10-07 13:41:46.967249+02
20240621,8743,19351.581,2026-10-07 13:41:46.967249+02,2026-10-07 13:41:46.967249+02
20240621,8744,529.961,2026-10-07 13:41:46.967249+02,2026-10-07 13:41:46.967249+02
20240621,8745,575.798,2026-10-07 13:41:46.967249+02,2026-10-07 13:41:46.967249+02
20240622,8741,566621.024,2026-10-07 13:41:46.967249+02,2026-10-07 13:41:46.967249+02
20240622,8742,22538.792,2026-10-07 13:41:46.967249+02,2026-10-07 13:41:46.967249+02
20240622,8743,18591.942,2026-10-07 13:41:46.967249+02,2026-10-07 13:41:46.967249+02
20240622,8744,530.950,2026-10-07 13:41:46.967249+02,2026-10-07 13:41:46.967249+02
20240622,8745,555.808,2026-10-07 13:41:46.967249+02,2026-10-07 13:41:46.967249+02
20240623,8741,529376.537,2026-10-07 13:41:46.967249+02,2026-10-07 13:41:46.967249+02
20240623,8742,21297.818,2026-10-07 13:41:46.967249+02,2026-10-07 13:41:46.967249+02
20240623,8743,17756.398,2026-10-07 13:41:46.967249+02,2026-10-07 13:41:46.967249+02
20240623,8744,532.865,2026-10-07 13:41:46.967249+02,2026-10-07 13:41:46.967249+02
20240623,8745,530.845,2026-10-07 13:41:46.967249+02,2026-10-07 13:41:46.967249+02
20240624,8741,607557.454,2026-10-07 13:41:46.967249+02,2026-10-07 13:41:46.967249+02
20240624,8742,22943.429,2026-10-07 13:41:46.967249+02,2026-10-07 13:41:46.967249+02
20240624,8743,17754.092,2026-10-07 13:41:46.967249+02,2026-10-07 13:41:46.967249+02
20240624,8744,552.206,2026-10-07 13:41:46.967249+02,2026-10-07 13:41:46.967249+02
20240624,8745,609.625,2026-10-07 13:41:46.967249+02,2026-10-07 13:41:46.967249+02
20240625,8741,669126.030,2026-10-07 13:41:46.967249+02,2026-10-07 13:41:46.967249+02
20240625,8742,24135.478,2026-10-07 13:41:46.967249+02,2026-10-07 13:41:46.967249+02
20240625,8743,18489.627,2026-10-07 13:41:46.967249+02,2026-10-07 13:41:46.967249+02
20240625,8744,559.594,2026-10-07 13:41:46.967249+02,2026-10-07 13:41:46.967249+02
20240625,8745,611.376,2026-10-07 13:41:46.967249+02,2026-10-07 13:41:46.967249+02
20240626,8741,673362.179,2026-10-07 13:41:46.967249+02,2026-10-07 13:41:46.967249+02
20240626,8742,24241.901,2026-10-07 13:41:46.967249+02,2026-10-07 13:41:46.967249+02
20240626,8743,19114.350,2026-10-07 13:41:46.967249+02,2026-10-07 13:41:46.967249+02
20240626,8744,551.852,2026-10-07 13:41:46.967249+02,2026-10-07 13:41:46.967249+02
20240626,8745,622.102,2026-10-07 13:41:46.967249+02,2026-10-07 13:41:46.967249+02
20240627,8741,675783.929,2026-10-07 13:41:46.967249+02,2026-10-07 13:41:46.967249+02
20240627,8742,24150.840,2026-10-07 13:41:46.967249+02,2026-10-07 13:41:46.967249+02
20240627,8743,19987.466,2026-10-07 13:41:46.967249+02,2026-10-07 13:41:46.967249+02
20240627,8744,537.054,2026-10-07 13:41:46.967249+02,2026-10-07 13:41:46.967249+02
20240627,8745,595.419,2026-10-07 13:41:46.967249+02,2026-10-07 13:41:46.967249+02
20240628,8741,669671.341,2026-10-07 13:41:46.967249+02,2026-10-07 13:41:46.967249+02
20240628,8742,24051.107,2026-10-07 13:41:46.967249+02,2026-10-07 13:41:46.967249+02
20240628,8743,20670.133,2026-10-07 13:41:46.967249+02,2026-10-07 13:41:46.967249+02
20240628,8744,528.084,2026-10-07 13:41:46.967249+02,2026-10-07 13:41:46.967249+02
20240628,8745,590.554,2026-10-07 13:41:46.967249+02,2026-10-07 13:41:46.967249+02
20240629,8741,586682.167,2026-10-07 13:41:46.967249+02,2026-10-07 13:41:46.967249+02
20240629,8742,22917.622,2026-10-07 13:41:46.967249+02,2026-10-07 13:41:46.967249+02
20240629,8743,19458.861,2026-10-07 13:41:46.967249+02,2026-10-07 13:41:46.967249+02
20240629,8744,526.512,2026-10-07 13:41:46.967249+02,2026-10-07 13:41:46.967249+02
20240629,8745,557.665,2026-10-07 13:41:46.967249+02,2026-10-07 13:41:46.967249+02
20240630,8741,543400.537,2026-10-07 13:41:46.967249+02,2026-10-07 13:41:46.967249+02
20240630,8742,21497.645,2026-10-07 13:41:46.967249+02,2026-10-07 13:41:46.967249+02
20240630,8743,18660.249,2026-10-07 13:41:46.967249+02,2026-10-07 13:41:46.967249+02
20240630,8744,528.489,2026-10-07 13:41:46.967249+02,2026-10-07 13:41:46.967249+02
20240630,8745,540.444,2026-10-07 13:41:46.967249+02,2026-10-07 13:41:46.967249+02
20240701,8741,636334.719,2026-10-07 13:41:46.967249+02,2026-10-07 13:41:46.967249+02
20240701,8742,23983.219,2026-10-07 13:41:46.967249+02,2026-10-07 13:41:46.967249+02
20240701,8743,19960.120,2026-10-07 13:41:46.967249+02,2026-10-07 13:41:46.967249+02
20240701,8744,538.983,2026-10-07 13:41:46.967249+02,2026-10-07 13:41:46.967249+02
20240701,8745,592.208,2026-10-07 13:41:46.967249+02,2026-10-07 13:41:46.967249+02
20240702,8741,658339.083,2026-10-07 13:41:46.967249+02,2026-10-07 13:41:46.967249+02
20240702,8742,24355.308,2026-10-07 13:41:46.967249+02,2026-10-07 13:41:46.967249+02
20240702,8743,19640.442,2026-10-07 13:41:46.967249+02,2026-10-07 13:41:46.967249+02
20240702,8744,547.038,2026-10-07 13:41:46.967249+02,2026-10-07 13:41:46.967249+02
20240702,8745,609.735,2026-10-07 13:41:46.967249+02,2026-10-07 13:41:46.967249+02
20240703,8741,675955.480,2026-10-07 13:41:46.967249+02,2026-10-07 13:41:46.967249+02
20240703,8742,24303.896,2026-10-07 13:41:46.967249+02,2026-10-07 13:41:46.967249+02
20240703,8743,19737.806,2026-10-07 13:41:46.967249+02,2026-10-07 13:41:46.967249+02
20240703,8744,544.232,2026-10-07 13:41:46.967249+02,2026-10-07 13:41:46.967249+02
20240703,8745,629.675,2026-10-07 13:41:46.967249+02,2026-10-07 13:41:46.967249+02
20240704,8741,696515.614,2026-10-07 13:41:46.967249+02,2026-10-07 13:41:46.967249+02
20240704,8742,24424.093,2026-10-07 13:41:46.967249+02,2026-10-07 13:41:46.967249+02
20240704,8743,19832.505,2026-10-07 13:41:46.967249+02,2026-10-07 13:41:46.967249+02
20240704,8744,557.401,2026-10-07 13:41:46.967249+02,2026-10-07 13:41:46.967249+02
20240704,8745,651.494,2026-10-07 13:41:46.967249+02,2026-10-07 13:41:46.967249+02
20240705,8741,698291.648,2026-10-07 13:41:46.967249+02,2026-10-07 13:41:46.967249+02
20240705,8742,24146.181,2026-10-07 13:41:46.967249+02,2026-10-07 13:41:46.967249+02
20240705,8743,20368.051,2026-10-07 13:41:46.967249+02,2026-10-07 13:41:46.967249+02
20240705,8744,559.785,2026-10-07 13:41:46.967249+02,2026-10-07 13:41:46.967249+02
20240705,8745,655.496,2026-10-07 13:41:46.967249+02,2026-10-07 13:41:46.967249+02
20240706,8741,611049.847,2026-10-07 13:41:46.967249+02,2026-10-07 13:41:46.967249+02
20240706,8742,23048.097,2026-10-07 13:41:46.967249+02,2026-10-07 13:41:46.967249+02
20240706,8743,20029.029,2026-10-07 13:41:46.967249+02,2026-10-07 13:41:46.967249+02
20240706,8744,555.821,2026-10-07 13:41:46.967249+02,2026-10-07 13:41:46.967249+02
20240706,8745,593.068,2026-10-07 13:41:46.967249+02,2026-10-07 13:41:46.967249+02
20240707,8741,551428.163,2026-10-07 13:41:46.967249+02,2026-10-07 13:41:46.967249+02
20240707,8742,21749.302,2026-10-07 13:41:46.967249+02,2026-10-07 13:41:46.967249+02
20240707,8743,18611.934,2026-10-07 13:41:46.967249+02,2026-10-07 13:41:46.967249+02
20240707,8744,524.893,2026-10-07 13:41:46.967249+02,2026-10-07 13:41:46.967249+02
20240707,8745,566.095,2026-10-07 13:41:46.967249+02,2026-10-07 13:41:46.967249+02
20240708,8741,659411.479,2026-10-07 13:41:46.967249+02,2026-10-07 13:41:46.967249+02
20240708,8742,23854.129,2026-10-07 13:41:46.967249+02,2026-10-07 13:41:46.967249+02
20240708,8743,20268.557,2026-10-07 13:41:46.967249+02,2026-10-07 13:41:46.967249+02
20240708,8744,533.458,2026-10-07 13:41:46.967249+02,2026-10-07 13:41:46.967249+02
20240708,8745,616.441,2026-10-07 13:41:46.967249+02,2026-10-07 13:41:46.967249+02
20240709,8741,688897.021,2026-10-07 13:41:46.967249+02,2026-10-07 13:41:46.967249+02
20240709,8742,24333.470,2026-10-07 13:41:46.967249+02,2026-10-07 13:41:46.967249+02
20240709,8743,20913.256,2026-10-07 13:41:46.967249+02,2026-10-07 13:41:46.967249+02
20240709,8744,545.952,2026-10-07 13:41:46.967249+02,2026-10-07 13:41:46.967249+02
20240709,8745,632.541,2026-10-07 13:41:46.967249+02,2026-10-07 13:41:46.967249+02
20240710,8741,708399.017,2026-10-07 13:41:46.967249+02,2026-10-07 13:41:46.967249+02
20240710,8742,24898.568,2026-10-07 13:41:46.967249+02,2026-10-07 13:41:46.967249+02
20240710,8743,21508.849,2026-10-07 13:41:46.967249+02,2026-10-07 13:41:46.967249+02
20240710,8744,556.074,2026-10-07 13:41:46.967249+02,2026-10-07 13:41:46.967249+02
20240710,8745,669.827,2026-10-07 13:41:46.967249+02,2026-10-07 13:41:46.967249+02
20240711,8741,735653.525,2026-10-07 13:41:46.967249+02,2026-10-07 13:41:46.967249+02
20240711,8742,25242.953,2026-10-07 13:41:46.967249+02,2026-10-07 13:41:46.967249+02
20240711,8743,22238.765,2026-10-07 13:41:46.967249+02,2026-10-07 13:41:46.967249+02
20240711,8744,570.870,2026-10-07 13:41:46.967249+02,2026-10-07 13:41:46.967249+02
20240711,8745,700.352,2026-10-07 13:41:46.967249+02,2026-10-07 13:41:46.967249+02
20240712,8741,724663.445,2026-10-07 13:41:46.967249+02,2026-10-07 13:41:46.967249+02
20240712,8742,25417.414,2026-10-07 13:41:46.967249+02,2026-10-07 13:41:46.967249+02
20240712,8743,22608.616,2026-10-07 13:41:46.967249+02,2026-10-07 13:41:46.967249+02
20240712,8744,611.471,2026-10-07 13:41:46.967249+02,2026-10-07 13:41:46.967249+02
20240712,8745,763.725,2026-10-07 13:41:46.967249+02,2026-10-07 13:41:46.967249+02
20240713,8741,623646.650,2026-10-07 13:41:46.967249+02,2026-10-07 13:41:46.967249+02
20240713,8742,23882.556,2026-10-07 13:41:46.967249+02,2026-10-07 13:41:46.967249+02
20240713,8743,20812.761,2026-10-07 13:41:46.967249+02,2026-10-07 13:41:46.967249+02
20240713,8744,579.445,2026-10-07 13:41:46.967249+02,2026-10-07 13:41:46.967249+02
20240713,8745,697.861,2026-10-07 13:41:46.967249+02,2026-10-07 13:41:46.967249+02
20240714,8741,576313.670,2026-10-07 13:41:46.967249+02,2026-10-07 13:41:46.967249+02
20240714,8742,22376.942,2026-10-07 13:41:46.967249+02,2026-10-07 13:41:46.967249+02
20240714,8743,19941.396,2026-10-07 13:41:46.967249+02,2026-10-07 13:41:46.967249+02
20240714,8744,558.759,2026-10-07 13:41:46.967249+02,2026-10-07 13:41:46.967249+02
20240714,8745,624.843,2026-10-07 13:41:46.967249+02,2026-10-07 13:41:46.967249+02
20240715,8741,698039.674,2026-10-07 13:41:46.967249+02,2026-10-07 13:41:46.967249+02
20240715,8742,25009.970,2026-10-07 13:41:46.967249+02,2026-10-07 13:41:46.967249+02
20240715,8743,22418.372,2026-10-07 13:41:46.967249+02,2026-10-07 13:41:46.967249+02
20240715,8744,578.910,2026-10-07 13:41:46.967249+02,2026-10-07 13:41:46.967249+02
20240715,8745,713.824,2026-10-07 13:41:46.967249+02,2026-10-07 13:41:46.967249+02
20240716,8741,711687.330,2026-10-07 13:41:46.967249+02,2026-10-07 13:41:46.967249+02
20240716,8742,25424.755,2026-10-07 13:41:46.967249+02,2026-10-07 13:41:46.967249+02
20240716,8743,22967.884,2026-10-07 13:41:46.967249+02,2026-10-07 13:41:46.967249+02
20240716,8744,603.200,2026-10-07 13:41:46.967249+02,2026-10-07 13:41:46.967249+02
20240716,8745,752.182,2026-10-07 13:41:46.967249+02,2026-10-07 13:41:46.967249+02
20240717,8741,720050.884,2026-10-07 13:41:46.967249+02,2026-10-07 13:41:46.967249+02
20240717,8742,25208.581,2026-10-07 13:41:46.967249+02,2026-10-07 13:41:46.967249+02
20240717,8743,22976.457,2026-10-07 13:41:46.967249+02,2026-10-07 13:41:46.967249+02
20240717,8744,590.429,2026-10-07 13:41:46.967249+02,2026-10-07 13:41:46.967249+02
20240717,8745,747.777,2026-10-07 13:41:46.967249+02,2026-10-07 13:41:46.967249+02
20240718,8741,738505.605,2026-10-07 13:41:46.967249+02,2026-10-07 13:41:46.967249+02
20240718,8742,25371.846,2026-10-07 13:41:46.967249+02,2026-10-07 13:41:46.967249+02
20240718,8743,23087.657,2026-10-07 13:41:46.967249+02,2026-10-07 13:41:46.967249+02
20240718,8744,605.675,2026-10-07 13:41:46.967249+02,2026-10-07 13:41:46.967249+02
20240718,8745,763.605,2026-10-07 13:41:46.967249+02,2026-10-07 13:41:46.967249+02
20240719,8741,747841.241,2026-10-07 13:41:46.967249+02,2026-10-07 13:41:46.967249+02
20240719,8742,25893.959,2026-10-07 13:41:46.967249+02,2026-10-07 13:41:46.967249+02
20240719,8743,23533.932,2026-10-07 13:41:46.967249+02,2026-10-07 13:41:46.967249+02
20240719,8744,615.280,2026-10-07 13:41:46.967249+02,2026-10-07 13:41:46.967249+02
20240719,8745,773.722,2026-10-07 13:41:46.967249+02,2026-10-07 13:41:46.967249+02
20240720,8741,663977.460,2026-10-07 13:41:46.967249+02,2026-10-07 13:41:46.967249+02
20240720,8742,24627.886,2026-10-07 13:41:46.967249+02,2026-10-07 13:41:46.967249+02
20240720,8743,23142.061,2026-10-07 13:41:46.967249+02,2026-10-07 13:41:46.967249+02
20240720,8744,614.282,2026-10-07 13:41:46.967249+02,2026-10-07 13:41:46.967249+02
20240720,8745,763.610,2026-10-07 13:41:46.967249+02,2026-10-07 13:41:46.967249+02
20240721,8741,596288.355,2026-10-07 13:41:46.967249+02,2026-10-07 13:41:46.967249+02
20240721,8742,23078.840,2026-10-07 13:41:46.967249+02,2026-10-07 13:41:46.967249+02
20240721,8743,21653.061,2026-10-07 13:41:46.967249+02,2026-10-07 13:41:46.967249+02
20240721,8744,568.902,2026-10-07 13:41:46.967249+02,2026-10-07 13:41:46.967249+02
20240721,8745,716.785,2026-10-07 13:41:46.967249+02,2026-10-07 13:41:46.967249+02
20240722,8741,693567.882,2026-10-07 13:41:46.967249+02,2026-10-07 13:41:46.967249+02
20240722,8742,25502.652,2026-10-07 13:41:46.967249+02,2026-10-07 13:41:46.967249+02
20240722,8743,22263.571,2026-10-07 13:41:46.967249+02,2026-10-07 13:41:46.967249+02
20240722,8744,596.030,2026-10-07 13:41:46.967249+02,2026-10-07 13:41:46.967249+02
20240722,8745,758.292,2026-10-07 13:41:46.967249+02,2026-10-07 13:41:46.967249+02
20240723,8741,733820.889,2026-10-07 13:41:46.967249+02,2026-10-07 13:41:46.967249+02
20240723,8742,25840.843,2026-10-07 13:41:46.967249+02,2026-10-07 13:41:46.967249+02
20240723,8743,22692.382,2026-10-07 13:41:46.967249+02,2026-10-07 13:41:46.967249+02
20240723,8744,614.902,2026-10-07 13:41:46.967249+02,2026-10-07 13:41:46.967249+02
20240723,8745,766.131,2026-10-07 13:41:46.967249+02,2026-10-07 13:41:46.967249+02
20240724,8741,755500.571,2026-10-07 13:41:46.967249+02,2026-10-07 13:41:46.967249+02
20240724,8742,26570.053,2026-10-07 13:41:46.967249+02,2026-10-07 13:41:46.967249+02
20240724,8743,23142.358,2026-10-07 13:41:46.967249+02,2026-10-07 13:41:46.967249+02
20240724,8744,606.955,2026-10-07 13:41:46.967249+02,2026-10-07 13:41:46.967249+02
20240724,8745,756.471,2026-10-07 13:41:46.967249+02,2026-10-07 13:41:46.967249+02
20240725,8741,721856.010,2026-10-07 13:41:46.967249+02,2026-10-07 13:41:46.967249+02
20240725,8742,27144.335,2026-10-07 13:41:46.967249+02,2026-10-07 13:41:46.967249+02
20240725,8743,23577.994,2026-10-07 13:41:46.967249+02,2026-10-07 13:41:46.967249+02
20240725,8744,612.723,2026-10-07 13:41:46.967249+02,2026-10-07 13:41:46.967249+02
20240725,8745,764.068,2026-10-07 13:41:46.967249+02,2026-10-07 13:41:46.967249+02
20240726,8741,721594.006,2026-10-07 13:41:46.967249+02,2026-10-07 13:41:46.967249+02
20240726,8742,26843.763,2026-10-07 13:41:46.967249+02,2026-10-07 13:41:46.967249+02
20240726,8743,23821.258,2026-10-07 13:41:46.967249+02,2026-10-07 13:41:46.967249+02
20240726,8744,581.153,2026-10-07 13:41:46.967249+02,2026-10-07 13:41:46.967249+02
20240726,8745,750.662,2026-10-07 13:41:46.967249+02,2026-10-07 13:41:46.967249+02
20240727,8741,654332.833,2026-10-07 13:41:46.967249+02,2026-10-07 13:41:46.967249+02
20240727,8742,24791.532,2026-10-07 13:41:46.967249+02,2026-10-07 13:41:46.967249+02
20240727,8743,23289.660,2026-10-07 13:41:46.967249+02,2026-10-07 13:41:46.967249+02
20240727,8744,588.444,2026-10-07 13:41:46.967249+02,2026-10-07 13:41:46.967249+02
20240727,8745,715.928,2026-10-07 13:41:46.967249+02,2026-10-07 13:41:46.967249+02
20240728,8741,621884.141,2026-10-07 13:41:46.967249+02,2026-10-07 13:41:46.967249+02
20240728,8742,23137.991,2026-10-07 13:41:46.967249+02,2026-10-07 13:41:46.967249+02
20240728,8743,23205.462,2026-10-07 13:41:46.967249+02,2026-10-07 13:41:46.967249+02
20240728,8744,606.994,2026-10-07 13:41:46.967249+02,2026-10-07 13:41:46.967249+02
20240728,8745,680.773,2026-10-07 13:41:46.967249+02,2026-10-07 13:41:46.967249+02
20240729,8741,742946.843,2026-10-07 13:41:46.967249+02,2026-10-07 13:41:46.967249+02
20240729,8742,25980.540,2026-10-07 13:41:46.967249+02,2026-10-07 13:41:46.967249+02
20240729,8743,25323.592,2026-10-07 13:41:46.967249+02,2026-10-07 13:41:46.967249+02
20240729,8744,627.237,2026-10-07 13:41:46.967249+02,2026-10-07 13:41:46.967249+02
20240729,8745,783.686,2026-10-07 13:41:46.967249+02,2026-10-07 13:41:46.967249+02
20240730,8741,761514.439,2026-10-07 13:41:46.967249+02,2026-10-07 13:41:46.967249+02
20240730,8742,25918.067,2026-10-07 13:41:46.967249+02,2026-10-07 13:41:46.967249+02
20240730,8743,25585.541,2026-10-07 13:41:46.967249+02,2026-10-07 13:41:46.967249+02
20240730,8744,637.155,2026-10-07 13:41:46.967249+02,2026-10-07 13:41:46.967249+02
20240730,8745,783.921,2026-10-07 13:41:46.967249+02,2026-10-07 13:41:46.967249+02
20240731,8741,754971.111,2026-10-07 13:41:46.967249+02,2026-10-07 13:41:46.967249+02
20240731,8742,25868.240,2026-10-07 13:41:46.967249+02,2026-10-07 13:41:46.967249+02
20240731,8743,26184.427,2026-10-07 13:41:46.967249+02,2026-10-07 13:41:46.967249+02
20240731,8744,637.624,2026-10-07 13:41:46.967249+02,2026-10-07 13:41:46.967249+02
20240731,8745,784.944,2026-10-07 13:41:46.967249+02,2026-10-07 13:41:46.967249+02
20240801,8741,768133.132,2026-10-07 13:41:46.967249+02,2026-10-07 13:41:46.967249+02
20240801,8742,25983.506,2026-10-07 13:41:46.967249+02,2026-10-07 13:41:46.967249+02
20240801,8743,26700.463,2026-10-07 13:41:46.967249+02,2026-10-07 13:41:46.967249+02
20240801,8744,688.987,2026-10-07 13:41:46.967249+02,2026-10-07 13:41:46.967249+02
20240801,8745,828.505,2026-10-07 13:41:46.967249+02,2026-10-07 13:41:46.967249+02
20240802,8741,742295.721,2026-10-07 13:41:46.967249+02,2026-10-07 13:41:46.967249+02
20240802,8742,26008.579,2026-10-07 13:41:46.967249+02,2026-10-07 13:41:46.967249+02
20240802,8743,26971.130,2026-10-07 13:41:46.967249+02,2026-10-07 13:41:46.967249+02
20240802,8744,641.478,2026-10-07 13:41:46.967249+02,2026-10-07 13:41:46.967249+02
20240802,8745,825.491,2026-10-07 13:41:46.967249+02,2026-10-07 13:41:46.967249+02
20240803,8741,648603.026,2026-10-07 13:41:46.967249+02,2026-10-07 13:41:46.967249+02
20240803,8742,25092.214,2026-10-07 13:41:46.967249+02,2026-10-07 13:41:46.967249+02
20240803,8743,25055.477,2026-10-07 13:41:46.967249+02,2026-10-07 13:41:46.967249+02
20240803,8744,626.129,2026-10-07 13:41:46.967249+02,2026-10-07 13:41:46.967249+02
20240803,8745,745.514,2026-10-07 13:41:46.967249+02,2026-10-07 13:41:46.967249+02
20240804,8741,616009.365,2026-10-07 13:41:46.967249+02,2026-10-07 13:41:46.967249+02
20240804,8742,23591.061,2026-10-07 13:41:46.967249+02,2026-10-07 13:41:46.967249+02
20240804,8743,23499.104,2026-10-07 13:41:46.967249+02,2026-10-07 13:41:46.967249+02
20240804,8744,623.785,2026-10-07 13:41:46.967249+02,2026-10-07 13:41:46.967249+02
20240804,8745,688.116,2026-10-07 13:41:46.967249+02,2026-10-07 13:41:46.967249+02
20240805,8741,706645.378,2026-10-07 13:41:46.967249+02,2026-10-07 13:41:46.967249+02
20240805,8742,25673.197,2026-10-07 13:41:46.967249+02,2026-10-07 13:41:46.967249+02
20240805,8743,25325.090,2026-10-07 13:41:46.967249+02,2026-10-07 13:41:46.967249+02
20240805,8744,586.178,2026-10-07 13:41:46.967249+02,2026-10-07 13:41:46.967249+02
20240805,8745,772.847,2026-10-07 13:41:46.967249+02,2026-10-07 13:41:46.967249+02
20240806,8741,718456.926,2026-10-07 13:41:46.967249+02,2026-10-07 13:41:46.967249+02
20240806,8742,25868.299,2026-10-07 13:41:46.967249+02,2026-10-07 13:41:46.967249+02
20240806,8743,25698.391,2026-10-07 13:41:46.967249+02,2026-10-07 13:41:46.967249+02
20240806,8744,619.761,2026-10-07 13:41:46.967249+02,2026-10-07 13:41:46.967249+02
20240806,8745,780.204,2026-10-07 13:41:46.967249+02,2026-10-07 13:41:46.967249+02
20240807,8741,719006.090,2026-10-07 13:41:46.967249+02,2026-10-07 13:41:46.967249+02
20240807,8742,25852.857,2026-10-07 13:41:46.967249+02,2026-10-07 13:41:46.967249+02
20240807,8743,25827.925,2026-10-07 13:41:46.967249+02,2026-10-07 13:41:46.967249+02
20240807,8744,605.692,2026-10-07 13:41:46.967249+02,2026-10-07 13:41:46.967249+02
20240807,8745,780.685,2026-10-07 13:41:46.967249+02,2026-10-07 13:41:46.967249+02
20240808,8741,718756.665,2026-10-07 13:41:46.967249+02,2026-10-07 13:41:46.967249+02
20240808,8742,26027.638,2026-10-07 13:41:46.967249+02,2026-10-07 13:41:46.967249+02
20240808,8743,26162.850,2026-10-07 13:41:46.967249+02,2026-10-07 13:41:46.967249+02
20240808,8744,643.909,2026-10-07 13:41:46.967249+02,2026-10-07 13:41:46.967249+02
20240808,8745,810.476,2026-10-07 13:41:46.967249+02,2026-10-07 13:41:46.967249+02
20240809,8741,719484.796,2026-10-07 13:41:46.967249+02,2026-10-07 13:41:46.967249+02
20240809,8742,25849.337,2026-10-07 13:41:46.967249+02,2026-10-07 13:41:46.967249+02
20240809,8743,26180.005,2026-10-07 13:41:46.967249+02,2026-10-07 13:41:46.967249+02
20240809,8744,609.690,2026-10-07 13:41:46.967249+02,2026-10-07 13:41:46.967249+02
20240809,8745,811.996,2026-10-07 13:41:46.967249+02,2026-10-07 13:41:46.967249+02
20240810,8741,662283.058,2026-10-07 13:41:46.967249+02,2026-10-07 13:41:46.967249+02
20240810,8742,24512.995,2026-10-07 13:41:46.967249+02,2026-10-07 13:41:46.967249+02
20240810,8743,25276.211,2026-10-07 13:41:46.967249+02,2026-10-07 13:41:46.967249+02
20240810,8744,622.202,2026-10-07 13:41:46.967249+02,2026-10-07 13:41:46.967249+02
20240810,8745,770.337,2026-10-07 13:41:46.967249+02,2026-10-07 13:41:46.967249+02
20240811,8741,622728.138,2026-10-07 13:41:46.967249+02,2026-10-07 13:41:46.967249+02
20240811,8742,23150.711,2026-10-07 13:41:46.967249+02,2026-10-07 13:41:46.967249+02
20240811,8743,24463.111,2026-10-07 13:41:46.967249+02,2026-10-07 13:41:46.967249+02
20240811,8744,623.487,2026-10-07 13:41:46.967249+02,2026-10-07 13:41:46.967249+02
20240811,8745,736.275,2026-10-07 13:41:46.967249+02,2026-10-07 13:41:46.967249+02
20240812,8741,696079.308,2026-10-07 13:41:46.967249+02,2026-10-07 13:41:46.967249+02
20240812,8742,25821.609,2026-10-07 13:41:46.967249+02,2026-10-07 13:41:46.967249+02
20240812,8743,26667.169,2026-10-07 13:41:46.967249+02,2026-10-07 13:41:46.967249+02
20240812,8744,621.655,2026-10-07 13:41:46.967249+02,2026-10-07 13:41:46.967249+02
20240812,8745,824.794,2026-10-07 13:41:46.967249+02,2026-10-07 13:41:46.967249+02
20240813,8741,683751.410,2026-10-07 13:41:46.967249+02,2026-10-07 13:41:46.967249+02
20240813,8742,26159.735,2026-10-07 13:41:46.967249+02,2026-10-07 13:41:46.967249+02
20240813,8743,26513.786,2026-10-07 13:41:46.967249+02,2026-10-07 13:41:46.967249+02
20240813,8744,602.676,2026-10-07 13:41:46.967249+02,2026-10-07 13:41:46.967249+02
20240813,8745,801.390,2026-10-07 13:41:46.967249+02,2026-10-07 13:41:46.967249+02
20240814,8741,650973.783,2026-10-07 13:41:46.967249+02,2026-10-07 13:41:46.967249+02
20240814,8742,26029.178,2026-10-07 13:41:46.967249+02,2026-10-07 13:41:46.967249+02
20240814,8743,24377.559,2026-10-07 13:41:46.967249+02,2026-10-07 13:41:46.967249+02
20240814,8744,584.103,2026-10-07 13:41:46.967249+02,2026-10-07 13:41:46.967249+02
20240814,8745,761.298,2026-10-07 13:41:46.967249+02,2026-10-07 13:41:46.967249+02
20240815,8741,571935.245,2026-10-07 13:41:46.967249+02,2026-10-07 13:41:46.967249+02
20240815,8742,23808.312,2026-10-07 13:41:46.967249+02,2026-10-07 13:41:46.967249+02
20240815,8743,20521.108,2026-10-07 13:41:46.967249+02,2026-10-07 13:41:46.967249+02
20240815,8744,603.496,2026-10-07 13:41:46.967249+02,2026-10-07 13:41:46.967249+02
20240815,8745,673.210,2026-10-07 13:41:46.967249+02,2026-10-07 13:41:46.967249+02
20240816,8741,607119.755,2026-10-07 13:41:46.967249+02,2026-10-07 13:41:46.967249+02
20240816,8742,25713.004,2026-10-07 13:41:46.967249+02,2026-10-07 13:41:46.967249+02
20240816,8743,20888.601,2026-10-07 13:41:46.967249+02,2026-10-07 13:41:46.967249+02
20240816,8744,612.434,2026-10-07 13:41:46.967249+02,2026-10-07 13:41:46.967249+02
20240816,8745,756.592,2026-10-07 13:41:46.967249+02,2026-10-07 13:41:46.967249+02
20240817,8741,600361.280,2026-10-07 13:41:46.967249+02,2026-10-07 13:41:46.967249+02
20240817,8742,25135.299,2026-10-07 13:41:46.967249+02,2026-10-07 13:41:46.967249+02
20240817,8743,21122.349,2026-10-07 13:41:46.967249+02,2026-10-07 13:41:46.967249+02
20240817,8744,596.927,2026-10-07 13:41:46.967249+02,2026-10-07 13:41:46.967249+02
20240817,8745,713.268,2026-10-07 13:41:46.967249+02,2026-10-07 13:41:46.967249+02
20240818,8741,582539.504,2026-10-07 13:41:46.967249+02,2026-10-07 13:41:46.967249+02
20240818,8742,24027.040,2026-10-07 13:41:46.967249+02,2026-10-07 13:41:46.967249+02
20240818,8743,21131.111,2026-10-07 13:41:46.967249+02,2026-10-07 13:41:46.967249+02
20240818,8744,577.016,2026-10-07 13:41:46.967249+02,2026-10-07 13:41:46.967249+02
20240818,8745,671.026,2026-10-07 13:41:46.967249+02,2026-10-07 13:41:46.967249+02
20240819,8741,661230.550,2026-10-07 13:41:46.967249+02,2026-10-07 13:41:46.967249+02
20240819,8742,27184.149,2026-10-07 13:41:46.967249+02,2026-10-07 13:41:46.967249+02
20240819,8743,22458.248,2026-10-07 13:41:46.967249+02,2026-10-07 13:41:46.967249+02
20240819,8744,625.365,2026-10-07 13:41:46.967249+02,2026-10-07 13:41:46.967249+02
20240819,8745,799.509,2026-10-07 13:41:46.967249+02,2026-10-07 13:41:46.967249+02
20240820,8741,681967.613,2026-10-07 13:41:46.967249+02,2026-10-07 13:41:46.967249+02
20240820,8742,27121.524,2026-10-07 13:41:46.967249+02,2026-10-07 13:41:46.967249+02
20240820,8743,22195.545,2026-10-07 13:41:46.967249+02,2026-10-07 13:41:46.967249+02
20240820,8744,614.417,2026-10-07 13:41:46.967249+02,2026-10-07 13:41:46.967249+02
20240820,8745,801.696,2026-10-07 13:41:46.967249+02,2026-10-07 13:41:46.967249+02
20240821,8741,692310.592,2026-10-07 13:41:46.967249+02,2026-10-07 13:41:46.967249+02
20240821,8742,26792.135,2026-10-07 13:41:46.967249+02,2026-10-07 13:41:46.967249+02
20240821,8743,22248.200,2026-10-07 13:41:46.967249+02,2026-10-07 13:41:46.967249+02
20240821,8744,632.300,2026-10-07 13:41:46.967249+02,2026-10-07 13:41:46.967249+02
20240821,8745,791.182,2026-10-07 13:41:46.967249+02,2026-10-07 13:41:46.967249+02
20240822,8741,698402.662,2026-10-07 13:41:46.967249+02,2026-10-07 13:41:46.967249+02
20240822,8742,26681.385,2026-10-07 13:41:46.967249+02,2026-10-07 13:41:46.967249+02
20240822,8743,22632.511,2026-10-07 13:41:46.967249+02,2026-10-07 13:41:46.967249+02
20240822,8744,659.717,2026-10-07 13:41:46.967249+02,2026-10-07 13:41:46.967249+02
20240822,8745,770.438,2026-10-07 13:41:46.967249+02,2026-10-07 13:41:46.967249+02
20240823,8741,693086.145,2026-10-07 13:41:46.967249+02,2026-10-07 13:41:46.967249+02
20240823,8742,25914.018,2026-10-07 13:41:46.967249+02,2026-10-07 13:41:46.967249+02
20240823,8743,23092.195,2026-10-07 13:41:46.967249+02,2026-10-07 13:41:46.967249+02
20240823,8744,587.247,2026-10-07 13:41:46.967249+02,2026-10-07 13:41:46.967249+02
20240823,8745,767.115,2026-10-07 13:41:46.967249+02,2026-10-07 13:41:46.967249+02
20240824,8741,640038.410,2026-10-07 13:41:46.967249+02,2026-10-07 13:41:46.967249+02
20240824,8742,24732.973,2026-10-07 13:41:46.967249+02,2026-10-07 13:41:46.967249+02
20240824,8743,22747.093,2026-10-07 13:41:46.967249+02,2026-10-07 13:41:46.967249+02
20240824,8744,606.159,2026-10-07 13:41:46.967249+02,2026-10-07 13:41:46.967249+02
20240824,8745,754.291,2026-10-07 13:41:46.967249+02,2026-10-07 13:41:46.967249+02
20240825,8741,601292.372,2026-10-07 13:41:46.967249+02,2026-10-07 13:41:46.967249+02
20240825,8742,23396.344,2026-10-07 13:41:46.967249+02,2026-10-07 13:41:46.967249+02
20240825,8743,21911.024,2026-10-07 13:41:46.967249+02,2026-10-07 13:41:46.967249+02
20240825,8744,602.202,2026-10-07 13:41:46.967249+02,2026-10-07 13:41:46.967249+02
20240825,8745,713.825,2026-10-07 13:41:46.967249+02,2026-10-07 13:41:46.967249+02
20240826,8741,688832.112,2026-10-07 13:41:46.967249+02,2026-10-07 13:41:46.967249+02
20240826,8742,26032.381,2026-10-07 13:41:46.967249+02,2026-10-07 13:41:46.967249+02
20240826,8743,22263.640,2026-10-07 13:41:46.967249+02,2026-10-07 13:41:46.967249+02
20240826,8744,652.970,2026-10-07 13:41:46.967249+02,2026-10-07 13:41:46.967249+02
20240826,8745,820.841,2026-10-07 13:41:46.967249+02,2026-10-07 13:41:46.967249+02
20240827,8741,716351.851,2026-10-07 13:41:46.967249+02,2026-10-07 13:41:46.967249+02
20240827,8742,26249.197,2026-10-07 13:41:46.967249+02,2026-10-07 13:41:46.967249+02
20240827,8743,21915.623,2026-10-07 13:41:46.967249+02,2026-10-07 13:41:46.967249+02
20240827,8744,651.987,2026-10-07 13:41:46.967249+02,2026-10-07 13:41:46.967249+02
20240827,8745,812.743,2026-10-07 13:41:46.967249+02,2026-10-07 13:41:46.967249+02
20240828,8741,727975.481,2026-10-07 13:41:46.967249+02,2026-10-07 13:41:46.967249+02
20240828,8742,26063.920,2026-10-07 13:41:46.967249+02,2026-10-07 13:41:46.967249+02
20240828,8743,22218.789,2026-10-07 13:41:46.967249+02,2026-10-07 13:41:46.967249+02
20240828,8744,642.752,2026-10-07 13:41:46.967249+02,2026-10-07 13:41:46.967249+02
20240828,8745,801.565,2026-10-07 13:41:46.967249+02,2026-10-07 13:41:46.967249+02
20240829,8741,717529.392,2026-10-07 13:41:46.967249+02,2026-10-07 13:41:46.967249+02
20240829,8742,25947.512,2026-10-07 13:41:46.967249+02,2026-10-07 13:41:46.967249+02
20240829,8743,22438.513,2026-10-07 13:41:46.967249+02,2026-10-07 13:41:46.967249+02
20240829,8744,675.797,2026-10-07 13:41:46.967249+02,2026-10-07 13:41:46.967249+02
20240829,8745,800.671,2026-10-07 13:41:46.967249+02,2026-10-07 13:41:46.967249+02
20240830,8741,704713.512,2026-10-07 13:41:46.967249+02,2026-10-07 13:41:46.967249+02
20240830,8742,25928.039,2026-10-07 13:41:46.967249+02,2026-10-07 13:41:46.967249+02
20240830,8743,22797.668,2026-10-07 13:41:46.967249+02,2026-10-07 13:41:46.967249+02
20240830,8744,634.865,2026-10-07 13:41:46.967249+02,2026-10-07 13:41:46.967249+02
20240830,8745,803.052,2026-10-07 13:41:46.967249+02,2026-10-07 13:41:46.967249+02
20240831,8741,631527.517,2026-10-07 13:41:46.967249+02,2026-10-07 13:41:46.967249+02
20240831,8742,24317.304,2026-10-07 13:41:46.967249+02,2026-10-07 13:41:46.967249+02
20240831,8743,22245.028,2026-10-07 13:41:46.967249+02,2026-10-07 13:41:46.967249+02
20240831,8744,625.902,2026-10-07 13:41:46.967249+02,2026-10-07 13:41:46.967249+02
20240831,8745,773.439,2026-10-07 13:41:46.967249+02,2026-10-07 13:41:46.967249+02
20240901,8741,589781.867,2026-10-07 13:41:46.967249+02,2026-10-07 13:41:46.967249+02
20240901,8742,22791.243,2026-10-07 13:41:46.967249+02,2026-10-07 13:41:46.967249+02
20240901,8743,21599.192,2026-10-07 13:41:46.967249+02,2026-10-07 13:41:46.967249+02
20240901,8744,621.182,2026-10-07 13:41:46.967249+02,2026-10-07 13:41:46.967249+02
20240901,8745,727.313,2026-10-07 13:41:46.967249+02,2026-10-07 13:41:46.967249+02
20240902,8741,697129.691,2026-10-07 13:41:46.967249+02,2026-10-07 13:41:46.967249+02
20240902,8742,25469.420,2026-10-07 13:41:46.967249+02,2026-10-07 13:41:46.967249+02
20240902,8743,23123.748,2026-10-07 13:41:46.967249+02,2026-10-07 13:41:46.967249+02
20240902,8744,625.146,2026-10-07 13:41:46.967249+02,2026-10-07 13:41:46.967249+02
20240902,8745,800.323,2026-10-07 13:41:46.967249+02,2026-10-07 13:41:46.967249+02
20240903,8741,700154.284,2026-10-07 13:41:46.967249+02,2026-10-07 13:41:46.967249+02
20240903,8742,25924.037,2026-10-07 13:41:46.967249+02,2026-10-07 13:41:46.967249+02
20240903,8743,21994.194,2026-10-07 13:41:46.967249+02,2026-10-07 13:41:46.967249+02
20240903,8744,621.675,2026-10-07 13:41:46.967249+02,2026-10-07 13:41:46.967249+02
20240903,8745,798.639,2026-10-07 13:41:46.967249+02,2026-10-07 13:41:46.967249+02
20240904,8741,677384.413,2026-10-07 13:41:46.967249+02,2026-10-07 13:41:46.967249+02
20240904,8742,25728.826,2026-10-07 13:41:46.967249+02,2026-10-07 13:41:46.967249+02
20240904,8743,20401.684,2026-10-07 13:41:46.967249+02,2026-10-07 13:41:46.967249+02
20240904,8744,603.166,2026-10-07 13:41:46.967249+02,2026-10-07 13:41:46.967249+02
20240904,8745,759.479,2026-10-07 13:41:46.967249+02,2026-10-07 13:41:46.967249+02
20240905,8741,664670.514,2026-10-07 13:41:46.967249+02,2026-10-07 13:41:46.967249+02
20240905,8742,25641.271,2026-10-07 13:41:46.967249+02,2026-10-07 13:41:46.967249+02
20240905,8743,19622.233,2026-10-07 13:41:46.967249+02,2026-10-07 13:41:46.967249+02
20240905,8744,618.285,2026-10-07 13:41:46.967249+02,2026-10-07 13:41:46.967249+02
20240905,8745,734.582,2026-10-07 13:41:46.967249+02,2026-10-07 13:41:46.967249+02
20240906,8741,665197.375,2026-10-07 13:41:46.967249+02,2026-10-07 13:41:46.967249+02
20240906,8742,25691.479,2026-10-07 13:41:46.967249+02,2026-10-07 13:41:46.967249+02
20240906,8743,21115.409,2026-10-07 13:41:46.967249+02,2026-10-07 13:41:46.967249+02
20240906,8744,596.819,2026-10-07 13:41:46.967249+02,2026-10-07 13:41:46.967249+02
20240906,8745,735.446,2026-10-07 13:41:46.967249+02,2026-10-07 13:41:46.967249+02
20240907,8741,581489.479,2026-10-07 13:41:46.967249+02,2026-10-07 13:41:46.967249+02
20240907,8742,24117.700,2026-10-07 13:41:46.967249+02,2026-10-07 13:41:46.967249+02
20240907,8743,21006.968,2026-10-07 13:41:46.967249+02,2026-10-07 13:41:46.967249+02
20240907,8744,557.956,2026-10-07 13:41:46.967249+02,2026-10-07 13:41:46.967249+02
20240907,8745,693.191,2026-10-07 13:41:46.967249+02,2026-10-07 13:41:46.967249+02
20240908,8741,542497.922,2026-10-07 13:41:46.967249+02,2026-10-07 13:41:46.967249+02
20240908,8742,22790.658,2026-10-07 13:41:46.967249+02,2026-10-07 13:41:46.967249+02
20240908,8743,19920.073,2026-10-07 13:41:46.967249+02,2026-10-07 13:41:46.967249+02
20240908,8744,565.493,2026-10-07 13:41:46.967249+02,2026-10-07 13:41:46.967249+02
20240908,8745,665.135,2026-10-07 13:41:46.967249+02,2026-10-07 13:41:46.967249+02
20240909,8741,633510.437,2026-10-07 13:41:46.967249+02,2026-10-07 13:41:46.967249+02
20240909,8742,24432.271,2026-10-07 13:41:46.967249+02,2026-10-07 13:41:46.967249+02
20240909,8743,19711.023,2026-10-07 13:41:46.967249+02,2026-10-07 13:41:46.967249+02
20240909,8744,598.541,2026-10-07 13:41:46.967249+02,2026-10-07 13:41:46.967249+02
20240909,8745,707.305,2026-10-07 13:41:46.967249+02,2026-10-07 13:41:46.967249+02
20240910,8741,656462.297,2026-10-07 13:41:46.967249+02,2026-10-07 13:41:46.967249+02
20240910,8742,25489.337,2026-10-07 13:41:46.967249+02,2026-10-07 13:41:46.967249+02
20240910,8743,19467.832,2026-10-07 13:41:46.967249+02,2026-10-07 13:41:46.967249+02
20240910,8744,579.302,2026-10-07 13:41:46.967249+02,2026-10-07 13:41:46.967249+02
20240910,8745,677.667,2026-10-07 13:41:46.967249+02,2026-10-07 13:41:46.967249+02
20240911,8741,644238.259,2026-10-07 13:41:46.967249+02,2026-10-07 13:41:46.967249+02
20240911,8742,25550.939,2026-10-07 13:41:46.967249+02,2026-10-07 13:41:46.967249+02
20240911,8743,19247.830,2026-10-07 13:41:46.967249+02,2026-10-07 13:41:46.967249+02
20240911,8744,584.005,2026-10-07 13:41:46.967249+02,2026-10-07 13:41:46.967249+02
20240911,8745,641.872,2026-10-07 13:41:46.967249+02,2026-10-07 13:41:46.967249+02
20240912,8741,665948.219,2026-10-07 13:41:46.967249+02,2026-10-07 13:41:46.967249+02
20240912,8742,25531.142,2026-10-07 13:41:46.967249+02,2026-10-07 13:41:46.967249+02
20240912,8743,19273.081,2026-10-07 13:41:46.967249+02,2026-10-07 13:41:46.967249+02
20240912,8744,589.589,2026-10-07 13:41:46.967249+02,2026-10-07 13:41:46.967249+02
20240912,8745,661.589,2026-10-07 13:41:46.967249+02,2026-10-07 13:41:46.967249+02
20240913,8741,639591.215,2026-10-07 13:41:46.967249+02,2026-10-07 13:41:46.967249+02
20240913,8742,25474.140,2026-10-07 13:41:46.967249+02,2026-10-07 13:41:46.967249+02
20240913,8743,18052.968,2026-10-07 13:41:46.967249+02,2026-10-07 13:41:46.967249+02
20240913,8744,575.014,2026-10-07 13:41:46.967249+02,2026-10-07 13:41:46.967249+02
20240913,8745,678.957,2026-10-07 13:41:46.967249+02,2026-10-07 13:41:46.967249+02
20240914,8741,561343.079,2026-10-07 13:41:46.967249+02,2026-10-07 13:41:46.967249+02
20240914,8742,24131.584,2026-10-07 13:41:46.967249+02,2026-10-07 13:41:46.967249+02
20240914,8743,16462.597,2026-10-07 13:41:46.967249+02,2026-10-07 13:41:46.967249+02
20240914,8744,575.744,2026-10-07 13:41:46.967249+02,2026-10-07 13:41:46.967249+02
20240914,8745,632.347,2026-10-07 13:41:46.967249+02,2026-10-07 13:41:46.967249+02
20240915,8741,526047.042,2026-10-07 13:41:46.967249+02,2026-10-07 13:41:46.967249+02
20240915,8742,22900.345,2026-10-07 13:41:46.967249+02,2026-10-07 13:41:46.967249+02
20240915,8743,15797.151,2026-10-07 13:41:46.967249+02,2026-10-07 13:41:46.967249+02
20240915,8744,573.019,2026-10-07 13:41:46.967249+02,2026-10-07 13:41:46.967249+02
20240915,8745,597.033,2026-10-07 13:41:46.967249+02,2026-10-07 13:41:46.967249+02
20240916,8741,633196.470,2026-10-07 13:41:46.967249+02,2026-10-07 13:41:46.967249+02
20240916,8742,25344.667,2026-10-07 13:41:46.967249+02,2026-10-07 13:41:46.967249+02
20240916,8743,17368.920,2026-10-07 13:41:46.967249+02,2026-10-07 13:41:46.967249+02
20240916,8744,594.337,2026-10-07 13:41:46.967249+02,2026-10-07 13:41:46.967249+02
20240916,8745,653.763,2026-10-07 13:41:46.967249+02,2026-10-07 13:41:46.967249+02
20240917,8741,649106.628,2026-10-07 13:41:46.967249+02,2026-10-07 13:41:46.967249+02
20240917,8742,25850.121,2026-10-07 13:41:46.967249+02,2026-10-07 13:41:46.967249+02
20240917,8743,17516.083,2026-10-07 13:41:46.967249+02,2026-10-07 13:41:46.967249+02
20240917,8744,602.334,2026-10-07 13:41:46.967249+02,2026-10-07 13:41:46.967249+02
20240917,8745,591.849,2026-10-07 13:41:46.967249+02,2026-10-07 13:41:46.967249+02
20240918,8741,653300.329,2026-10-07 13:41:46.967249+02,2026-10-07 13:41:46.967249+02
20240918,8742,25686.288,2026-10-07 13:41:46.967249+02,2026-10-07 13:41:46.967249+02
20240918,8743,17441.802,2026-10-07 13:41:46.967249+02,2026-10-07 13:41:46.967249+02
20240918,8744,602.169,2026-10-07 13:41:46.967249+02,2026-10-07 13:41:46.967249+02
20240918,8745,651.521,2026-10-07 13:41:46.967249+02,2026-10-07 13:41:46.967249+02
20240919,8741,651267.595,2026-10-07 13:41:46.967249+02,2026-10-07 13:41:46.967249+02
20240919,8742,25691.228,2026-10-07 13:41:46.967249+02,2026-10-07 13:41:46.967249+02
20240919,8743,17175.592,2026-10-07 13:41:46.967249+02,2026-10-07 13:41:46.967249+02
20240919,8744,598.910,2026-10-07 13:41:46.967249+02,2026-10-07 13:41:46.967249+02
20240919,8745,634.422,2026-10-07 13:41:46.967249+02,2026-10-07 13:41:46.967249+02
20240920,8741,642250.939,2026-10-07 13:41:46.967249+02,2026-10-07 13:41:46.967249+02
20240920,8742,25272.954,2026-10-07 13:41:46.967249+02,2026-10-07 13:41:46.967249+02
20240920,8743,17571.874,2026-10-07 13:41:46.967249+02,2026-10-07 13:41:46.967249+02
20240920,8744,580.338,2026-10-07 13:41:46.967249+02,2026-10-07 13:41:46.967249+02
20240920,8745,635.330,2026-10-07 13:41:46.967249+02,2026-10-07 13:41:46.967249+02
20240921,8741,570066.456,2026-10-07 13:41:46.967249+02,2026-10-07 13:41:46.967249+02
20240921,8742,24056.376,2026-10-07 13:41:46.967249+02,2026-10-07 13:41:46.967249+02
20240921,8743,17229.029,2026-10-07 13:41:46.967249+02,2026-10-07 13:41:46.967249+02
20240921,8744,559.233,2026-10-07 13:41:46.967249+02,2026-10-07 13:41:46.967249+02
20240921,8745,608.998,2026-10-07 13:41:46.967249+02,2026-10-07 13:41:46.967249+02
20240922,8741,523542.864,2026-10-07 13:41:46.967249+02,2026-10-07 13:41:46.967249+02
20240922,8742,22704.339,2026-10-07 13:41:46.967249+02,2026-10-07 13:41:46.967249+02
20240922,8743,16340.699,2026-10-07 13:41:46.967249+02,2026-10-07 13:41:46.967249+02
20240922,8744,561.589,2026-10-07 13:41:46.967249+02,2026-10-07 13:41:46.967249+02
20240922,8745,564.573,2026-10-07 13:41:46.967249+02,2026-10-07 13:41:46.967249+02
20240923,8741,614569.260,2026-10-07 13:41:46.967249+02,2026-10-07 13:41:46.967249+02
20240923,8742,25101.949,2026-10-07 13:41:46.967249+02,2026-10-07 13:41:46.967249+02
20240923,8743,17552.050,2026-10-07 13:41:46.967249+02,2026-10-07 13:41:46.967249+02
20240923,8744,569.172,2026-10-07 13:41:46.967249+02,2026-10-07 13:41:46.967249+02
20240923,8745,610.058,2026-10-07 13:41:46.967249+02,2026-10-07 13:41:46.967249+02
20240924,8741,622224.636,2026-10-07 13:41:46.967249+02,2026-10-07 13:41:46.967249+02
20240924,8742,25316.761,2026-10-07 13:41:46.967249+02,2026-10-07 13:41:46.967249+02
20240924,8743,17845.144,2026-10-07 13:41:46.967249+02,2026-10-07 13:41:46.967249+02
20240924,8744,566.421,2026-10-07 13:41:46.967249+02,2026-10-07 13:41:46.967249+02
20240924,8745,596.931,2026-10-07 13:41:46.967249+02,2026-10-07 13:41:46.967249+02
20240925,8741,645923.632,2026-10-07 13:41:46.967249+02,2026-10-07 13:41:46.967249+02
20240925,8742,25406.287,2026-10-07 13:41:46.967249+02,2026-10-07 13:41:46.967249+02
20240925,8743,17662.241,2026-10-07 13:41:46.967249+02,2026-10-07 13:41:46.967249+02
20240925,8744,577.236,2026-10-07 13:41:46.967249+02,2026-10-07 13:41:46.967249+02
20240925,8745,600.910,2026-10-07 13:41:46.967249+02,2026-10-07 13:41:46.967249+02
20240926,8741,664069.261,2026-10-07 13:41:46.967249+02,2026-10-07 13:41:46.967249+02
20240926,8742,25606.772,2026-10-07 13:41:46.967249+02,2026-10-07 13:41:46.967249+02
20240926,8743,18699.693,2026-10-07 13:41:46.967249+02,2026-10-07 13:41:46.967249+02
20240926,8744,571.035,2026-10-07 13:41:46.967249+02,2026-10-07 13:41:46.967249+02
20240926,8745,616.910,2026-10-07 13:41:46.967249+02,2026-10-07 13:41:46.967249+02
20240927,8741,635869.792,2026-10-07 13:41:46.967249+02,2026-10-07 13:41:46.967249+02
20240927,8742,25682.827,2026-10-07 13:41:46.967249+02,2026-10-07 13:41:46.967249+02
20240927,8743,18731.845,2026-10-07 13:41:46.967249+02,2026-10-07 13:41:46.967249+02
20240927,8744,559.214,2026-10-07 13:41:46.967249+02,2026-10-07 13:41:46.967249+02
20240927,8745,608.126,2026-10-07 13:41:46.967249+02,2026-10-07 13:41:46.967249+02
20240928,8741,544031.300,2026-10-07 13:41:46.967249+02,2026-10-07 13:41:46.967249+02
20240928,8742,24403.789,2026-10-07 13:41:46.967249+02,2026-10-07 13:41:46.967249+02
20240928,8743,16866.145,2026-10-07 13:41:46.967249+02,2026-10-07 13:41:46.967249+02
20240928,8744,540.887,2026-10-07 13:41:46.967249+02,2026-10-07 13:41:46.967249+02
20240928,8745,569.635,2026-10-07 13:41:46.967249+02,2026-10-07 13:41:46.967249+02
20240929,8741,507632.060,2026-10-07 13:41:46.967249+02,2026-10-07 13:41:46.967249+02
20240929,8742,22709.928,2026-10-07 13:41:46.967249+02,2026-10-07 13:41:46.967249+02
20240929,8743,15682.796,2026-10-07 13:41:46.967249+02,2026-10-07 13:41:46.967249+02
20240929,8744,560.934,2026-10-07 13:41:46.967249+02,2026-10-07 13:41:46.967249+02
20240929,8745,544.352,2026-10-07 13:41:46.967249+02,2026-10-07 13:41:46.967249+02
20240930,8741,608651.151,2026-10-07 13:41:46.967249+02,2026-10-07 13:41:46.967249+02
20240930,8742,24928.771,2026-10-07 13:41:46.967249+02,2026-10-07 13:41:46.967249+02
20240930,8743,16948.435,2026-10-07 13:41:46.967249+02,2026-10-07 13:41:46.967249+02
20240930,8744,574.866,2026-10-07 13:41:46.967249+02,2026-10-07 13:41:46.967249+02
20240930,8745,615.500,2026-10-07 13:41:46.967249+02,2026-10-07 13:41:46.967249+02
20241001,8741,641011.048,2026-10-07 13:41:46.967249+02,2026-10-07 13:41:46.967249+02
20241001,8742,25390.574,2026-10-07 13:41:46.967249+02,2026-10-07 13:41:46.967249+02
20241001,8743,17024.324,2026-10-07 13:41:46.967249+02,2026-10-07 13:41:46.967249+02
20241001,8744,576.560,2026-10-07 13:41:46.967249+02,2026-10-07 13:41:46.967249+02
20241001,8745,610.112,2026-10-07 13:41:46.967249+02,2026-10-07 13:41:46.967249+02
20241002,8741,659213.048,2026-10-07 13:41:46.967249+02,2026-10-07 13:41:46.967249+02
20241002,8742,25854.557,2026-10-07 13:41:46.967249+02,2026-10-07 13:41:46.967249+02
20241002,8743,17861.274,2026-10-07 13:41:46.967249+02,2026-10-07 13:41:46.967249+02
20241002,8744,589.344,2026-10-07 13:41:46.967249+02,2026-10-07 13:41:46.967249+02
20241002,8745,619.742,2026-10-07 13:41:46.967249+02,2026-10-07 13:41:46.967249+02
20241003,8741,648893.646,2026-10-07 13:41:46.967249+02,2026-10-07 13:41:46.967249+02
20241003,8742,26015.428,2026-10-07 13:41:46.967249+02,2026-10-07 13:41:46.967249+02
20241003,8743,17313.210,2026-10-07 13:41:46.967249+02,2026-10-07 13:41:46.967249+02
20241003,8744,594.559,2026-10-07 13:41:46.967249+02,2026-10-07 13:41:46.967249+02
20241003,8745,622.084,2026-10-07 13:41:46.967249+02,2026-10-07 13:41:46.967249+02
20241004,8741,631602.281,2026-10-07 13:41:46.967249+02,2026-10-07 13:41:46.967249+02
20241004,8742,26160.171,2026-10-07 13:41:46.967249+02,2026-10-07 13:41:46.967249+02
20241004,8743,16828.815,2026-10-07 13:41:46.967249+02,2026-10-07 13:41:46.967249+02
20241004,8744,559.734,2026-10-07 13:41:46.967249+02,2026-10-07 13:41:46.967249+02
20241004,8745,616.859,2026-10-07 13:41:46.967249+02,2026-10-07 13:41:46.967249+02
20241005,8741,565000.671,2026-10-07 13:41:46.967249+02,2026-10-07 13:41:46.967249+02
20241005,8742,24593.485,2026-10-07 13:41:46.967249+02,2026-10-07 13:41:46.967249+02
20241005,8743,16132.089,2026-10-07 13:41:46.967249+02,2026-10-07 13:41:46.967249+02
20241005,8744,560.084,2026-10-07 13:41:46.967249+02,2026-10-07 13:41:46.967249+02
20241005,8745,582.900,2026-10-07 13:41:46.967249+02,2026-10-07 13:41:46.967249+02
20241006,8741,536492.152,2026-10-07 13:41:46.967249+02,2026-10-07 13:41:46.967249+02
20241006,8742,23334.448,2026-10-07 13:41:46.967249+02,2026-10-07 13:41:46.967249+02
20241006,8743,16216.322,2026-10-07 13:41:46.967249+02,2026-10-07 13:41:46.967249+02
20241006,8744,566.513,2026-10-07 13:41:46.967249+02,2026-10-07 13:41:46.967249+02
20241006,8745,563.625,2026-10-07 13:41:46.967249+02,2026-10-07 13:41:46.967249+02
20241007,8741,645190.075,2026-10-07 13:41:46.967249+02,2026-10-07 13:41:46.967249+02
20241007,8742,25648.402,2026-10-07 13:41:46.967249+02,2026-10-07 13:41:46.967249+02
20241007,8743,18041.594,2026-10-07 13:41:46.967249+02,2026-10-07 13:41:46.967249+02
20241007,8744,569.455,2026-10-07 13:41:46.967249+02,2026-10-07 13:41:46.967249+02
20241007,8745,621.105,2026-10-07 13:41:46.967249+02,2026-10-07 13:41:46.967249+02
20241008,8741,646343.152,2026-10-07 13:41:46.967249+02,2026-10-07 13:41:46.967249+02
20241008,8742,26060.600,2026-10-07 13:41:46.967249+02,2026-10-07 13:41:46.967249+02
20241008,8743,17394.444,2026-10-07 13:41:46.967249+02,2026-10-07 13:41:46.967249+02
20241008,8744,574.453,2026-10-07 13:41:46.967249+02,2026-10-07 13:41:46.967249+02
20241008,8745,602.292,2026-10-07 13:41:46.967249+02,2026-10-07 13:41:46.967249+02
20241009,8741,643910.424,2026-10-07 13:41:46.967249+02,2026-10-07 13:41:46.967249+02
20241009,8742,25673.603,2026-10-07 13:41:46.967249+02,2026-10-07 13:41:46.967249+02
20241009,8743,17654.631,2026-10-07 13:41:46.967249+02,2026-10-07 13:41:46.967249+02
20241009,8744,562.826,2026-10-07 13:41:46.967249+02,2026-10-07 13:41:46.967249+02
20241009,8745,592.797,2026-10-07 13:41:46.967249+02,2026-10-07 13:41:46.967249+02
20241010,8741,630030.817,2026-10-07 13:41:46.967249+02,2026-10-07 13:41:46.967249+02
20241010,8742,26275.487,2026-10-07 13:41:46.967249+02,2026-10-07 13:41:46.967249+02
20241010,8743,17135.596,2026-10-07 13:41:46.967249+02,2026-10-07 13:41:46.967249+02
20241010,8744,567.099,2026-10-07 13:41:46.967249+02,2026-10-07 13:41:46.967249+02
20241010,8745,593.586,2026-10-07 13:41:46.967249+02,2026-10-07 13:41:46.967249+02
20241011,8741,620579.683,2026-10-07 13:41:46.967249+02,2026-10-07 13:41:46.967249+02
20241011,8742,26231.472,2026-10-07 13:41:46.967249+02,2026-10-07 13:41:46.967249+02
20241011,8743,16627.355,2026-10-07 13:41:46.967249+02,2026-10-07 13:41:46.967249+02
20241011,8744,538.674,2026-10-07 13:41:46.967249+02,2026-10-07 13:41:46.967249+02
20241011,8745,588.400,2026-10-07 13:41:46.967249+02,2026-10-07 13:41:46.967249+02
20241012,8741,547604.411,2026-10-07 13:41:46.967249+02,2026-10-07 13:41:46.967249+02
20241012,8742,24636.933,2026-10-07 13:41:46.967249+02,2026-10-07 13:41:46.967249+02
20241012,8743,15946.852,2026-10-07 13:41:46.967249+02,2026-10-07 13:41:46.967249+02
20241012,8744,528.340,2026-10-07 13:41:46.967249+02,2026-10-07 13:41:46.967249+02
20241012,8745,555.789,2026-10-07 13:41:46.967249+02,2026-10-07 13:41:46.967249+02
20241013,8741,509469.044,2026-10-07 13:41:46.967249+02,2026-10-07 13:41:46.967249+02
20241013,8742,23121.842,2026-10-07 13:41:46.967249+02,2026-10-07 13:41:46.967249+02
20241013,8743,15713.099,2026-10-07 13:41:46.967249+02,2026-10-07 13:41:46.967249+02
20241013,8744,550.788,2026-10-07 13:41:46.967249+02,2026-10-07 13:41:46.967249+02
20241013,8745,535.630,2026-10-07 13:41:46.967249+02,2026-10-07 13:41:46.967249+02
20241014,8741,624059.334,2026-10-07 13:41:46.967249+02,2026-10-07 13:41:46.967249+02
20241014,8742,25265.899,2026-10-07 13:41:46.967249+02,2026-10-07 13:41:46.967249+02
20241014,8743,17561.546,2026-10-07 13:41:46.967249+02,2026-10-07 13:41:46.967249+02
20241014,8744,545.421,2026-10-07 13:41:46.967249+02,2026-10-07 13:41:46.967249+02
20241014,8745,595.112,2026-10-07 13:41:46.967249+02,2026-10-07 13:41:46.967249+02
20241015,8741,648771.094,2026-10-07 13:41:46.967249+02,2026-10-07 13:41:46.967249+02
20241015,8742,25602.288,2026-10-07 13:41:46.967249+02,2026-10-07 13:41:46.967249+02
20241015,8743,17806.856,2026-10-07 13:41:46.967249+02,2026-10-07 13:41:46.967249+02
20241015,8744,565.948,2026-10-07 13:41:46.967249+02,2026-10-07 13:41:46.967249+02
20241015,8745,589.430,2026-10-07 13:41:46.967249+02,2026-10-07 13:41:46.967249+02
20241016,8741,651286.545,2026-10-07 13:41:46.967249+02,2026-10-07 13:41:46.967249+02
20241016,8742,26377.594,2026-10-07 13:41:46.967249+02,2026-10-07 13:41:46.967249+02
20241016,8743,17438.327,2026-10-07 13:41:46.967249+02,2026-10-07 13:41:46.967249+02
20241016,8744,559.440,2026-10-07 13:41:46.967249+02,2026-10-07 13:41:46.967249+02
20241016,8745,606.074,2026-10-07 13:41:46.967249+02,2026-10-07 13:41:46.967249+02
20241017,8741,645338.465,2026-10-07 13:41:46.967249+02,2026-10-07 13:41:46.967249+02
20241017,8742,25760.340,2026-10-07 13:41:46.967249+02,2026-10-07 13:41:46.967249+02
20241017,8743,17039.572,2026-10-07 13:41:46.967249+02,2026-10-07 13:41:46.967249+02
20241017,8744,541.536,2026-10-07 13:41:46.967249+02,2026-10-07 13:41:46.967249+02
20241017,8745,582.758,2026-10-07 13:41:46.967249+02,2026-10-07 13:41:46.967249+02
20241018,8741,629579.062,2026-10-07 13:41:46.967249+02,2026-10-07 13:41:46.967249+02
20241018,8742,25279.203,2026-10-07 13:41:46.967249+02,2026-10-07 13:41:46.967249+02
20241018,8743,16144.373,2026-10-07 13:41:46.967249+02,2026-10-07 13:41:46.967249+02
20241018,8744,514.916,2026-10-07 13:41:46.967249+02,2026-10-07 13:41:46.967249+02
20241018,8745,565.810,2026-10-07 13:41:46.967249+02,2026-10-07 13:41:46.967249+02
20241019,8741,552330.387,2026-10-07 13:41:46.967249+02,2026-10-07 13:41:46.967249+02
20241019,8742,23936.490,2026-10-07 13:41:46.967249+02,2026-10-07 13:41:46.967249+02
20241019,8743,15279.810,2026-10-07 13:41:46.967249+02,2026-10-07 13:41:46.967249+02
20241019,8744,530.554,2026-10-07 13:41:46.967249+02,2026-10-07 13:41:46.967249+02
20241019,8745,545.510,2026-10-07 13:41:46.967249+02,2026-10-07 13:41:46.967249+02
20241020,8741,517731.942,2026-10-07 13:41:46.967249+02,2026-10-07 13:41:46.967249+02
20241020,8742,22845.209,2026-10-07 13:41:46.967249+02,2026-10-07 13:41:46.967249+02
20241020,8743,14625.696,2026-10-07 13:41:46.967249+02,2026-10-07 13:41:46.967249+02
20241020,8744,539.130,2026-10-07 13:41:46.967249+02,2026-10-07 13:41:46.967249+02
20241020,8745,521.281,2026-10-07 13:41:46.967249+02,2026-10-07 13:41:46.967249+02
20241021,8741,610429.054,2026-10-07 13:41:46.967249+02,2026-10-07 13:41:46.967249+02
20241021,8742,25394.052,2026-10-07 13:41:46.967249+02,2026-10-07 13:41:46.967249+02
20241021,8743,15996.514,2026-10-07 13:41:46.967249+02,2026-10-07 13:41:46.967249+02
20241021,8744,535.740,2026-10-07 13:41:46.967249+02,2026-10-07 13:41:46.967249+02
20241021,8745,573.774,2026-10-07 13:41:46.967249+02,2026-10-07 13:41:46.967249+02
20241022,8741,634288.737,2026-10-07 13:41:46.967249+02,2026-10-07 13:41:46.967249+02
20241022,8742,25473.747,2026-10-07 13:41:46.967249+02,2026-10-07 13:41:46.967249+02
20241022,8743,16188.251,2026-10-07 13:41:46.967249+02,2026-10-07 13:41:46.967249+02
20241022,8744,543.781,2026-10-07 13:41:46.967249+02,2026-10-07 13:41:46.967249+02
20241022,8745,581.219,2026-10-07 13:41:46.967249+02,2026-10-07 13:41:46.967249+02
20241023,8741,632382.142,2026-10-07 13:41:46.967249+02,2026-10-07 13:41:46.967249+02
20241023,8742,25580.367,2026-10-07 13:41:46.967249+02,2026-10-07 13:41:46.967249+02
20241023,8743,15919.019,2026-10-07 13:41:46.967249+02,2026-10-07 13:41:46.967249+02
20241023,8744,562.431,2026-10-07 13:41:46.967249+02,2026-10-07 13:41:46.967249+02
20241023,8745,585.344,2026-10-07 13:41:46.967249+02,2026-10-07 13:41:46.967249+02
20241024,8741,633278.125,2026-10-07 13:41:46.967249+02,2026-10-07 13:41:46.967249+02
20241024,8742,25578.584,2026-10-07 13:41:46.967249+02,2026-10-07 13:41:46.967249+02
20241024,8743,15737.365,2026-10-07 13:41:46.967249+02,2026-10-07 13:41:46.967249+02
20241024,8744,548.405,2026-10-07 13:41:46.967249+02,2026-10-07 13:41:46.967249+02
20241024,8745,589.585,2026-10-07 13:41:46.967249+02,2026-10-07 13:41:46.967249+02
20241025,8741,638746.288,2026-10-07 13:41:46.967249+02,2026-10-07 13:41:46.967249+02
20241025,8742,25400.610,2026-10-07 13:41:46.967249+02,2026-10-07 13:41:46.967249+02
20241025,8743,15501.191,2026-10-07 13:41:46.967249+02,2026-10-07 13:41:46.967249+02
20241025,8744,532.520,2026-10-07 13:41:46.967249+02,2026-10-07 13:41:46.967249+02
20241025,8745,572.833,2026-10-07 13:41:46.967249+02,2026-10-07 13:41:46.967249+02
20241026,8741,560331.671,2026-10-07 13:41:46.967249+02,2026-10-07 13:41:46.967249+02
20241026,8742,23880.364,2026-10-07 13:41:46.967249+02,2026-10-07 13:41:46.967249+02
20241026,8743,14989.959,2026-10-07 13:41:46.967249+02,2026-10-07 13:41:46.967249+02
20241026,8744,526.352,2026-10-07 13:41:46.967249+02,2026-10-07 13:41:46.967249+02
20241026,8745,531.145,2026-10-07 13:41:46.967249+02,2026-10-07 13:41:46.967249+02
20241027,8741,553824.927,2026-10-07 13:41:46.967249+02,2026-10-07 13:41:46.967249+02
20241027,8742,23403.723,2026-10-07 13:41:46.967249+02,2026-10-07 13:41:46.967249+02
20241027,8743,14487.512,2026-10-07 13:41:46.967249+02,2026-10-07 13:41:46.967249+02
20241027,8744,559.220,2026-10-07 13:41:46.967249+02,2026-10-07 13:41:46.967249+02
20241027,8745,542.629,2026-10-07 13:41:46.967249+02,2026-10-07 13:41:46.967249+02
20241028,8741,634113.447,2026-10-07 13:41:46.967249+02,2026-10-07 13:41:46.967249+02
20241028,8742,24840.337,2026-10-07 13:41:46.967249+02,2026-10-07 13:41:46.967249+02
20241028,8743,14798.682,2026-10-07 13:41:46.967249+02,2026-10-07 13:41:46.967249+02
20241028,8744,553.592,2026-10-07 13:41:46.967249+02,2026-10-07 13:41:46.967249+02
20241028,8745,568.432,2026-10-07 13:41:46.967249+02,2026-10-07 13:41:46.967249+02
20241029,8741,659169.697,2026-10-07 13:41:46.967249+02,2026-10-07 13:41:46.967249+02
20241029,8742,24961.436,2026-10-07 13:41:46.967249+02,2026-10-07 13:41:46.967249+02
20241029,8743,15341.477,2026-10-07 13:41:46.967249+02,2026-10-07 13:41:46.967249+02
20241029,8744,539.464,2026-10-07 13:41:46.967249+02,2026-10-07 13:41:46.967249+02
20241029,8745,562.025,2026-10-07 13:41:46.967249+02,2026-10-07 13:41:46.967249+02
20241030,8741,646615.089,2026-10-07 13:41:46.967249+02,2026-10-07 13:41:46.967249+02
20241030,8742,24932.707,2026-10-07 13:41:46.967249+02,2026-10-07 13:41:46.967249+02
20241030,8743,14991.118,2026-10-07 13:41:46.967249+02,2026-10-07 13:41:46.967249+02
20241030,8744,553.389,2026-10-07 13:41:46.967249+02,2026-10-07 13:41:46.967249+02
20241030,8745,560.999,2026-10-07 13:41:46.967249+02,2026-10-07 13:41:46.967249+02
20241031,8741,625688.088,2026-10-07 13:41:46.967249+02,2026-10-07 13:41:46.967249+02
20241031,8742,24600.871,2026-10-07 13:41:46.967249+02,2026-10-07 13:41:46.967249+02
20241031,8743,14702.178,2026-10-07 13:41:46.967249+02,2026-10-07 13:41:46.967249+02
20241031,8744,539.467,2026-10-07 13:41:46.967249+02,2026-10-07 13:41:46.967249+02
20241031,8745,555.973,2026-10-07 13:41:46.967249+02,2026-10-07 13:41:46.967249+02
20241101,8741,539325.136,2026-10-07 13:41:46.967249+02,2026-10-07 13:41:46.967249+02
20241101,8742,23092.166,2026-10-07 13:41:46.967249+02,2026-10-07 13:41:46.967249+02
20241101,8743,13509.847,2026-10-07 13:41:46.967249+02,2026-10-07 13:41:46.967249+02
20241101,8744,520.568,2026-10-07 13:41:46.967249+02,2026-10-07 13:41:46.967249+02
20241101,8745,507.924,2026-10-07 13:41:46.967249+02,2026-10-07 13:41:46.967249+02
20241102,8741,535866.370,2026-10-07 13:41:46.967249+02,2026-10-07 13:41:46.967249+02
20241102,8742,23664.305,2026-10-07 13:41:46.967249+02,2026-10-07 13:41:46.967249+02
20241102,8743,12941.130,2026-10-07 13:41:46.967249+02,2026-10-07 13:41:46.967249+02
20241102,8744,533.861,2026-10-07 13:41:46.967249+02,2026-10-07 13:41:46.967249+02
20241102,8745,524.722,2026-10-07 13:41:46.967249+02,2026-10-07 13:41:46.967249+02
20241103,8741,517970.523,2026-10-07 13:41:46.967249+02,2026-10-07 13:41:46.967249+02
20241103,8742,22667.606,2026-10-07 13:41:46.967249+02,2026-10-07 13:41:46.967249+02
20241103,8743,12537.682,2026-10-07 13:41:46.967249+02,2026-10-07 13:41:46.967249+02
20241103,8744,518.593,2026-10-07 13:41:46.967249+02,2026-10-07 13:41:46.967249+02
20241103,8745,511.924,2026-10-07 13:41:46.967249+02,2026-10-07 13:41:46.967249+02
20241104,8741,611973.125,2026-10-07 13:41:46.967249+02,2026-10-07 13:41:46.967249+02
20241104,8742,25079.111,2026-10-07 13:41:46.967249+02,2026-10-07 13:41:46.967249+02
20241104,8743,13519.464,2026-10-07 13:41:46.967249+02,2026-10-07 13:41:46.967249+02
20241104,8744,529.549,2026-10-07 13:41:46.967249+02,2026-10-07 13:41:46.967249+02
20241104,8745,552.161,2026-10-07 13:41:46.967249+02,2026-10-07 13:41:46.967249+02
20241105,8741,631397.229,2026-10-07 13:41:46.967249+02,2026-10-07 13:41:46.967249+02
20241105,8742,25184.744,2026-10-07 13:41:46.967249+02,2026-10-07 13:41:46.967249+02
20241105,8743,13319.942,2026-10-07 13:41:46.967249+02,2026-10-07 13:41:46.967249+02
20241105,8744,544.277,2026-10-07 13:41:46.967249+02,2026-10-07 13:41:46.967249+02
20241105,8745,562.576,2026-10-07 13:41:46.967249+02,2026-10-07 13:41:46.967249+02
20241106,8741,634967.404,2026-10-07 13:41:46.967249+02,2026-10-07 13:41:46.967249+02
20241106,8742,25413.563,2026-10-07 13:41:46.967249+02,2026-10-07 13:41:46.967249+02
20241106,8743,13272.539,2026-10-07 13:41:46.967249+02,2026-10-07 13:41:46.967249+02
20241106,8744,547.012,2026-10-07 13:41:46.967249+02,2026-10-07 13:41:46.967249+02
20241106,8745,563.012,2026-10-07 13:41:46.967249+02,2026-10-07 13:41:46.967249+02
20241107,8741,635750.137,2026-10-07 13:41:46.967249+02,2026-10-07 13:41:46.967249+02
20241107,8742,25726.274,2026-10-07 13:41:46.967249+02,2026-10-07 13:41:46.967249+02
20241107,8743,13026.124,2026-10-07 13:41:46.967249+02,2026-10-07 13:41:46.967249+02
20241107,8744,557.565,2026-10-07 13:41:46.967249+02,2026-10-07 13:41:46.967249+02
20241107,8745,571.379,2026-10-07 13:41:46.967249+02,2026-10-07 13:41:46.967249+02
20241108,8741,642402.256,2026-10-07 13:41:46.967249+02,2026-10-07 13:41:46.967249+02
20241108,8742,26041.500,2026-10-07 13:41:46.967249+02,2026-10-07 13:41:46.967249+02
20241108,8743,12798.176,2026-10-07 13:41:46.967249+02,2026-10-07 13:41:46.967249+02
20241108,8744,531.271,2026-10-07 13:41:46.967249+02,2026-10-07 13:41:46.967249+02
20241108,8745,562.817,2026-10-07 13:41:46.967249+02,2026-10-07 13:41:46.967249+02
20241109,8741,565867.791,2026-10-07 13:41:46.967249+02,2026-10-07 13:41:46.967249+02
20241109,8742,24589.720,2026-10-07 13:41:46.967249+02,2026-10-07 13:41:46.967249+02
20241109,8743,12156.382,2026-10-07 13:41:46.967249+02,2026-10-07 13:41:46.967249+02
20241109,8744,535.301,2026-10-07 13:41:46.967249+02,2026-10-07 13:41:46.967249+02
20241109,8745,540.737,2026-10-07 13:41:46.967249+02,2026-10-07 13:41:46.967249+02
20241110,8741,528496.952,2026-10-07 13:41:46.967249+02,2026-10-07 13:41:46.967249+02
20241110,8742,23453.085,2026-10-07 13:41:46.967249+02,2026-10-07 13:41:46.967249+02
20241110,8743,11765.446,2026-10-07 13:41:46.967249+02,2026-10-07 13:41:46.967249+02
20241110,8744,545.105,2026-10-07 13:41:46.967249+02,2026-10-07 13:41:46.967249+02
20241110,8745,529.455,2026-10-07 13:41:46.967249+02,2026-10-07 13:41:46.967249+02
20241111,8741,627321.874,2026-10-07 13:41:46.967249+02,2026-10-07 13:41:46.967249+02
20241111,8742,25712.839,2026-10-07 13:41:46.967249+02,2026-10-07 13:41:46.967249+02
20241111,8743,12888.411,2026-10-07 13:41:46.967249+02,2026-10-07 13:41:46.967249+02
20241111,8744,552.048,2026-10-07 13:41:46.967249+02,2026-10-07 13:41:46.967249+02
20241111,8745,556.509,2026-10-07 13:41:46.967249+02,2026-10-07 13:41:46.967249+02
20241112,8741,658215.912,2026-10-07 13:41:46.967249+02,2026-10-07 13:41:46.967249+02
20241112,8742,25676.517,2026-10-07 13:41:46.967249+02,2026-10-07 13:41:46.967249+02
20241112,8743,13686.214,2026-10-07 13:41:46.967249+02,2026-10-07 13:41:46.967249+02
20241112,8744,539.942,2026-10-07 13:41:46.967249+02,2026-10-07 13:41:46.967249+02
20241112,8745,549.205,2026-10-07 13:41:46.967249+02,2026-10-07 13:41:46.967249+02
20241113,8741,689501.454,2026-10-07 13:41:46.967249+02,2026-10-07 13:41:46.967249+02
20241113,8742,25532.695,2026-10-07 13:41:46.967249+02,2026-10-07 13:41:46.967249+02
20241113,8743,13428.093,2026-10-07 13:41:46.967249+02,2026-10-07 13:41:46.967249+02
20241113,8744,560.862,2026-10-07 13:41:46.967249+02,2026-10-07 13:41:46.967249+02
20241113,8745,559.030,2026-10-07 13:41:46.967249+02,2026-10-07 13:41:46.967249+02
20241114,8741,673036.472,2026-10-07 13:41:46.967249+02,2026-10-07 13:41:46.967249+02
20241114,8742,25653.793,2026-10-07 13:41:46.967249+02,2026-10-07 13:41:46.967249+02
20241114,8743,13314.313,2026-10-07 13:41:46.967249+02,2026-10-07 13:41:46.967249+02
20241114,8744,546.691,2026-10-07 13:41:46.967249+02,2026-10-07 13:41:46.967249+02
20241114,8745,569.023,2026-10-07 13:41:46.967249+02,2026-10-07 13:41:46.967249+02
20241115,8741,665501.373,2026-10-07 13:41:46.967249+02,2026-10-07 13:41:46.967249+02
20241115,8742,25281.829,2026-10-07 13:41:46.967249+02,2026-10-07 13:41:46.967249+02
20241115,8743,13062.521,2026-10-07 13:41:46.967249+02,2026-10-07 13:41:46.967249+02
20241115,8744,540.854,2026-10-07 13:41:46.967249+02,2026-10-07 13:41:46.967249+02
20241115,8745,569.061,2026-10-07 13:41:46.967249+02,2026-10-07 13:41:46.967249+02
20241116,8741,585456.746,2026-10-07 13:41:46.967249+02,2026-10-07 13:41:46.967249+02
20241116,8742,23820.544,2026-10-07 13:41:46.967249+02,2026-10-07 13:41:46.967249+02
20241116,8743,12510.958,2026-10-07 13:41:46.967249+02,2026-10-07 13:41:46.967249+02
20241116,8744,545.401,2026-10-07 13:41:46.967249+02,2026-10-07 13:41:46.967249+02
20241116,8745,545.155,2026-10-07 13:41:46.967249+02,2026-10-07 13:41:46.967249+02
20241117,8741,543274.103,2026-10-07 13:41:46.967249+02,2026-10-07 13:41:46.967249+02
20241117,8742,22843.309,2026-10-07 13:41:46.967249+02,2026-10-07 13:41:46.967249+02
20241117,8743,11703.825,2026-10-07 13:41:46.967249+02,2026-10-07 13:41:46.967249+02
20241117,8744,534.847,2026-10-07 13:41:46.967249+02,2026-10-07 13:41:46.967249+02
20241117,8745,526.901,2026-10-07 13:41:46.967249+02,2026-10-07 13:41:46.967249+02
20241118,8741,643677.433,2026-10-07 13:41:46.967249+02,2026-10-07 13:41:46.967249+02
20241118,8742,25068.856,2026-10-07 13:41:46.967249+02,2026-10-07 13:41:46.967249+02
20241118,8743,12962.169,2026-10-07 13:41:46.967249+02,2026-10-07 13:41:46.967249+02
20241118,8744,558.020,2026-10-07 13:41:46.967249+02,2026-10-07 13:41:46.967249+02
20241118,8745,561.032,2026-10-07 13:41:46.967249+02,2026-10-07 13:41:46.967249+02
20241119,8741,659134.150,2026-10-07 13:41:46.967249+02,2026-10-07 13:41:46.967249+02
20241119,8742,25450.426,2026-10-07 13:41:46.967249+02,2026-10-07 13:41:46.967249+02
20241119,8743,12978.463,2026-10-07 13:41:46.967249+02,2026-10-07 13:41:46.967249+02
20241119,8744,544.372,2026-10-07 13:41:46.967249+02,2026-10-07 13:41:46.967249+02
20241119,8745,563.810,2026-10-07 13:41:46.967249+02,2026-10-07 13:41:46.967249+02
20241120,8741,667252.292,2026-10-07 13:41:46.967249+02,2026-10-07 13:41:46.967249+02
20241120,8742,25855.532,2026-10-07 13:41:46.967249+02,2026-10-07 13:41:46.967249+02
20241120,8743,12892.561,2026-10-07 13:41:46.967249+02,2026-10-07 13:41:46.967249+02
20241120,8744,541.893,2026-10-07 13:41:46.967249+02,2026-10-07 13:41:46.967249+02
20241120,8745,565.018,2026-10-07 13:41:46.967249+02,2026-10-07 13:41:46.967249+02
20241121,8741,683383.103,2026-10-07 13:41:46.967249+02,2026-10-07 13:41:46.967249+02
20241121,8742,26108.608,2026-10-07 13:41:46.967249+02,2026-10-07 13:41:46.967249+02
20241121,8743,12663.848,2026-10-07 13:41:46.967249+02,2026-10-07 13:41:46.967249+02
20241121,8744,525.845,2026-10-07 13:41:46.967249+02,2026-10-07 13:41:46.967249+02
20241121,8745,568.085,2026-10-07 13:41:46.967249+02,2026-10-07 13:41:46.967249+02
20241122,8741,668867.835,2026-10-07 13:41:46.967249+02,2026-10-07 13:41:46.967249+02
20241122,8742,25845.759,2026-10-07 13:41:46.967249+02,2026-10-07 13:41:46.967249+02
20241122,8743,12817.346,2026-10-07 13:41:46.967249+02,2026-10-07 13:41:46.967249+02
20241122,8744,491.068,2026-10-07 13:41:46.967249+02,2026-10-07 13:41:46.967249+02
20241122,8745,562.869,2026-10-07 13:41:46.967249+02,2026-10-07 13:41:46.967249+02
20241123,8741,590158.636,2026-10-07 13:41:46.967249+02,2026-10-07 13:41:46.967249+02
20241123,8742,24497.429,2026-10-07 13:41:46.967249+02,2026-10-07 13:41:46.967249+02
20241123,8743,12246.918,2026-10-07 13:41:46.967249+02,2026-10-07 13:41:46.967249+02
20241123,8744,462.227,2026-10-07 13:41:46.967249+02,2026-10-07 13:41:46.967249+02
20241123,8745,538.368,2026-10-07 13:41:46.967249+02,2026-10-07 13:41:46.967249+02
20241124,8741,553056.910,2026-10-07 13:41:46.967249+02,2026-10-07 13:41:46.967249+02
20241124,8742,23334.474,2026-10-07 13:41:46.967249+02,2026-10-07 13:41:46.967249+02
20241124,8743,11600.737,2026-10-07 13:41:46.967249+02,2026-10-07 13:41:46.967249+02
20241124,8744,463.755,2026-10-07 13:41:46.967249+02,2026-10-07 13:41:46.967249+02
20241124,8745,518.350,2026-10-07 13:41:46.967249+02,2026-10-07 13:41:46.967249+02
20241125,8741,658386.875,2026-10-07 13:41:46.967249+02,2026-10-07 13:41:46.967249+02
20241125,8742,25504.630,2026-10-07 13:41:46.967249+02,2026-10-07 13:41:46.967249+02
20241125,8743,13107.411,2026-10-07 13:41:46.967249+02,2026-10-07 13:41:46.967249+02
20241125,8744,514.092,2026-10-07 13:41:46.967249+02,2026-10-07 13:41:46.967249+02
20241125,8745,565.335,2026-10-07 13:41:46.967249+02,2026-10-07 13:41:46.967249+02
20241126,8741,680475.874,2026-10-07 13:41:46.967249+02,2026-10-07 13:41:46.967249+02
20241126,8742,25768.343,2026-10-07 13:41:46.967249+02,2026-10-07 13:41:46.967249+02
20241126,8743,12821.419,2026-10-07 13:41:46.967249+02,2026-10-07 13:41:46.967249+02
20241126,8744,515.493,2026-10-07 13:41:46.967249+02,2026-10-07 13:41:46.967249+02
20241126,8745,568.438,2026-10-07 13:41:46.967249+02,2026-10-07 13:41:46.967249+02
20241127,8741,684435.486,2026-10-07 13:41:46.967249+02,2026-10-07 13:41:46.967249+02
20241127,8742,25664.598,2026-10-07 13:41:46.967249+02,2026-10-07 13:41:46.967249+02
20241127,8743,13130.185,2026-10-07 13:41:46.967249+02,2026-10-07 13:41:46.967249+02
20241127,8744,520.147,2026-10-07 13:41:46.967249+02,2026-10-07 13:41:46.967249+02
20241127,8745,574.562,2026-10-07 13:41:46.967249+02,2026-10-07 13:41:46.967249+02
20241128,8741,690778.497,2026-10-07 13:41:46.967249+02,2026-10-07 13:41:46.967249+02
20241128,8742,25764.112,2026-10-07 13:41:46.967249+02,2026-10-07 13:41:46.967249+02
20241128,8743,13075.789,2026-10-07 13:41:46.967249+02,2026-10-07 13:41:46.967249+02
20241128,8744,519.640,2026-10-07 13:41:46.967249+02,2026-10-07 13:41:46.967249+02
20241128,8745,570.419,2026-10-07 13:41:46.967249+02,2026-10-07 13:41:46.967249+02
20241129,8741,678935.210,2026-10-07 13:41:46.967249+02,2026-10-07 13:41:46.967249+02
20241129,8742,25522.357,2026-10-07 13:41:46.967249+02,2026-10-07 13:41:46.967249+02
20241129,8743,13034.073,2026-10-07 13:41:46.967249+02,2026-10-07 13:41:46.967249+02
20241129,8744,507.336,2026-10-07 13:41:46.967249+02,2026-10-07 13:41:46.967249+02
20241129,8745,562.600,2026-10-07 13:41:46.967249+02,2026-10-07 13:41:46.967249+02
20241130,8741,597797.985,2026-10-07 13:41:46.967249+02,2026-10-07 13:41:46.967249+02
20241130,8742,24514.857,2026-10-07 13:41:46.967249+02,2026-10-07 13:41:46.967249+02
20241130,8743,12402.313,2026-10-07 13:41:46.967249+02,2026-10-07 13:41:46.967249+02
20241130,8744,472.326,2026-10-07 13:41:46.967249+02,2026-10-07 13:41:46.967249+02
20241130,8745,541.755,2026-10-07 13:41:46.967249+02,2026-10-07 13:41:46.967249+02
20241201,8741,566390.164,2026-10-07 13:41:46.967249+02,2026-10-07 13:41:46.967249+02
20241201,8742,23552.082,2026-10-07 13:41:46.967249+02,2026-10-07 13:41:46.967249+02
20241201,8743,12080.836,2026-10-07 13:41:46.967249+02,2026-10-07 13:41:46.967249+02
20241201,8744,466.849,2026-10-07 13:41:46.967249+02,2026-10-07 13:41:46.967249+02
20241201,8745,541.646,2026-10-07 13:41:46.967249+02,2026-10-07 13:41:46.967249+02
20241202,8741,666923.375,2026-10-07 13:41:46.967249+02,2026-10-07 13:41:46.967249+02
20241202,8742,25170.243,2026-10-07 13:41:46.967249+02,2026-10-07 13:41:46.967249+02
20241202,8743,13473.369,2026-10-07 13:41:46.967249+02,2026-10-07 13:41:46.967249+02
20241202,8744,510.226,2026-10-07 13:41:46.967249+02,2026-10-07 13:41:46.967249+02
20241202,8745,568.643,2026-10-07 13:41:46.967249+02,2026-10-07 13:41:46.967249+02
20241203,8741,683884.469,2026-10-07 13:41:46.967249+02,2026-10-07 13:41:46.967249+02
20241203,8742,25293.819,2026-10-07 13:41:46.967249+02,2026-10-07 13:41:46.967249+02
20241203,8743,13548.336,2026-10-07 13:41:46.967249+02,2026-10-07 13:41:46.967249+02
20241203,8744,515.862,2026-10-07 13:41:46.967249+02,2026-10-07 13:41:46.967249+02
20241203,8745,573.295,2026-10-07 13:41:46.967249+02,2026-10-07 13:41:46.967249+02
20241204,8741,693117.927,2026-10-07 13:41:46.967249+02,2026-10-07 13:41:46.967249+02
20241204,8742,25392.894,2026-10-07 13:41:46.967249+02,2026-10-07 13:41:46.967249+02
20241204,8743,14232.247,2026-10-07 13:41:46.967249+02,2026-10-07 13:41:46.967249+02
20241204,8744,510.778,2026-10-07 13:41:46.967249+02,2026-10-07 13:41:46.967249+02
20241204,8745,569.890,2026-10-07 13:41:46.967249+02,2026-10-07 13:41:46.967249+02
20241205,8741,688410.648,2026-10-07 13:41:46.967249+02,2026-10-07 13:41:46.967249+02
20241205,8742,25258.007,2026-10-07 13:41:46.967249+02,2026-10-07 13:41:46.967249+02
20241205,8743,13948.663,2026-10-07 13:41:46.967249+02,2026-10-07 13:41:46.967249+02
20241205,8744,499.966,2026-10-07 13:41:46.967249+02,2026-10-07 13:41:46.967249+02
20241205,8745,561.168,2026-10-07 13:41:46.967249+02,2026-10-07 13:41:46.967249+02
20241206,8741,596867.549,2026-10-07 13:41:46.967249+02,2026-10-07 13:41:46.967249+02
20241206,8742,23855.245,2026-10-07 13:41:46.967249+02,2026-10-07 13:41:46.967249+02
20241206,8743,13039.117,2026-10-07 13:41:46.967249+02,2026-10-07 13:41:46.967249+02
20241206,8744,454.929,2026-10-07 13:41:46.967249+02,2026-10-07 13:41:46.967249+02
20241206,8745,516.129,2026-10-07 13:41:46.967249+02,2026-10-07 13:41:46.967249+02
20241207,8741,588726.704,2026-10-07 13:41:46.967249+02,2026-10-07 13:41:46.967249+02
20241207,8742,23735.494,2026-10-07 13:41:46.967249+02,2026-10-07 13:41:46.967249+02
20241207,8743,12752.808,2026-10-07 13:41:46.967249+02,2026-10-07 13:41:46.967249+02
20241207,8744,454.936,2026-10-07 13:41:46.967249+02,2026-10-07 13:41:46.967249+02
20241207,8745,534.165,2026-10-07 13:41:46.967249+02,2026-10-07 13:41:46.967249+02
20241208,8741,581845.040,2026-10-07 13:41:46.967249+02,2026-10-07 13:41:46.967249+02
20241208,8742,22778.701,2026-10-07 13:41:46.967249+02,2026-10-07 13:41:46.967249+02
20241208,8743,12988.452,2026-10-07 13:41:46.967249+02,2026-10-07 13:41:46.967249+02
20241208,8744,452.558,2026-10-07 13:41:46.967249+02,2026-10-07 13:41:46.967249+02
20241208,8745,514.672,2026-10-07 13:41:46.967249+02,2026-10-07 13:41:46.967249+02
20241209,8741,686811.539,2026-10-07 13:41:46.967249+02,2026-10-07 13:41:46.967249+02
20241209,8742,24813.758,2026-10-07 13:41:46.967249+02,2026-10-07 13:41:46.967249+02
20241209,8743,14941.336,2026-10-07 13:41:46.967249+02,2026-10-07 13:41:46.967249+02
20241209,8744,520.554,2026-10-07 13:41:46.967249+02,2026-10-07 13:41:46.967249+02
20241209,8745,543.549,2026-10-07 13:41:46.967249+02,2026-10-07 13:41:46.967249+02
20241210,8741,739588.742,2026-10-07 13:41:46.967249+02,2026-10-07 13:41:46.967249+02
20241210,8742,24803.341,2026-10-07 13:41:46.967249+02,2026-10-07 13:41:46.967249+02
20241210,8743,15836.106,2026-10-07 13:41:46.967249+02,2026-10-07 13:41:46.967249+02
20241210,8744,529.422,2026-10-07 13:41:46.967249+02,2026-10-07 13:41:46.967249+02
20241210,8745,576.420,2026-10-07 13:41:46.967249+02,2026-10-07 13:41:46.967249+02
20241211,8741,767813.399,2026-10-07 13:41:46.967249+02,2026-10-07 13:41:46.967249+02
20241211,8742,24846.201,2026-10-07 13:41:46.967249+02,2026-10-07 13:41:46.967249+02
20241211,8743,15922.460,2026-10-07 13:41:46.967249+02,2026-10-07 13:41:46.967249+02
20241211,8744,547.324,2026-10-07 13:41:46.967249+02,2026-10-07 13:41:46.967249+02
20241211,8745,591.697,2026-10-07 13:41:46.967249+02,2026-10-07 13:41:46.967249+02
20241212,8741,763060.389,2026-10-07 13:41:46.967249+02,2026-10-07 13:41:46.967249+02
20241212,8742,24890.060,2026-10-07 13:41:46.967249+02,2026-10-07 13:41:46.967249+02
20241212,8743,16069.158,2026-10-07 13:41:46.967249+02,2026-10-07 13:41:46.967249+02
20241212,8744,549.094,2026-10-07 13:41:46.967249+02,2026-10-07 13:41:46.967249+02
20241212,8745,600.311,2026-10-07 13:41:46.967249+02,2026-10-07 13:41:46.967249+02
20241213,8741,743933.872,2026-10-07 13:41:46.967249+02,2026-10-07 13:41:46.967249+02
20241213,8742,24816.240,2026-10-07 13:41:46.967249+02,2026-10-07 13:41:46.967249+02
20241213,8743,15258.895,2026-10-07 13:41:46.967249+02,2026-10-07 13:41:46.967249+02
20241213,8744,539.488,2026-10-07 13:41:46.967249+02,2026-10-07 13:41:46.967249+02
20241213,8745,588.698,2026-10-07 13:41:46.967249+02,2026-10-07 13:41:46.967249+02
20241214,8741,665421.574,2026-10-07 13:41:46.967249+02,2026-10-07 13:41:46.967249+02
20241214,8742,23816.571,2026-10-07 13:41:46.967249+02,2026-10-07 13:41:46.967249+02
20241214,8743,14525.017,2026-10-07 13:41:46.967249+02,2026-10-07 13:41:46.967249+02
20241214,8744,499.661,2026-10-07 13:41:46.967249+02,2026-10-07 13:41:46.967249+02
20241214,8745,565.622,2026-10-07 13:41:46.967249+02,2026-10-07 13:41:46.967249+02
20241215,8741,633594.775,2026-10-07 13:41:46.967249+02,2026-10-07 13:41:46.967249+02
20241215,8742,23622.396,2026-10-07 13:41:46.967249+02,2026-10-07 13:41:46.967249+02
20241215,8743,14082.056,2026-10-07 13:41:46.967249+02,2026-10-07 13:41:46.967249+02
20241215,8744,498.688,2026-10-07 13:41:46.967249+02,2026-10-07 13:41:46.967249+02
20241215,8745,564.341,2026-10-07 13:41:46.967249+02,2026-10-07 13:41:46.967249+02
20241216,8741,741211.909,2026-10-07 13:41:46.967249+02,2026-10-07 13:41:46.967249+02
20241216,8742,24982.477,2026-10-07 13:41:46.967249+02,2026-10-07 13:41:46.967249+02
20241216,8743,15635.945,2026-10-07 13:41:46.967249+02,2026-10-07 13:41:46.967249+02
20241216,8744,548.929,2026-10-07 13:41:46.967249+02,2026-10-07 13:41:46.967249+02
20241216,8745,596.155,2026-10-07 13:41:46.967249+02,2026-10-07 13:41:46.967249+02
20241217,8741,753837.434,2026-10-07 13:41:46.967249+02,2026-10-07 13:41:46.967249+02
20241217,8742,25012.072,2026-10-07 13:41:46.967249+02,2026-10-07 13:41:46.967249+02
20241217,8743,16209.214,2026-10-07 13:41:46.967249+02,2026-10-07 13:41:46.967249+02
20241217,8744,544.137,2026-10-07 13:41:46.967249+02,2026-10-07 13:41:46.967249+02
20241217,8745,599.291,2026-10-07 13:41:46.967249+02,2026-10-07 13:41:46.967249+02
20241218,8741,740514.324,2026-10-07 13:41:46.967249+02,2026-10-07 13:41:46.967249+02
20241218,8742,24868.291,2026-10-07 13:41:46.967249+02,2026-10-07 13:41:46.967249+02
20241218,8743,15374.623,2026-10-07 13:41:46.967249+02,2026-10-07 13:41:46.967249+02
20241218,8744,531.827,2026-10-07 13:41:46.967249+02,2026-10-07 13:41:46.967249+02
20241218,8745,606.435,2026-10-07 13:41:46.967249+02,2026-10-07 13:41:46.967249+02
20241219,8741,728411.867,2026-10-07 13:41:46.967249+02,2026-10-07 13:41:46.967249+02
20241219,8742,24939.763,2026-10-07 13:41:46.967249+02,2026-10-07 13:41:46.967249+02
20241219,8743,15121.537,2026-10-07 13:41:46.967249+02,2026-10-07 13:41:46.967249+02
20241219,8744,534.168,2026-10-07 13:41:46.967249+02,2026-10-07 13:41:46.967249+02
20241219,8745,603.427,2026-10-07 13:41:46.967249+02,2026-10-07 13:41:46.967249+02
20241220,8741,703483.021,2026-10-07 13:41:46.967249+02,2026-10-07 13:41:46.967249+02
20241220,8742,24948.826,2026-10-07 13:41:46.967249+02,2026-10-07 13:41:46.967249+02
20241220,8743,14715.132,2026-10-07 13:41:46.967249+02,2026-10-07 13:41:46.967249+02
20241220,8744,512.452,2026-10-07 13:41:46.967249+02,2026-10-07 13:41:46.967249+02
20241220,8745,588.228,2026-10-07 13:41:46.967249+02,2026-10-07 13:41:46.967249+02
20241221,8741,634872.789,2026-10-07 13:41:46.967249+02,2026-10-07 13:41:46.967249+02
20241221,8742,24078.712,2026-10-07 13:41:46.967249+02,2026-10-07 13:41:46.967249+02
20241221,8743,14483.434,2026-10-07 13:41:46.967249+02,2026-10-07 13:41:46.967249+02
20241221,8744,491.752,2026-10-07 13:41:46.967249+02,2026-10-07 13:41:46.967249+02
20241221,8745,578.645,2026-10-07 13:41:46.967249+02,2026-10-07 13:41:46.967249+02
20241222,8741,604288.743,2026-10-07 13:41:46.967249+02,2026-10-07 13:41:46.967249+02
20241222,8742,23461.626,2026-10-07 13:41:46.967249+02,2026-10-07 13:41:46.967249+02
20241222,8743,13812.428,2026-10-07 13:41:46.967249+02,2026-10-07 13:41:46.967249+02
20241222,8744,477.903,2026-10-07 13:41:46.967249+02,2026-10-07 13:41:46.967249+02
20241222,8745,552.743,2026-10-07 13:41:46.967249+02,2026-10-07 13:41:46.967249+02
20241223,8741,649782.900,2026-10-07 13:41:46.967249+02,2026-10-07 13:41:46.967249+02
20241223,8742,24939.914,2026-10-07 13:41:46.967249+02,2026-10-07 13:41:46.967249+02
20241223,8743,14814.268,2026-10-07 13:41:46.967249+02,2026-10-07 13:41:46.967249+02
20241223,8744,514.180,2026-10-07 13:41:46.967249+02,2026-10-07 13:41:46.967249+02
20241223,8745,581.828,2026-10-07 13:41:46.967249+02,2026-10-07 13:41:46.967249+02
20241224,8741,602060.057,2026-10-07 13:41:46.967249+02,2026-10-07 13:41:46.967249+02
20241224,8742,24687.686,2026-10-07 13:41:46.967249+02,2026-10-07 13:41:46.967249+02
20241224,8743,15039.672,2026-10-07 13:41:46.967249+02,2026-10-07 13:41:46.967249+02
20241224,8744,489.438,2026-10-07 13:41:46.967249+02,2026-10-07 13:41:46.967249+02
20241224,8745,576.129,2026-10-07 13:41:46.967249+02,2026-10-07 13:41:46.967249+02
20241225,8741,511210.936,2026-10-07 13:41:46.967249+02,2026-10-07 13:41:46.967249+02
20241225,8742,21998.148,2026-10-07 13:41:46.967249+02,2026-10-07 13:41:46.967249+02
20241225,8743,13297.168,2026-10-07 13:41:46.967249+02,2026-10-07 13:41:46.967249+02
20241225,8744,444.769,2026-10-07 13:41:46.967249+02,2026-10-07 13:41:46.967249+02
20241225,8745,531.596,2026-10-07 13:41:46.967249+02,2026-10-07 13:41:46.967249+02
20241226,8741,603071.257,2026-10-07 13:41:46.967249+02,2026-10-07 13:41:46.967249+02
20241226,8742,24844.287,2026-10-07 13:41:46.967249+02,2026-10-07 13:41:46.967249+02
20241226,8743,14066.378,2026-10-07 13:41:46.967249+02,2026-10-07 13:41:46.967249+02
20241226,8744,502.687,2026-10-07 13:41:46.967249+02,2026-10-07 13:41:46.967249+02
20241226,8745,566.492,2026-10-07 13:41:46.967249+02,2026-10-07 13:41:46.967249+02
20241227,8741,634423.405,2026-10-07 13:41:46.967249+02,2026-10-07 13:41:46.967249+02
20241227,8742,24992.296,2026-10-07 13:41:46.967249+02,2026-10-07 13:41:46.967249+02
20241227,8743,15764.696,2026-10-07 13:41:46.967249+02,2026-10-07 13:41:46.967249+02
20241227,8744,498.143,2026-10-07 13:41:46.967249+02,2026-10-07 13:41:46.967249+02
20241227,8745,569.356,2026-10-07 13:41:46.967249+02,2026-10-07 13:41:46.967249+02
20241228,8741,602306.194,2026-10-07 13:41:46.967249+02,2026-10-07 13:41:46.967249+02
20241228,8742,23900.850,2026-10-07 13:41:46.967249+02,2026-10-07 13:41:46.967249+02
20241228,8743,14860.900,2026-10-07 13:41:46.967249+02,2026-10-07 13:41:46.967249+02
20241228,8744,479.043,2026-10-07 13:41:46.967249+02,2026-10-07 13:41:46.967249+02
20241228,8745,548.797,2026-10-07 13:41:46.967249+02,2026-10-07 13:41:46.967249+02
20241229,8741,580882.306,2026-10-07 13:41:46.967249+02,2026-10-07 13:41:46.967249+02
20241229,8742,23221.019,2026-10-07 13:41:46.967249+02,2026-10-07 13:41:46.967249+02
20241229,8743,14592.956,2026-10-07 13:41:46.967249+02,2026-10-07 13:41:46.967249+02
20241229,8744,470.496,2026-10-07 13:41:46.967249+02,2026-10-07 13:41:46.967249+02
20241229,8745,545.911,2026-10-07 13:41:46.967249+02,2026-10-07 13:41:46.967249+02
20241230,8741,650136.825,2026-10-07 13:41:46.967249+02,2026-10-07 13:41:46.967249+02
20241230,8742,24747.612,2026-10-07 13:41:46.967249+02,2026-10-07 13:41:46.967249+02
20241230,8743,15942.563,2026-10-07 13:41:46.967249+02,2026-10-07 13:41:46.967249+02
20241230,8744,510.190,2026-10-07 13:41:46.967249+02,2026-10-07 13:41:46.967249+02
20241230,8745,587.402,2026-10-07 13:41:46.967249+02,2026-10-07 13:41:46.967249+02
20241231,8741,624702.547,2026-10-07 13:41:46.967249+02,2026-10-07 13:41:46.967249+02
20241231,8742,24953.730,2026-10-07 13:41:46.967249+02,2026-10-07 13:41:46.967249+02
20241231,8743,16160.671,2026-10-07 13:41:46.967249+02,2026-10-07 13:41:46.967249+02
20241231,8744,495.576,2026-10-07 13:41:46.967249+02,2026-10-07 13:41:46.967249+02
20241231,8745,594.142,2026-10-07 13:41:46.967249+02,2026-10-07 13:41:46.967249+02
20250101,8741,548526.328,2026-10-07 13:41:46.967249+02,2026-10-07 13:41:46.967249+02
20250101,8742,22313.061,2026-10-07 13:41:46.967249+02,2026-10-07 13:41:46.967249+02
20250101,8743,14059.602,2026-10-07 13:41:46.967249+02,2026-10-07 13:41:46.967249+02
20250101,8744,487.445,2026-10-07 13:41:46.967249+02,2026-10-07 13:41:46.967249+02
20250101,8745,556.544,2026-10-07 13:41:46.967249+02,2026-10-07 13:41:46.967249+02
20250102,8741,673289.787,2026-10-07 13:41:46.967249+02,2026-10-07 13:41:46.967249+02
20250102,8742,25045.524,2026-10-07 13:41:46.967249+02,2026-10-07 13:41:46.967249+02
20250102,8743,15283.869,2026-10-07 13:41:46.967249+02,2026-10-07 13:41:46.967249+02
20250102,8744,533.500,2026-10-07 13:41:46.967249+02,2026-10-07 13:41:46.967249+02
20250102,8745,593.485,2026-10-07 13:41:46.967249+02,2026-10-07 13:41:46.967249+02
20250103,8741,701595.951,2026-10-07 13:41:46.967249+02,2026-10-07 13:41:46.967249+02
20250103,8742,25150.288,2026-10-07 13:41:46.967249+02,2026-10-07 13:41:46.967249+02
20250103,8743,15262.311,2026-10-07 13:41:46.967249+02,2026-10-07 13:41:46.967249+02
20250103,8744,524.412,2026-10-07 13:41:46.967249+02,2026-10-07 13:41:46.967249+02
20250103,8745,598.940,2026-10-07 13:41:46.967249+02,2026-10-07 13:41:46.967249+02
20250104,8741,633222.076,2026-10-07 13:41:46.967249+02,2026-10-07 13:41:46.967249+02
20250104,8742,24032.982,2026-10-07 13:41:46.967249+02,2026-10-07 13:41:46.967249+02
20250104,8743,14306.416,2026-10-07 13:41:46.967249+02,2026-10-07 13:41:46.967249+02
20250104,8744,513.048,2026-10-07 13:41:46.967249+02,2026-10-07 13:41:46.967249+02
20250104,8745,579.683,2026-10-07 13:41:46.967249+02,2026-10-07 13:41:46.967249+02
20250105,8741,599209.851,2026-10-07 13:41:46.967249+02,2026-10-07 13:41:46.967249+02
20250105,8742,23369.847,2026-10-07 13:41:46.967249+02,2026-10-07 13:41:46.967249+02
20250105,8743,13815.611,2026-10-07 13:41:46.967249+02,2026-10-07 13:41:46.967249+02
20250105,8744,514.490,2026-10-07 13:41:46.967249+02,2026-10-07 13:41:46.967249+02
20250105,8745,563.217,2026-10-07 13:41:46.967249+02,2026-10-07 13:41:46.967249+02
20250106,8741,575525.601,2026-10-07 13:41:46.967249+02,2026-10-07 13:41:46.967249+02
20250106,8742,22228.505,2026-10-07 13:41:46.967249+02,2026-10-07 13:41:46.967249+02
20250106,8743,13547.486,2026-10-07 13:41:46.967249+02,2026-10-07 13:41:46.967249+02
20250106,8744,509.689,2026-10-07 13:41:46.967249+02,2026-10-07 13:41:46.967249+02
20250106,8745,563.965,2026-10-07 13:41:46.967249+02,2026-10-07 13:41:46.967249+02
20250107,8741,720137.548,2026-10-07 13:41:46.967249+02,2026-10-07 13:41:46.967249+02
20250107,8742,25104.490,2026-10-07 13:41:46.967249+02,2026-10-07 13:41:46.967249+02
20250107,8743,14708.257,2026-10-07 13:41:46.967249+02,2026-10-07 13:41:46.967249+02
20250107,8744,571.714,2026-10-07 13:41:46.967249+02,2026-10-07 13:41:46.967249+02
20250107,8745,604.947,2026-10-07 13:41:46.967249+02,2026-10-07 13:41:46.967249+02
20250108,8741,744169.291,2026-10-07 13:41:46.967249+02,2026-10-07 13:41:46.967249+02
20250108,8742,25330.861,2026-10-07 13:41:46.967249+02,2026-10-07 13:41:46.967249+02
20250108,8743,14773.017,2026-10-07 13:41:46.967249+02,2026-10-07 13:41:46.967249+02
20250108,8744,564.230,2026-10-07 13:41:46.967249+02,2026-10-07 13:41:46.967249+02
20250108,8745,620.570,2026-10-07 13:41:46.967249+02,2026-10-07 13:41:46.967249+02
20250109,8741,726321.304,2026-10-07 13:41:46.967249+02,2026-10-07 13:41:46.967249+02
20250109,8742,25188.753,2026-10-07 13:41:46.967249+02,2026-10-07 13:41:46.967249+02
20250109,8743,14192.090,2026-10-07 13:41:46.967249+02,2026-10-07 13:41:46.967249+02
20250109,8744,549.540,2026-10-07 13:41:46.967249+02,2026-10-07 13:41:46.967249+02
20250109,8745,609.632,2026-10-07 13:41:46.967249+02,2026-10-07 13:41:46.967249+02
20250110,8741,718310.154,2026-10-07 13:41:46.967249+02,2026-10-07 13:41:46.967249+02
20250110,8742,25052.258,2026-10-07 13:41:46.967249+02,2026-10-07 13:41:46.967249+02
20250110,8743,13857.573,2026-10-07 13:41:46.967249+02,2026-10-07 13:41:46.967249+02
20250110,8744,536.070,2026-10-07 13:41:46.967249+02,2026-10-07 13:41:46.967249+02
20250110,8745,592.994,2026-10-07 13:41:46.967249+02,2026-10-07 13:41:46.967249+02
20250111,8741,631218.133,2026-10-07 13:41:46.967249+02,2026-10-07 13:41:46.967249+02
20250111,8742,23871.344,2026-10-07 13:41:46.967249+02,2026-10-07 13:41:46.967249+02
20250111,8743,13931.412,2026-10-07 13:41:46.967249+02,2026-10-07 13:41:46.967249+02
20250111,8744,550.285,2026-10-07 13:41:46.967249+02,2026-10-07 13:41:46.967249+02
20250111,8745,569.767,2026-10-07 13:41:46.967249+02,2026-10-07 13:41:46.967249+02
20250112,8741,590194.653,2026-10-07 13:41:46.967249+02,2026-10-07 13:41:46.967249+02
20250112,8742,22759.015,2026-10-07 13:41:46.967249+02,2026-10-07 13:41:46.967249+02
20250112,8743,13758.594,2026-10-07 13:41:46.967249+02,2026-10-07 13:41:46.967249+02
20250112,8744,528.711,2026-10-07 13:41:46.967249+02,2026-10-07 13:41:46.967249+02
20250112,8745,557.630,2026-10-07 13:41:46.967249+02,2026-10-07 13:41:46.967249+02
20250113,8741,728863.348,2026-10-07 13:41:46.967249+02,2026-10-07 13:41:46.967249+02
20250113,8742,24898.581,2026-10-07 13:41:46.967249+02,2026-10-07 13:41:46.967249+02
20250113,8743,16029.359,2026-10-07 13:41:46.967249+02,2026-10-07 13:41:46.967249+02
20250113,8744,572.885,2026-10-07 13:41:46.967249+02,2026-10-07 13:41:46.967249+02
20250113,8745,596.100,2026-10-07 13:41:46.967249+02,2026-10-07 13:41:46.967249+02
20250114,8741,768405.768,2026-10-07 13:41:46.967249+02,2026-10-07 13:41:46.967249+02
20250114,8742,24944.179,2026-10-07 13:41:46.967249+02,2026-10-07 13:41:46.967249+02
20250114,8743,16803.040,2026-10-07 13:41:46.967249+02,2026-10-07 13:41:46.967249+02
20250114,8744,565.847,2026-10-07 13:41:46.967249+02,2026-10-07 13:41:46.967249+02
20250114,8745,615.672,2026-10-07 13:41:46.967249+02,2026-10-07 13:41:46.967249+02
20250115,8741,782543.691,2026-10-07 13:41:46.967249+02,2026-10-07 13:41:46.967249+02
20250115,8742,24933.086,2026-10-07 13:41:46.967249+02,2026-10-07 13:41:46.967249+02
20250115,8743,16603.876,2026-10-07 13:41:46.967249+02,2026-10-07 13:41:46.967249+02
20250115,8744,557.436,2026-10-07 13:41:46.967249+02,2026-10-07 13:41:46.967249+02
20250115,8745,634.783,2026-10-07 13:41:46.967249+02,2026-10-07 13:41:46.967249+02
20250116,8741,794227.883,2026-10-07 13:41:46.967249+02,2026-10-07 13:41:46.967249+02
20250116,8742,25039.081,2026-10-07 13:41:46.967249+02,2026-10-07 13:41:46.967249+02
20250116,8743,17065.493,2026-10-07 13:41:46.967249+02,2026-10-07 13:41:46.967249+02
20250116,8744,570.504,2026-10-07 13:41:46.967249+02,2026-10-07 13:41:46.967249+02
20250116,8745,630.085,2026-10-07 13:41:46.967249+02,2026-10-07 13:41:46.967249+02
20250117,8741,780300.194,2026-10-07 13:41:46.967249+02,2026-10-07 13:41:46.967249+02
20250117,8742,25218.788,2026-10-07 13:41:46.967249+02,2026-10-07 13:41:46.967249+02
20250117,8743,16443.466,2026-10-07 13:41:46.967249+02,2026-10-07 13:41:46.967249+02
20250117,8744,565.575,2026-10-07 13:41:46.967249+02,2026-10-07 13:41:46.967249+02
20250117,8745,643.151,2026-10-07 13:41:46.967249+02,2026-10-07 13:41:46.967249+02
20250118,8741,680686.174,2026-10-07 13:41:46.967249+02,2026-10-07 13:41:46.967249+02
20250118,8742,23995.921,2026-10-07 13:41:46.967249+02,2026-10-07 13:41:46.967249+02
20250118,8743,15584.412,2026-10-07 13:41:46.967249+02,2026-10-07 13:41:46.967249+02
20250118,8744,566.925,2026-10-07 13:41:46.967249+02,2026-10-07 13:41:46.967249+02
20250118,8745,628.649,2026-10-07 13:41:46.967249+02,2026-10-07 13:41:46.967249+02
20250119,8741,647098.351,2026-10-07 13:41:46.967249+02,2026-10-07 13:41:46.967249+02
20250119,8742,22938.133,2026-10-07 13:41:46.967249+02,2026-10-07 13:41:46.967249+02
20250119,8743,14869.488,2026-10-07 13:41:46.967249+02,2026-10-07 13:41:46.967249+02
20250119,8744,565.685,2026-10-07 13:41:46.967249+02,2026-10-07 13:41:46.967249+02
20250119,8745,601.127,2026-10-07 13:41:46.967249+02,2026-10-07 13:41:46.967249+02
20250120,8741,772774.971,2026-10-07 13:41:46.967249+02,2026-10-07 13:41:46.967249+02
20250120,8742,24941.679,2026-10-07 13:41:46.967249+02,2026-10-07 13:41:46.967249+02
20250120,8743,15704.468,2026-10-07 13:41:46.967249+02,2026-10-07 13:41:46.967249+02
20250120,8744,599.210,2026-10-07 13:41:46.967249+02,2026-10-07 13:41:46.967249+02
20250120,8745,645.497,2026-10-07 13:41:46.967249+02,2026-10-07 13:41:46.967249+02
20250121,8741,774072.612,2026-10-07 13:41:46.967249+02,2026-10-07 13:41:46.967249+02
20250121,8742,25150.144,2026-10-07 13:41:46.967249+02,2026-10-07 13:41:46.967249+02
20250121,8743,15631.141,2026-10-07 13:41:46.967249+02,2026-10-07 13:41:46.967249+02
20250121,8744,578.641,2026-10-07 13:41:46.967249+02,2026-10-07 13:41:46.967249+02
20250121,8745,636.005,2026-10-07 13:41:46.967249+02,2026-10-07 13:41:46.967249+02
20250122,8741,744512.044,2026-10-07 13:41:46.967249+02,2026-10-07 13:41:46.967249+02
20250122,8742,25235.539,2026-10-07 13:41:46.967249+02,2026-10-07 13:41:46.967249+02
20250122,8743,15090.363,2026-10-07 13:41:46.967249+02,2026-10-07 13:41:46.967249+02
20250122,8744,566.729,2026-10-07 13:41:46.967249+02,2026-10-07 13:41:46.967249+02
20250122,8745,620.541,2026-10-07 13:41:46.967249+02,2026-10-07 13:41:46.967249+02
20250123,8741,722551.707,2026-10-07 13:41:46.967249+02,2026-10-07 13:41:46.967249+02
20250123,8742,25212.150,2026-10-07 13:41:46.967249+02,2026-10-07 13:41:46.967249+02
20250123,8743,14388.876,2026-10-07 13:41:46.967249+02,2026-10-07 13:41:46.967249+02
20250123,8744,553.040,2026-10-07 13:41:46.967249+02,2026-10-07 13:41:46.967249+02
20250123,8745,600.579,2026-10-07 13:41:46.967249+02,2026-10-07 13:41:46.967249+02
20250124,8741,714061.363,2026-10-07 13:41:46.967249+02,2026-10-07 13:41:46.967249+02
20250124,8742,25048.576,2026-10-07 13:41:46.967249+02,2026-10-07 13:41:46.967249+02
20250124,8743,14199.823,2026-10-07 13:41:46.967249+02,2026-10-07 13:41:46.967249+02
20250124,8744,554.779,2026-10-07 13:41:46.967249+02,2026-10-07 13:41:46.967249+02
20250124,8745,600.804,2026-10-07 13:41:46.967249+02,2026-10-07 13:41:46.967249+02
20250125,8741,639575.271,2026-10-07 13:41:46.967249+02,2026-10-07 13:41:46.967249+02
20250125,8742,23668.317,2026-10-07 13:41:46.967249+02,2026-10-07 13:41:46.967249+02
20250125,8743,13292.927,2026-10-07 13:41:46.967249+02,2026-10-07 13:41:46.967249+02
20250125,8744,552.678,2026-10-07 13:41:46.967249+02,2026-10-07 13:41:46.967249+02
20250125,8745,570.465,2026-10-07 13:41:46.967249+02,2026-10-07 13:41:46.967249+02
20250126,8741,603338.606,2026-10-07 13:41:46.967249+02,2026-10-07 13:41:46.967249+02
20250126,8742,22376.110,2026-10-07 13:41:46.967249+02,2026-10-07 13:41:46.967249+02
20250126,8743,12725.789,2026-10-07 13:41:46.967249+02,2026-10-07 13:41:46.967249+02
20250126,8744,524.927,2026-10-07 13:41:46.967249+02,2026-10-07 13:41:46.967249+02
20250126,8745,549.233,2026-10-07 13:41:46.967249+02,2026-10-07 13:41:46.967249+02
20250127,8741,705893.155,2026-10-07 13:41:46.967249+02,2026-10-07 13:41:46.967249+02
20250127,8742,24504.464,2026-10-07 13:41:46.967249+02,2026-10-07 13:41:46.967249+02
20250127,8743,14007.924,2026-10-07 13:41:46.967249+02,2026-10-07 13:41:46.967249+02
20250127,8744,555.221,2026-10-07 13:41:46.967249+02,2026-10-07 13:41:46.967249+02
20250127,8745,584.220,2026-10-07 13:41:46.967249+02,2026-10-07 13:41:46.967249+02
20250128,8741,736013.704,2026-10-07 13:41:46.967249+02,2026-10-07 13:41:46.967249+02
20250128,8742,24810.820,2026-10-07 13:41:46.967249+02,2026-10-07 13:41:46.967249+02
20250128,8743,14317.990,2026-10-07 13:41:46.967249+02,2026-10-07 13:41:46.967249+02
20250128,8744,554.989,2026-10-07 13:41:46.967249+02,2026-10-07 13:41:46.967249+02
20250128,8745,594.920,2026-10-07 13:41:46.967249+02,2026-10-07 13:41:46.967249+02
20250129,8741,756897.996,2026-10-07 13:41:46.967249+02,2026-10-07 13:41:46.967249+02
20250129,8742,24661.903,2026-10-07 13:41:46.967249+02,2026-10-07 13:41:46.967249+02
20250129,8743,14522.867,2026-10-07 13:41:46.967249+02,2026-10-07 13:41:46.967249+02
20250129,8744,562.065,2026-10-07 13:41:46.967249+02,2026-10-07 13:41:46.967249+02
20250129,8745,595.859,2026-10-07 13:41:46.967249+02,2026-10-07 13:41:46.967249+02
20250130,8741,742867.522,2026-10-07 13:41:46.967249+02,2026-10-07 13:41:46.967249+02
20250130,8742,24929.480,2026-10-07 13:41:46.967249+02,2026-10-07 13:41:46.967249+02
20250130,8743,14491.379,2026-10-07 13:41:46.967249+02,2026-10-07 13:41:46.967249+02
20250130,8744,581.270,2026-10-07 13:41:46.967249+02,2026-10-07 13:41:46.967249+02
20250130,8745,626.566,2026-10-07 13:41:46.967249+02,2026-10-07 13:41:46.967249+02
20250131,8741,730762.292,2026-10-07 13:41:46.967249+02,2026-10-07 13:41:46.967249+02
20250131,8742,24768.633,2026-10-07 13:41:46.967249+02,2026-10-07 13:41:46.967249+02
20250131,8743,15545.023,2026-10-07 13:41:46.967249+02,2026-10-07 13:41:46.967249+02
20250131,8744,561.502,2026-10-07 13:41:46.967249+02,2026-10-07 13:41:46.967249+02
20250131,8745,620.193,2026-10-07 13:41:46.967249+02,2026-10-07 13:41:46.967249+02
20250201,8741,655222.343,2026-10-07 13:41:46.967249+02,2026-10-07 13:41:46.967249+02
20250201,8742,23734.063,2026-10-07 13:41:46.967249+02,2026-10-07 13:41:46.967249+02
20250201,8743,15636.405,2026-10-07 13:41:46.967249+02,2026-10-07 13:41:46.967249+02
20250201,8744,563.911,2026-10-07 13:41:46.967249+02,2026-10-07 13:41:46.967249+02
20250201,8745,586.084,2026-10-07 13:41:46.967249+02,2026-10-07 13:41:46.967249+02
20250202,8741,620373.623,2026-10-07 13:41:46.967249+02,2026-10-07 13:41:46.967249+02
20250202,8742,22661.227,2026-10-07 13:41:46.967249+02,2026-10-07 13:41:46.967249+02
20250202,8743,15017.005,2026-10-07 13:41:46.967249+02,2026-10-07 13:41:46.967249+02
20250202,8744,546.653,2026-10-07 13:41:46.967249+02,2026-10-07 13:41:46.967249+02
20250202,8745,567.781,2026-10-07 13:41:46.967249+02,2026-10-07 13:41:46.967249+02
20250203,8741,727790.650,2026-10-07 13:41:46.967249+02,2026-10-07 13:41:46.967249+02
20250203,8742,24036.644,2026-10-07 13:41:46.967249+02,2026-10-07 13:41:46.967249+02
20250203,8743,15695.893,2026-10-07 13:41:46.967249+02,2026-10-07 13:41:46.967249+02
20250203,8744,592.198,2026-10-07 13:41:46.967249+02,2026-10-07 13:41:46.967249+02
20250203,8745,636.150,2026-10-07 13:41:46.967249+02,2026-10-07 13:41:46.967249+02
20250204,8741,740758.087,2026-10-07 13:41:46.967249+02,2026-10-07 13:41:46.967249+02
20250204,8742,24751.772,2026-10-07 13:41:46.967249+02,2026-10-07 13:41:46.967249+02
20250204,8743,15883.639,2026-10-07 13:41:46.967249+02,2026-10-07 13:41:46.967249+02
20250204,8744,598.170,2026-10-07 13:41:46.967249+02,2026-10-07 13:41:46.967249+02
20250204,8745,623.854,2026-10-07 13:41:46.967249+02,2026-10-07 13:41:46.967249+02
20250205,8741,740326.469,2026-10-07 13:41:46.967249+02,2026-10-07 13:41:46.967249+02
20250205,8742,24772.717,2026-10-07 13:41:46.967249+02,2026-10-07 13:41:46.967249+02
20250205,8743,15846.280,2026-10-07 13:41:46.967249+02,2026-10-07 13:41:46.967249+02
20250205,8744,581.567,2026-10-07 13:41:46.967249+02,2026-10-07 13:41:46.967249+02
20250205,8745,620.809,2026-10-07 13:41:46.967249+02,2026-10-07 13:41:46.967249+02
20250206,8741,744155.884,2026-10-07 13:41:46.967249+02,2026-10-07 13:41:46.967249+02
20250206,8742,24837.452,2026-10-07 13:41:46.967249+02,2026-10-07 13:41:46.967249+02
20250206,8743,16213.477,2026-10-07 13:41:46.967249+02,2026-10-07 13:41:46.967249+02
20250206,8744,577.479,2026-10-07 13:41:46.967249+02,2026-10-07 13:41:46.967249+02
20250206,8745,615.524,2026-10-07 13:41:46.967249+02,2026-10-07 13:41:46.967249+02
20250207,8741,754237.013,2026-10-07 13:41:46.967249+02,2026-10-07 13:41:46.967249+02
20250207,8742,24657.760,2026-10-07 13:41:46.967249+02,2026-10-07 13:41:46.967249+02
20250207,8743,16201.241,2026-10-07 13:41:46.967249+02,2026-10-07 13:41:46.967249+02
20250207,8744,550.565,2026-10-07 13:41:46.967249+02,2026-10-07 13:41:46.967249+02
20250207,8745,609.072,2026-10-07 13:41:46.967249+02,2026-10-07 13:41:46.967249+02
20250208,8741,649153.618,2026-10-07 13:41:46.967249+02,2026-10-07 13:41:46.967249+02
20250208,8742,23702.717,2026-10-07 13:41:46.967249+02,2026-10-07 13:41:46.967249+02
20250208,8743,15582.001,2026-10-07 13:41:46.967249+02,2026-10-07 13:41:46.967249+02
20250208,8744,566.679,2026-10-07 13:41:46.967249+02,2026-10-07 13:41:46.967249+02
20250208,8745,578.609,2026-10-07 13:41:46.967249+02,2026-10-07 13:41:46.967249+02
20250209,8741,608964.097,2026-10-07 13:41:46.967249+02,2026-10-07 13:41:46.967249+02
20250209,8742,22660.895,2026-10-07 13:41:46.967249+02,2026-10-07 13:41:46.967249+02
20250209,8743,14517.898,2026-10-07 13:41:46.967249+02,2026-10-07 13:41:46.967249+02
20250209,8744,549.198,2026-10-07 13:41:46.967249+02,2026-10-07 13:41:46.967249+02
20250209,8745,554.965,2026-10-07 13:41:46.967249+02,2026-10-07 13:41:46.967249+02
20250210,8741,716164.031,2026-10-07 13:41:46.967249+02,2026-10-07 13:41:46.967249+02
20250210,8742,24521.531,2026-10-07 13:41:46.967249+02,2026-10-07 13:41:46.967249+02
20250210,8743,15986.970,2026-10-07 13:41:46.967249+02,2026-10-07 13:41:46.967249+02
20250210,8744,567.159,2026-10-07 13:41:46.967249+02,2026-10-07 13:41:46.967249+02
20250210,8745,596.498,2026-10-07 13:41:46.967249+02,2026-10-07 13:41:46.967249+02
20250211,8741,723943.242,2026-10-07 13:41:46.967249+02,2026-10-07 13:41:46.967249+02
20250211,8742,24742.512,2026-10-07 13:41:46.967249+02,2026-10-07 13:41:46.967249+02
20250211,8743,15601.102,2026-10-07 13:41:46.967249+02,2026-10-07 13:41:46.967249+02
20250211,8744,557.460,2026-10-07 13:41:46.967249+02,2026-10-07 13:41:46.967249+02
20250211,8745,592.952,2026-10-07 13:41:46.967249+02,2026-10-07 13:41:46.967249+02
20250212,8741,732170.400,2026-10-07 13:41:46.967249+02,2026-10-07 13:41:46.967249+02
20250212,8742,24726.023,2026-10-07 13:41:46.967249+02,2026-10-07 13:41:46.967249+02
20250212,8743,15665.258,2026-10-07 13:41:46.967249+02,2026-10-07 13:41:46.967249+02
20250212,8744,561.978,2026-10-07 13:41:46.967249+02,2026-10-07 13:41:46.967249+02
20250212,8745,610.783,2026-10-07 13:41:46.967249+02,2026-10-07 13:41:46.967249+02
20250213,8741,715851.721,2026-10-07 13:41:46.967249+02,2026-10-07 13:41:46.967249+02
20250213,8742,24654.437,2026-10-07 13:41:46.967249+02,2026-10-07 13:41:46.967249+02
20250213,8743,15807.423,2026-10-07 13:41:46.967249+02,2026-10-07 13:41:46.967249+02
20250213,8744,555.585,2026-10-07 13:41:46.967249+02,2026-10-07 13:41:46.967249+02
20250213,8745,592.739,2026-10-07 13:41:46.967249+02,2026-10-07 13:41:46.967249+02
20250214,8741,694636.150,2026-10-07 13:41:46.967249+02,2026-10-07 13:41:46.967249+02
20250214,8742,24678.868,2026-10-07 13:41:46.967249+02,2026-10-07 13:41:46.967249+02
20250214,8743,15156.511,2026-10-07 13:41:46.967249+02,2026-10-07 13:41:46.967249+02
20250214,8744,538.496,2026-10-07 13:41:46.967249+02,2026-10-07 13:41:46.967249+02
20250214,8745,587.633,2026-10-07 13:41:46.967249+02,2026-10-07 13:41:46.967249+02
20250215,8741,624795.363,2026-10-07 13:41:46.967249+02,2026-10-07 13:41:46.967249+02
20250215,8742,23693.427,2026-10-07 13:41:46.967249+02,2026-10-07 13:41:46.967249+02
20250215,8743,14217.754,2026-10-07 13:41:46.967249+02,2026-10-07 13:41:46.967249+02
20250215,8744,552.540,2026-10-07 13:41:46.967249+02,2026-10-07 13:41:46.967249+02
20250215,8745,559.316,2026-10-07 13:41:46.967249+02,2026-10-07 13:41:46.967249+02
20250216,8741,574966.710,2026-10-07 13:41:46.967249+02,2026-10-07 13:41:46.967249+02
20250216,8742,22439.691,2026-10-07 13:41:46.967249+02,2026-10-07 13:41:46.967249+02
20250216,8743,13662.436,2026-10-07 13:41:46.967249+02,2026-10-07 13:41:46.967249+02
20250216,8744,526.850,2026-10-07 13:41:46.967249+02,2026-10-07 13:41:46.967249+02
20250216,8745,542.928,2026-10-07 13:41:46.967249+02,2026-10-07 13:41:46.967249+02
20250217,8741,674513.329,2026-10-07 13:41:46.967249+02,2026-10-07 13:41:46.967249+02
20250217,8742,24560.121,2026-10-07 13:41:46.967249+02,2026-10-07 13:41:46.967249+02
20250217,8743,14785.199,2026-10-07 13:41:46.967249+02,2026-10-07 13:41:46.967249+02
20250217,8744,547.188,2026-10-07 13:41:46.967249+02,2026-10-07 13:41:46.967249+02
20250217,8745,578.615,2026-10-07 13:41:46.967249+02,2026-10-07 13:41:46.967249+02
20250218,8741,700999.442,2026-10-07 13:41:46.967249+02,2026-10-07 13:41:46.967249+02
20250218,8742,24769.052,2026-10-07 13:41:46.967249+02,2026-10-07 13:41:46.967249+02
20250218,8743,14756.980,2026-10-07 13:41:46.967249+02,2026-10-07 13:41:46.967249+02
20250218,8744,547.118,2026-10-07 13:41:46.967249+02,2026-10-07 13:41:46.967249+02
20250218,8745,566.063,2026-10-07 13:41:46.967249+02,2026-10-07 13:41:46.967249+02
20250219,8741,689156.224,2026-10-07 13:41:46.967249+02,2026-10-07 13:41:46.967249+02
20250219,8742,24751.599,2026-10-07 13:41:46.967249+02,2026-10-07 13:41:46.967249+02
20250219,8743,14493.494,2026-10-07 13:41:46.967249+02,2026-10-07 13:41:46.967249+02
20250219,8744,561.354,2026-10-07 13:41:46.967249+02,2026-10-07 13:41:46.967249+02
20250219,8745,571.674,2026-10-07 13:41:46.967249+02,2026-10-07 13:41:46.967249+02
20250220,8741,689935.180,2026-10-07 13:41:46.967249+02,2026-10-07 13:41:46.967249+02
20250220,8742,24767.370,2026-10-07 13:41:46.967249+02,2026-10-07 13:41:46.967249+02
20250220,8743,14625.648,2026-10-07 13:41:46.967249+02,2026-10-07 13:41:46.967249+02
20250220,8744,556.548,2026-10-07 13:41:46.967249+02,2026-10-07 13:41:46.967249+02
20250220,8745,574.912,2026-10-07 13:41:46.967249+02,2026-10-07 13:41:46.967249+02
20250221,8741,699225.051,2026-10-07 13:41:46.967249+02,2026-10-07 13:41:46.967249+02
20250221,8742,24707.039,2026-10-07 13:41:46.967249+02,2026-10-07 13:41:46.967249+02
20250221,8743,14807.601,2026-10-07 13:41:46.967249+02,2026-10-07 13:41:46.967249+02
20250221,8744,547.674,2026-10-07 13:41:46.967249+02,2026-10-07 13:41:46.967249+02
20250221,8745,573.307,2026-10-07 13:41:46.967249+02,2026-10-07 13:41:46.967249+02
20250222,8741,616327.372,2026-10-07 13:41:46.967249+02,2026-10-07 13:41:46.967249+02
20250222,8742,23384.857,2026-10-07 13:41:46.967249+02,2026-10-07 13:41:46.967249+02
20250222,8743,13564.915,2026-10-07 13:41:46.967249+02,2026-10-07 13:41:46.967249+02
20250222,8744,555.480,2026-10-07 13:41:46.967249+02,2026-10-07 13:41:46.967249+02
20250222,8745,558.266,2026-10-07 13:41:46.967249+02,2026-10-07 13:41:46.967249+02
20250223,8741,570510.112,2026-10-07 13:41:46.967249+02,2026-10-07 13:41:46.967249+02
20250223,8742,22452.236,2026-10-07 13:41:46.967249+02,2026-10-07 13:41:46.967249+02
20250223,8743,13495.042,2026-10-07 13:41:46.967249+02,2026-10-07 13:41:46.967249+02
20250223,8744,522.058,2026-10-07 13:41:46.967249+02,2026-10-07 13:41:46.967249+02
20250223,8745,532.333,2026-10-07 13:41:46.967249+02,2026-10-07 13:41:46.967249+02
20250224,8741,682247.588,2026-10-07 13:41:46.967249+02,2026-10-07 13:41:46.967249+02
20250224,8742,24254.757,2026-10-07 13:41:46.967249+02,2026-10-07 13:41:46.967249+02
20250224,8743,14273.733,2026-10-07 13:41:46.967249+02,2026-10-07 13:41:46.967249+02
20250224,8744,532.508,2026-10-07 13:41:46.967249+02,2026-10-07 13:41:46.967249+02
20250224,8745,571.803,2026-10-07 13:41:46.967249+02,2026-10-07 13:41:46.967249+02
20250225,8741,706946.432,2026-10-07 13:41:46.967249+02,2026-10-07 13:41:46.967249+02
20250225,8742,24448.424,2026-10-07 13:41:46.967249+02,2026-10-07 13:41:46.967249+02
20250225,8743,14480.157,2026-10-07 13:41:46.967249+02,2026-10-07 13:41:46.967249+02
20250225,8744,539.029,2026-10-07 13:41:46.967249+02,2026-10-07 13:41:46.967249+02
20250225,8745,569.846,2026-10-07 13:41:46.967249+02,2026-10-07 13:41:46.967249+02
20250226,8741,690092.024,2026-10-07 13:41:46.967249+02,2026-10-07 13:41:46.967249+02
20250226,8742,24370.598,2026-10-07 13:41:46.967249+02,2026-10-07 13:41:46.967249+02
20250226,8743,14522.305,2026-10-07 13:41:46.967249+02,2026-10-07 13:41:46.967249+02
20250226,8744,532.679,2026-10-07 13:41:46.967249+02,2026-10-07 13:41:46.967249+02
20250226,8745,577.774,2026-10-07 13:41:46.967249+02,2026-10-07 13:41:46.967249+02
20250227,8741,703570.914,2026-10-07 13:41:46.967249+02,2026-10-07 13:41:46.967249+02
20250227,8742,24623.866,2026-10-07 13:41:46.967249+02,2026-10-07 13:41:46.967249+02
20250227,8743,14945.984,2026-10-07 13:41:46.967249+02,2026-10-07 13:41:46.967249+02
20250227,8744,534.338,2026-10-07 13:41:46.967249+02,2026-10-07 13:41:46.967249+02
20250227,8745,571.333,2026-10-07 13:41:46.967249+02,2026-10-07 13:41:46.967249+02
20250228,8741,688152.371,2026-10-07 13:41:46.967249+02,2026-10-07 13:41:46.967249+02
20250228,8742,24524.656,2026-10-07 13:41:46.967249+02,2026-10-07 13:41:46.967249+02
20250228,8743,14954.425,2026-10-07 13:41:46.967249+02,2026-10-07 13:41:46.967249+02
20250228,8744,546.199,2026-10-07 13:41:46.967249+02,2026-10-07 13:41:46.967249+02
20250228,8745,579.921,2026-10-07 13:41:46.967249+02,2026-10-07 13:41:46.967249+02
20250301,8741,635371.837,2026-10-07 13:41:46.967249+02,2026-10-07 13:41:46.967249+02
20250301,8742,23528.624,2026-10-07 13:41:46.967249+02,2026-10-07 13:41:46.967249+02
20250301,8743,14371.754,2026-10-07 13:41:46.967249+02,2026-10-07 13:41:46.967249+02
20250301,8744,561.359,2026-10-07 13:41:46.967249+02,2026-10-07 13:41:46.967249+02
20250301,8745,568.592,2026-10-07 13:41:46.967249+02,2026-10-07 13:41:46.967249+02
20250302,8741,612744.665,2026-10-07 13:41:46.967249+02,2026-10-07 13:41:46.967249+02
20250302,8742,22893.460,2026-10-07 13:41:46.967249+02,2026-10-07 13:41:46.967249+02
20250302,8743,13665.818,2026-10-07 13:41:46.967249+02,2026-10-07 13:41:46.967249+02
20250302,8744,541.817,2026-10-07 13:41:46.967249+02,2026-10-07 13:41:46.967249+02
20250302,8745,550.310,2026-10-07 13:41:46.967249+02,2026-10-07 13:41:46.967249+02
20250303,8741,714847.353,2026-10-07 13:41:46.967249+02,2026-10-07 13:41:46.967249+02
20250303,8742,24163.767,2026-10-07 13:41:46.967249+02,2026-10-07 13:41:46.967249+02
20250303,8743,14949.919,2026-10-07 13:41:46.967249+02,2026-10-07 13:41:46.967249+02
20250303,8744,540.294,2026-10-07 13:41:46.967249+02,2026-10-07 13:41:46.967249+02
20250303,8745,584.957,2026-10-07 13:41:46.967249+02,2026-10-07 13:41:46.967249+02
20250304,8741,704996.180,2026-10-07 13:41:46.967249+02,2026-10-07 13:41:46.967249+02
20250304,8742,23346.441,2026-10-07 13:41:46.967249+02,2026-10-07 13:41:46.967249+02
20250304,8743,15328.267,2026-10-07 13:41:46.967249+02,2026-10-07 13:41:46.967249+02
20250304,8744,554.289,2026-10-07 13:41:46.967249+02,2026-10-07 13:41:46.967249+02
20250304,8745,582.797,2026-10-07 13:41:46.967249+02,2026-10-07 13:41:46.967249+02
20250305,8741,711516.166,2026-10-07 13:41:46.967249+02,2026-10-07 13:41:46.967249+02
20250305,8742,24310.044,2026-10-07 13:41:46.967249+02,2026-10-07 13:41:46.967249+02
20250305,8743,15707.852,2026-10-07 13:41:46.967249+02,2026-10-07 13:41:46.967249+02
20250305,8744,559.225,2026-10-07 13:41:46.967249+02,2026-10-07 13:41:46.967249+02
20250305,8745,571.981,2026-10-07 13:41:46.967249+02,2026-10-07 13:41:46.967249+02
20250306,8741,708515.620,2026-10-07 13:41:46.967249+02,2026-10-07 13:41:46.967249+02
20250306,8742,24635.005,2026-10-07 13:41:46.967249+02,2026-10-07 13:41:46.967249+02
20250306,8743,15567.255,2026-10-07 13:41:46.967249+02,2026-10-07 13:41:46.967249+02
20250306,8744,569.435,2026-10-07 13:41:46.967249+02,2026-10-07 13:41:46.967249+02
20250306,8745,581.346,2026-10-07 13:41:46.967249+02,2026-10-07 13:41:46.967249+02
20250307,8741,712504.308,2026-10-07 13:41:46.967249+02,2026-10-07 13:41:46.967249+02
20250307,8742,24413.055,2026-10-07 13:41:46.967249+02,2026-10-07 13:41:46.967249+02
20250307,8743,15107.291,2026-10-07 13:41:46.967249+02,2026-10-07 13:41:46.967249+02
20250307,8744,567.840,2026-10-07 13:41:46.967249+02,2026-10-07 13:41:46.967249+02
20250307,8745,574.783,2026-10-07 13:41:46.967249+02,2026-10-07 13:41:46.967249+02
20250308,8741,632756.675,2026-10-07 13:41:46.967249+02,2026-10-07 13:41:46.967249+02
20250308,8742,23608.828,2026-10-07 13:41:46.967249+02,2026-10-07 13:41:46.967249+02
20250308,8743,14017.938,2026-10-07 13:41:46.967249+02,2026-10-07 13:41:46.967249+02
20250308,8744,573.763,2026-10-07 13:41:46.967249+02,2026-10-07 13:41:46.967249+02
20250308,8745,555.143,2026-10-07 13:41:46.967249+02,2026-10-07 13:41:46.967249+02
20250309,8741,583328.282,2026-10-07 13:41:46.967249+02,2026-10-07 13:41:46.967249+02
20250309,8742,22366.330,2026-10-07 13:41:46.967249+02,2026-10-07 13:41:46.967249+02
20250309,8743,13922.856,2026-10-07 13:41:46.967249+02,2026-10-07 13:41:46.967249+02
20250309,8744,568.715,2026-10-07 13:41:46.967249+02,2026-10-07 13:41:46.967249+02
20250309,8745,536.112,2026-10-07 13:41:46.967249+02,2026-10-07 13:41:46.967249+02
20250310,8741,693752.048,2026-10-07 13:41:46.967249+02,2026-10-07 13:41:46.967249+02
20250310,8742,24341.752,2026-10-07 13:41:46.967249+02,2026-10-07 13:41:46.967249+02
20250310,8743,15410.157,2026-10-07 13:41:46.967249+02,2026-10-07 13:41:46.967249+02
20250310,8744,562.869,2026-10-07 13:41:46.967249+02,2026-10-07 13:41:46.967249+02
20250310,8745,568.030,2026-10-07 13:41:46.967249+02,2026-10-07 13:41:46.967249+02
20250311,8741,706860.109,2026-10-07 13:41:46.967249+02,2026-10-07 13:41:46.967249+02
20250311,8742,24480.565,2026-10-07 13:41:46.967249+02,2026-10-07 13:41:46.967249+02
20250311,8743,14768.140,2026-10-07 13:41:46.967249+02,2026-10-07 13:41:46.967249+02
20250311,8744,564.558,2026-10-07 13:41:46.967249+02,2026-10-07 13:41:46.967249+02
20250311,8745,567.992,2026-10-07 13:41:46.967249+02,2026-10-07 13:41:46.967249+02
20250312,8741,699915.428,2026-10-07 13:41:46.967249+02,2026-10-07 13:41:46.967249+02
20250312,8742,24437.984,2026-10-07 13:41:46.967249+02,2026-10-07 13:41:46.967249+02
20250312,8743,14375.018,2026-10-07 13:41:46.967249+02,2026-10-07 13:41:46.967249+02
20250312,8744,561.807,2026-10-07 13:41:46.967249+02,2026-10-07 13:41:46.967249+02
20250312,8745,570.578,2026-10-07 13:41:46.967249+02,2026-10-07 13:41:46.967249+02
20250313,8741,722721.929,2026-10-07 13:41:46.967249+02,2026-10-07 13:41:46.967249+02
20250313,8742,24519.367,2026-10-07 13:41:46.967249+02,2026-10-07 13:41:46.967249+02
20250313,8743,15157.502,2026-10-07 13:41:46.967249+02,2026-10-07 13:41:46.967249+02
20250313,8744,556.869,2026-10-07 13:41:46.967249+02,2026-10-07 13:41:46.967249+02
20250313,8745,561.233,2026-10-07 13:41:46.967249+02,2026-10-07 13:41:46.967249+02
20250314,8741,728123.078,2026-10-07 13:41:46.967249+02,2026-10-07 13:41:46.967249+02
20250314,8742,24207.627,2026-10-07 13:41:46.967249+02,2026-10-07 13:41:46.967249+02
20250314,8743,15640.667,2026-10-07 13:41:46.967249+02,2026-10-07 13:41:46.967249+02
20250314,8744,569.845,2026-10-07 13:41:46.967249+02,2026-10-07 13:41:46.967249+02
20250314,8745,562.354,2026-10-07 13:41:46.967249+02,2026-10-07 13:41:46.967249+02
20250315,8741,631486.610,2026-10-07 13:41:46.967249+02,2026-10-07 13:41:46.967249+02
20250315,8742,23194.311,2026-10-07 13:41:46.967249+02,2026-10-07 13:41:46.967249+02
20250315,8743,14895.566,2026-10-07 13:41:46.967249+02,2026-10-07 13:41:46.967249+02
20250315,8744,559.030,2026-10-07 13:41:46.967249+02,2026-10-07 13:41:46.967249+02
20250315,8745,552.306,2026-10-07 13:41:46.967249+02,2026-10-07 13:41:46.967249+02
20250316,8741,602840.373,2026-10-07 13:41:46.967249+02,2026-10-07 13:41:46.967249+02
20250316,8742,22077.304,2026-10-07 13:41:46.967249+02,2026-10-07 13:41:46.967249+02
20250316,8743,13898.686,2026-10-07 13:41:46.967249+02,2026-10-07 13:41:46.967249+02
20250316,8744,544.883,2026-10-07 13:41:46.967249+02,2026-10-07 13:41:46.967249+02
20250316,8745,526.552,2026-10-07 13:41:46.967249+02,2026-10-07 13:41:46.967249+02
20250317,8741,721666.963,2026-10-07 13:41:46.967249+02,2026-10-07 13:41:46.967249+02
20250317,8742,24092.883,2026-10-07 13:41:46.967249+02,2026-10-07 13:41:46.967249+02
20250317,8743,15755.217,2026-10-07 13:41:46.967249+02,2026-10-07 13:41:46.967249+02
20250317,8744,550.601,2026-10-07 13:41:46.967249+02,2026-10-07 13:41:46.967249+02
20250317,8745,560.749,2026-10-07 13:41:46.967249+02,2026-10-07 13:41:46.967249+02
20250318,8741,729303.240,2026-10-07 13:41:46.967249+02,2026-10-07 13:41:46.967249+02
20250318,8742,24364.862,2026-10-07 13:41:46.967249+02,2026-10-07 13:41:46.967249+02
20250318,8743,15688.176,2026-10-07 13:41:46.967249+02,2026-10-07 13:41:46.967249+02
20250318,8744,556.595,2026-10-07 13:41:46.967249+02,2026-10-07 13:41:46.967249+02
20250318,8745,559.499,2026-10-07 13:41:46.967249+02,2026-10-07 13:41:46.967249+02
20250319,8741,692410.639,2026-10-07 13:41:46.967249+02,2026-10-07 13:41:46.967249+02
20250319,8742,24404.876,2026-10-07 13:41:46.967249+02,2026-10-07 13:41:46.967249+02
20250319,8743,15133.851,2026-10-07 13:41:46.967249+02,2026-10-07 13:41:46.967249+02
20250319,8744,541.635,2026-10-07 13:41:46.967249+02,2026-10-07 13:41:46.967249+02
20250319,8745,560.492,2026-10-07 13:41:46.967249+02,2026-10-07 13:41:46.967249+02
20250320,8741,708249.599,2026-10-07 13:41:46.967249+02,2026-10-07 13:41:46.967249+02
20250320,8742,24830.237,2026-10-07 13:41:46.967249+02,2026-10-07 13:41:46.967249+02
20250320,8743,14448.983,2026-10-07 13:41:46.967249+02,2026-10-07 13:41:46.967249+02
20250320,8744,560.552,2026-10-07 13:41:46.967249+02,2026-10-07 13:41:46.967249+02
20250320,8745,562.738,2026-10-07 13:41:46.967249+02,2026-10-07 13:41:46.967249+02
20250321,8741,701668.948,2026-10-07 13:41:46.967249+02,2026-10-07 13:41:46.967249+02
20250321,8742,24220.535,2026-10-07 13:41:46.967249+02,2026-10-07 13:41:46.967249+02
20250321,8743,14699.783,2026-10-07 13:41:46.967249+02,2026-10-07 13:41:46.967249+02
20250321,8744,540.379,2026-10-07 13:41:46.967249+02,2026-10-07 13:41:46.967249+02
20250321,8745,556.774,2026-10-07 13:41:46.967249+02,2026-10-07 13:41:46.967249+02
20250322,8741,617159.408,2026-10-07 13:41:46.967249+02,2026-10-07 13:41:46.967249+02
20250322,8742,23321.809,2026-10-07 13:41:46.967249+02,2026-10-07 13:41:46.967249+02
20250322,8743,13830.067,2026-10-07 13:41:46.967249+02,2026-10-07 13:41:46.967249+02
20250322,8744,551.561,2026-10-07 13:41:46.967249+02,2026-10-07 13:41:46.967249+02
20250322,8745,543.320,2026-10-07 13:41:46.967249+02,2026-10-07 13:41:46.967249+02
20250323,8741,587708.208,2026-10-07 13:41:46.967249+02,2026-10-07 13:41:46.967249+02
20250323,8742,22469.803,2026-10-07 13:41:46.967249+02,2026-10-07 13:41:46.967249+02
20250323,8743,12929.094,2026-10-07 13:41:46.967249+02,2026-10-07 13:41:46.967249+02
20250323,8744,523.144,2026-10-07 13:41:46.967249+02,2026-10-07 13:41:46.967249+02
20250323,8745,544.406,2026-10-07 13:41:46.967249+02,2026-10-07 13:41:46.967249+02
20250324,8741,691548.895,2026-10-07 13:41:46.967249+02,2026-10-07 13:41:46.967249+02
20250324,8742,24340.970,2026-10-07 13:41:46.967249+02,2026-10-07 13:41:46.967249+02
20250324,8743,15138.701,2026-10-07 13:41:46.967249+02,2026-10-07 13:41:46.967249+02
20250324,8744,547.437,2026-10-07 13:41:46.967249+02,2026-10-07 13:41:46.967249+02
20250324,8745,570.562,2026-10-07 13:41:46.967249+02,2026-10-07 13:41:46.967249+02
20250325,8741,693310.116,2026-10-07 13:41:46.967249+02,2026-10-07 13:41:46.967249+02
20250325,8742,24324.949,2026-10-07 13:41:46.967249+02,2026-10-07 13:41:46.967249+02
20250325,8743,15099.091,2026-10-07 13:41:46.967249+02,2026-10-07 13:41:46.967249+02
20250325,8744,566.725,2026-10-07 13:41:46.967249+02,2026-10-07 13:41:46.967249+02
20250325,8745,565.567,2026-10-07 13:41:46.967249+02,2026-10-07 13:41:46.967249+02
20250326,8741,677616.866,2026-10-07 13:41:46.967249+02,2026-10-07 13:41:46.967249+02
20250326,8742,24260.457,2026-10-07 13:41:46.967249+02,2026-10-07 13:41:46.967249+02
20250326,8743,14984.753,2026-10-07 13:41:46.967249+02,2026-10-07 13:41:46.967249+02
20250326,8744,546.436,2026-10-07 13:41:46.967249+02,2026-10-07 13:41:46.967249+02
20250326,8745,567.079,2026-10-07 13:41:46.967249+02,2026-10-07 13:41:46.967249+02
20250327,8741,669082.246,2026-10-07 13:41:46.967249+02,2026-10-07 13:41:46.967249+02
20250327,8742,24364.337,2026-10-07 13:41:46.967249+02,2026-10-07 13:41:46.967249+02
20250327,8743,14956.125,2026-10-07 13:41:46.967249+02,2026-10-07 13:41:46.967249+02
20250327,8744,545.992,2026-10-07 13:41:46.967249+02,2026-10-07 13:41:46.967249+02
20250327,8745,562.844,2026-10-07 13:41:46.967249+02,2026-10-07 13:41:46.967249+02
20250328,8741,650398.692,2026-10-07 13:41:46.967249+02,2026-10-07 13:41:46.967249+02
20250328,8742,24343.938,2026-10-07 13:41:46.967249+02,2026-10-07 13:41:46.967249+02
20250328,8743,14814.997,2026-10-07 13:41:46.967249+02,2026-10-07 13:41:46.967249+02
20250328,8744,524.087,2026-10-07 13:41:46.967249+02,2026-10-07 13:41:46.967249+02
20250328,8745,553.831,2026-10-07 13:41:46.967249+02,2026-10-07 13:41:46.967249+02
20250329,8741,574296.583,2026-10-07 13:41:46.967249+02,2026-10-07 13:41:46.967249+02
20250329,8742,22860.523,2026-10-07 13:41:46.967249+02,2026-10-07 13:41:46.967249+02
20250329,8743,13825.123,2026-10-07 13:41:46.967249+02,2026-10-07 13:41:46.967249+02
20250329,8744,529.152,2026-10-07 13:41:46.967249+02,2026-10-07 13:41:46.967249+02
20250329,8745,527.866,2026-10-07 13:41:46.967249+02,2026-10-07 13:41:46.967249+02
20250330,8741,510899.026,2026-10-07 13:41:46.967249+02,2026-10-07 13:41:46.967249+02
20250330,8742,20943.596,2026-10-07 13:41:46.967249+02,2026-10-07 13:41:46.967249+02
20250330,8743,12399.908,2026-10-07 13:41:46.967249+02,2026-10-07 13:41:46.967249+02
20250330,8744,485.360,2026-10-07 13:41:46.967249+02,2026-10-07 13:41:46.967249+02
20250330,8745,488.717,2026-10-07 13:41:46.967249+02,2026-10-07 13:41:46.967249+02
20250331,8741,624127.156,2026-10-07 13:41:46.967249+02,2026-10-07 13:41:46.967249+02
20250331,8742,23713.929,2026-10-07 13:41:46.967249+02,2026-10-07 13:41:46.967249+02
20250331,8743,13955.618,2026-10-07 13:41:46.967249+02,2026-10-07 13:41:46.967249+02
20250331,8744,458.149,2026-10-07 13:41:46.967249+02,2026-10-07 13:41:46.967249+02
20250331,8745,495.441,2026-10-07 13:41:46.967249+02,2026-10-07 13:41:46.967249+02
20250401,8741,637158.653,2026-10-07 13:41:46.967249+02,2026-10-07 13:41:46.967249+02
20250401,8742,24156.003,2026-10-07 13:41:46.967249+02,2026-10-07 13:41:46.967249+02
20250401,8743,13933.916,2026-10-07 13:41:46.967249+02,2026-10-07 13:41:46.967249+02
20250401,8744,521.911,2026-10-07 13:41:46.967249+02,2026-10-07 13:41:46.967249+02
20250401,8745,531.338,2026-10-07 13:41:46.967249+02,2026-10-07 13:41:46.967249+02
20250402,8741,664080.031,2026-10-07 13:41:46.967249+02,2026-10-07 13:41:46.967249+02
20250402,8742,24374.424,2026-10-07 13:41:46.967249+02,2026-10-07 13:41:46.967249+02
20250402,8743,14428.993,2026-10-07 13:41:46.967249+02,2026-10-07 13:41:46.967249+02
20250402,8744,518.799,2026-10-07 13:41:46.967249+02,2026-10-07 13:41:46.967249+02
20250402,8745,544.215,2026-10-07 13:41:46.967249+02,2026-10-07 13:41:46.967249+02
20250403,8741,679219.193,2026-10-07 13:41:46.967249+02,2026-10-07 13:41:46.967249+02
20250403,8742,24021.008,2026-10-07 13:41:46.967249+02,2026-10-07 13:41:46.967249+02
20250403,8743,14627.771,2026-10-07 13:41:46.967249+02,2026-10-07 13:41:46.967249+02
20250403,8744,527.619,2026-10-07 13:41:46.967249+02,2026-10-07 13:41:46.967249+02
20250403,8745,555.541,2026-10-07 13:41:46.967249+02,2026-10-07 13:41:46.967249+02
20250404,8741,669222.023,2026-10-07 13:41:46.967249+02,2026-10-07 13:41:46.967249+02
20250404,8742,24110.683,2026-10-07 13:41:46.967249+02,2026-10-07 13:41:46.967249+02
20250404,8743,14393.136,2026-10-07 13:41:46.967249+02,2026-10-07 13:41:46.967249+02
20250404,8744,510.853,2026-10-07 13:41:46.967249+02,2026-10-07 13:41:46.967249+02
20250404,8745,547.561,2026-10-07 13:41:46.967249+02,2026-10-07 13:41:46.967249+02
20250405,8741,576638.539,2026-10-07 13:41:46.967249+02,2026-10-07 13:41:46.967249+02
20250405,8742,22823.486,2026-10-07 13:41:46.967249+02,2026-10-07 13:41:46.967249+02
20250405,8743,13358.580,2026-10-07 13:41:46.967249+02,2026-10-07 13:41:46.967249+02
20250405,8744,524.166,2026-10-07 13:41:46.967249+02,2026-10-07 13:41:46.967249+02
20250405,8745,514.228,2026-10-07 13:41:46.967249+02,2026-10-07 13:41:46.967249+02
20250406,8741,528086.123,2026-10-07 13:41:46.967249+02,2026-10-07 13:41:46.967249+02
20250406,8742,21685.799,2026-10-07 13:41:46.967249+02,2026-10-07 13:41:46.967249+02
20250406,8743,12613.558,2026-10-07 13:41:46.967249+02,2026-10-07 13:41:46.967249+02
20250406,8744,483.164,2026-10-07 13:41:46.967249+02,2026-10-07 13:41:46.967249+02
20250406,8745,506.032,2026-10-07 13:41:46.967249+02,2026-10-07 13:41:46.967249+02
20250407,8741,620476.568,2026-10-07 13:41:46.967249+02,2026-10-07 13:41:46.967249+02
20250407,8742,23621.746,2026-10-07 13:41:46.967249+02,2026-10-07 13:41:46.967249+02
20250407,8743,13650.190,2026-10-07 13:41:46.967249+02,2026-10-07 13:41:46.967249+02
20250407,8744,499.344,2026-10-07 13:41:46.967249+02,2026-10-07 13:41:46.967249+02
20250407,8745,533.159,2026-10-07 13:41:46.967249+02,2026-10-07 13:41:46.967249+02
20250408,8741,626741.062,2026-10-07 13:41:46.967249+02,2026-10-07 13:41:46.967249+02
20250408,8742,24065.242,2026-10-07 13:41:46.967249+02,2026-10-07 13:41:46.967249+02
20250408,8743,13786.241,2026-10-07 13:41:46.967249+02,2026-10-07 13:41:46.967249+02
20250408,8744,508.410,2026-10-07 13:41:46.967249+02,2026-10-07 13:41:46.967249+02
20250408,8745,535.278,2026-10-07 13:41:46.967249+02,2026-10-07 13:41:46.967249+02
20250409,8741,626184.741,2026-10-07 13:41:46.967249+02,2026-10-07 13:41:46.967249+02
20250409,8742,24274.773,2026-10-07 13:41:46.967249+02,2026-10-07 13:41:46.967249+02
20250409,8743,13915.139,2026-10-07 13:41:46.967249+02,2026-10-07 13:41:46.967249+02
20250409,8744,507.855,2026-10-07 13:41:46.967249+02,2026-10-07 13:41:46.967249+02
20250409,8745,543.270,2026-10-07 13:41:46.967249+02,2026-10-07 13:41:46.967249+02
20250410,8741,630421.692,2026-10-07 13:41:46.967249+02,2026-10-07 13:41:46.967249+02
20250410,8742,24203.573,2026-10-07 13:41:46.967249+02,2026-10-07 13:41:46.967249+02
20250410,8743,14155.706,2026-10-07 13:41:46.967249+02,2026-10-07 13:41:46.967249+02
20250410,8744,500.095,2026-10-07 13:41:46.967249+02,2026-10-07 13:41:46.967249+02
20250410,8745,548.525,2026-10-07 13:41:46.967249+02,2026-10-07 13:41:46.967249+02
20250411,8741,641915.021,2026-10-07 13:41:46.967249+02,2026-10-07 13:41:46.967249+02
20250411,8742,24057.299,2026-10-07 13:41:46.967249+02,2026-10-07 13:41:46.967249+02
20250411,8743,14474.361,2026-10-07 13:41:46.967249+02,2026-10-07 13:41:46.967249+02
20250411,8744,497.751,2026-10-07 13:41:46.967249+02,2026-10-07 13:41:46.967249+02
20250411,8745,550.322,2026-10-07 13:41:46.967249+02,2026-10-07 13:41:46.967249+02
20250412,8741,577291.409,2026-10-07 13:41:46.967249+02,2026-10-07 13:41:46.967249+02
20250412,8742,22989.036,2026-10-07 13:41:46.967249+02,2026-10-07 13:41:46.967249+02
20250412,8743,14665.436,2026-10-07 13:41:46.967249+02,2026-10-07 13:41:46.967249+02
20250412,8744,495.442,2026-10-07 13:41:46.967249+02,2026-10-07 13:41:46.967249+02
20250412,8745,524.012,2026-10-07 13:41:46.967249+02,2026-10-07 13:41:46.967249+02
20250413,8741,529947.869,2026-10-07 13:41:46.967249+02,2026-10-07 13:41:46.967249+02
20250413,8742,21713.453,2026-10-07 13:41:46.967249+02,2026-10-07 13:41:46.967249+02
20250413,8743,13913.091,2026-10-07 13:41:46.967249+02,2026-10-07 13:41:46.967249+02
20250413,8744,447.104,2026-10-07 13:41:46.967249+02,2026-10-07 13:41:46.967249+02
20250413,8745,500.962,2026-10-07 13:41:46.967249+02,2026-10-07 13:41:46.967249+02
20250414,8741,623242.595,2026-10-07 13:41:46.967249+02,2026-10-07 13:41:46.967249+02
20250414,8742,23834.625,2026-10-07 13:41:46.967249+02,2026-10-07 13:41:46.967249+02
20250414,8743,15250.017,2026-10-07 13:41:46.967249+02,2026-10-07 13:41:46.967249+02
20250414,8744,494.777,2026-10-07 13:41:46.967249+02,2026-10-07 13:41:46.967249+02
20250414,8745,531.042,2026-10-07 13:41:46.967249+02,2026-10-07 13:41:46.967249+02
20250415,8741,642713.887,2026-10-07 13:41:46.967249+02,2026-10-07 13:41:46.967249+02
20250415,8742,23768.515,2026-10-07 13:41:46.967249+02,2026-10-07 13:41:46.967249+02
20250415,8743,14729.043,2026-10-07 13:41:46.967249+02,2026-10-07 13:41:46.967249+02
20250415,8744,507.171,2026-10-07 13:41:46.967249+02,2026-10-07 13:41:46.967249+02
20250415,8745,541.901,2026-10-07 13:41:46.967249+02,2026-10-07 13:41:46.967249+02
20250416,8741,633954.915,2026-10-07 13:41:46.967249+02,2026-10-07 13:41:46.967249+02
20250416,8742,23545.945,2026-10-07 13:41:46.967249+02,2026-10-07 13:41:46.967249+02
20250416,8743,15103.962,2026-10-07 13:41:46.967249+02,2026-10-07 13:41:46.967249+02
20250416,8744,490.201,2026-10-07 13:41:46.967249+02,2026-10-07 13:41:46.967249+02
20250416,8745,532.317,2026-10-07 13:41:46.967249+02,2026-10-07 13:41:46.967249+02
20250417,8741,555463.131,2026-10-07 13:41:46.967249+02,2026-10-07 13:41:46.967249+02
20250417,8742,22245.480,2026-10-07 13:41:46.967249+02,2026-10-07 13:41:46.967249+02
20250417,8743,14157.315,2026-10-07 13:41:46.967249+02,2026-10-07 13:41:46.967249+02
20250417,8744,452.219,2026-10-07 13:41:46.967249+02,2026-10-07 13:41:46.967249+02
20250417,8745,490.761,2026-10-07 13:41:46.967249+02,2026-10-07 13:41:46.967249+02
20250418,8741,516929.260,2026-10-07 13:41:46.967249+02,2026-10-07 13:41:46.967249+02
20250418,8742,21426.978,2026-10-07 13:41:46.967249+02,2026-10-07 13:41:46.967249+02
20250418,8743,13946.348,2026-10-07 13:41:46.967249+02,2026-10-07 13:41:46.967249+02
20250418,8744,446.127,2026-10-07 13:41:46.967249+02,2026-10-07 13:41:46.967249+02
20250418,8745,486.035,2026-10-07 13:41:46.967249+02,2026-10-07 13:41:46.967249+02
20250419,8741,530677.394,2026-10-07 13:41:46.967249+02,2026-10-07 13:41:46.967249+02
20250419,8742,22206.228,2026-10-07 13:41:46.967249+02,2026-10-07 13:41:46.967249+02
20250419,8743,14126.494,2026-10-07 13:41:46.967249+02,2026-10-07 13:41:46.967249+02
20250419,8744,452.687,2026-10-07 13:41:46.967249+02,2026-10-07 13:41:46.967249+02
20250419,8745,505.868,2026-10-07 13:41:46.967249+02,2026-10-07 13:41:46.967249+02
20250420,8741,510367.585,2026-10-07 13:41:46.967249+02,2026-10-07 13:41:46.967249+02
20250420,8742,21300.575,2026-10-07 13:41:46.967249+02,2026-10-07 13:41:46.967249+02
20250420,8743,13382.623,2026-10-07 13:41:46.967249+02,2026-10-07 13:41:46.967249+02
20250420,8744,455.253,2026-10-07 13:41:46.967249+02,2026-10-07 13:41:46.967249+02
20250420,8745,493.601,2026-10-07 13:41:46.967249+02,2026-10-07 13:41:46.967249+02
20250421,8741,558178.149,2026-10-07 13:41:46.967249+02,2026-10-07 13:41:46.967249+02
20250421,8742,23347.795,2026-10-07 13:41:46.967249+02,2026-10-07 13:41:46.967249+02
20250421,8743,13980.267,2026-10-07 13:41:46.967249+02,2026-10-07 13:41:46.967249+02
20250421,8744,509.329,2026-10-07 13:41:46.967249+02,2026-10-07 13:41:46.967249+02
20250421,8745,540.630,2026-10-07 13:41:46.967249+02,2026-10-07 13:41:46.967249+02
20250422,8741,627365.376,2026-10-07 13:41:46.967249+02,2026-10-07 13:41:46.967249+02
20250422,8742,23654.694,2026-10-07 13:41:46.967249+02,2026-10-07 13:41:46.967249+02
20250422,8743,14908.553,2026-10-07 13:41:46.967249+02,2026-10-07 13:41:46.967249+02
20250422,8744,517.452,2026-10-07 13:41:46.967249+02,2026-10-07 13:41:46.967249+02
20250422,8745,545.851,2026-10-07 13:41:46.967249+02,2026-10-07 13:41:46.967249+02
20250423,8741,614119.308,2026-10-07 13:41:46.967249+02,2026-10-07 13:41:46.967249+02
20250423,8742,23617.051,2026-10-07 13:41:46.967249+02,2026-10-07 13:41:46.967249+02
20250423,8743,14760.992,2026-10-07 13:41:46.967249+02,2026-10-07 13:41:46.967249+02
20250423,8744,515.349,2026-10-07 13:41:46.967249+02,2026-10-07 13:41:46.967249+02
20250423,8745,546.870,2026-10-07 13:41:46.967249+02,2026-10-07 13:41:46.967249+02
20250424,8741,615883.423,2026-10-07 13:41:46.967249+02,2026-10-07 13:41:46.967249+02
20250424,8742,23585.357,2026-10-07 13:41:46.967249+02,2026-10-07 13:41:46.967249+02
20250424,8743,14522.140,2026-10-07 13:41:46.967249+02,2026-10-07 13:41:46.967249+02
20250424,8744,517.036,2026-10-07 13:41:46.967249+02,2026-10-07 13:41:46.967249+02
20250424,8745,538.683,2026-10-07 13:41:46.967249+02,2026-10-07 13:41:46.967249+02
20250425,8741,618285.438,2026-10-07 13:41:46.967249+02,2026-10-07 13:41:46.967249+02
20250425,8742,23818.528,2026-10-07 13:41:46.967249+02,2026-10-07 13:41:46.967249+02
20250425,8743,14663.527,2026-10-07 13:41:46.967249+02,2026-10-07 13:41:46.967249+02
20250425,8744,508.462,2026-10-07 13:41:46.967249+02,2026-10-07 13:41:46.967249+02
20250425,8745,553.029,2026-10-07 13:41:46.967249+02,2026-10-07 13:41:46.967249+02
20250426,8741,548507.283,2026-10-07 13:41:46.967249+02,2026-10-07 13:41:46.967249+02
20250426,8742,22539.360,2026-10-07 13:41:46.967249+02,2026-10-07 13:41:46.967249+02
20250426,8743,14761.210,2026-10-07 13:41:46.967249+02,2026-10-07 13:41:46.967249+02
20250426,8744,494.726,2026-10-07 13:41:46.967249+02,2026-10-07 13:41:46.967249+02
20250426,8745,529.569,2026-10-07 13:41:46.967249+02,2026-10-07 13:41:46.967249+02
20250427,8741,505602.089,2026-10-07 13:41:46.967249+02,2026-10-07 13:41:46.967249+02
20250427,8742,21390.947,2026-10-07 13:41:46.967249+02,2026-10-07 13:41:46.967249+02
20250427,8743,13854.247,2026-10-07 13:41:46.967249+02,2026-10-07 13:41:46.967249+02
20250427,8744,486.441,2026-10-07 13:41:46.967249+02,2026-10-07 13:41:46.967249+02
20250427,8745,507.961,2026-10-07 13:41:46.967249+02,2026-10-07 13:41:46.967249+02
20250428,8741,364238.964,2026-10-07 13:41:46.967249+02,2026-10-07 13:41:46.967249+02
20250428,8742,23252.141,2026-10-07 13:41:46.967249+02,2026-10-07 13:41:46.967249+02
20250428,8743,14762.416,2026-10-07 13:41:46.967249+02,2026-10-07 13:41:46.967249+02
20250428,8744,523.773,2026-10-07 13:41:46.967249+02,2026-10-07 13:41:46.967249+02
20250428,8745,520.196,2026-10-07 13:41:46.967249+02,2026-10-07 13:41:46.967249+02
20250429,8741,550125.024,2026-10-07 13:41:46.967249+02,2026-10-07 13:41:46.967249+02
20250429,8742,23952.295,2026-10-07 13:41:46.967249+02,2026-10-07 13:41:46.967249+02
20250429,8743,14872.699,2026-10-07 13:41:46.967249+02,2026-10-07 13:41:46.967249+02
20250429,8744,527.561,2026-10-07 13:41:46.967249+02,2026-10-07 13:41:46.967249+02
20250429,8745,531.275,2026-10-07 13:41:46.967249+02,2026-10-07 13:41:46.967249+02
20250430,8741,604108.957,2026-10-07 13:41:46.967249+02,2026-10-07 13:41:46.967249+02
20250430,8742,23773.768,2026-10-07 13:41:46.967249+02,2026-10-07 13:41:46.967249+02
20250430,8743,14776.448,2026-10-07 13:41:46.967249+02,2026-10-07 13:41:46.967249+02
20250430,8744,520.215,2026-10-07 13:41:46.967249+02,2026-10-07 13:41:46.967249+02
20250430,8745,562.446,2026-10-07 13:41:46.967249+02,2026-10-07 13:41:46.967249+02
20250501,8741,508254.699,2026-10-07 13:41:46.967249+02,2026-10-07 13:41:46.967249+02
20250501,8742,21785.414,2026-10-07 13:41:46.967249+02,2026-10-07 13:41:46.967249+02
20250501,8743,14180.231,2026-10-07 13:41:46.967249+02,2026-10-07 13:41:46.967249+02
20250501,8744,462.036,2026-10-07 13:41:46.967249+02,2026-10-07 13:41:46.967249+02
20250501,8745,511.250,2026-10-07 13:41:46.967249+02,2026-10-07 13:41:46.967249+02
20250502,8741,551583.776,2026-10-07 13:41:46.967249+02,2026-10-07 13:41:46.967249+02
20250502,8742,23078.304,2026-10-07 13:41:46.967249+02,2026-10-07 13:41:46.967249+02
20250502,8743,15611.934,2026-10-07 13:41:46.967249+02,2026-10-07 13:41:46.967249+02
20250502,8744,494.500,2026-10-07 13:41:46.967249+02,2026-10-07 13:41:46.967249+02
20250502,8745,540.726,2026-10-07 13:41:46.967249+02,2026-10-07 13:41:46.967249+02
20250503,8741,522306.432,2026-10-07 13:41:46.967249+02,2026-10-07 13:41:46.967249+02
20250503,8742,22364.412,2026-10-07 13:41:46.967249+02,2026-10-07 13:41:46.967249+02
20250503,8743,15059.512,2026-10-07 13:41:46.967249+02,2026-10-07 13:41:46.967249+02
20250503,8744,487.517,2026-10-07 13:41:46.967249+02,2026-10-07 13:41:46.967249+02
20250503,8745,526.985,2026-10-07 13:41:46.967249+02,2026-10-07 13:41:46.967249+02
20250504,8741,497241.793,2026-10-07 13:41:46.967249+02,2026-10-07 13:41:46.967249+02
20250504,8742,21237.782,2026-10-07 13:41:46.967249+02,2026-10-07 13:41:46.967249+02
20250504,8743,14044.594,2026-10-07 13:41:46.967249+02,2026-10-07 13:41:46.967249+02
20250504,8744,477.803,2026-10-07 13:41:46.967249+02,2026-10-07 13:41:46.967249+02
20250504,8745,513.651,2026-10-07 13:41:46.967249+02,2026-10-07 13:41:46.967249+02
20250505,8741,608627.208,2026-10-07 13:41:46.967249+02,2026-10-07 13:41:46.967249+02
20250505,8742,23436.053,2026-10-07 13:41:46.967249+02,2026-10-07 13:41:46.967249+02
20250505,8743,15216.409,2026-10-07 13:41:46.967249+02,2026-10-07 13:41:46.967249+02
20250505,8744,522.598,2026-10-07 13:41:46.967249+02,2026-10-07 13:41:46.967249+02
20250505,8745,545.645,2026-10-07 13:41:46.967249+02,2026-10-07 13:41:46.967249+02
20250506,8741,617493.859,2026-10-07 13:41:46.967249+02,2026-10-07 13:41:46.967249+02
20250506,8742,23726.510,2026-10-07 13:41:46.967249+02,2026-10-07 13:41:46.967249+02
20250506,8743,15320.896,2026-10-07 13:41:46.967249+02,2026-10-07 13:41:46.967249+02
20250506,8744,514.379,2026-10-07 13:41:46.967249+02,2026-10-07 13:41:46.967249+02
20250506,8745,548.507,2026-10-07 13:41:46.967249+02,2026-10-07 13:41:46.967249+02
20250507,8741,619445.795,2026-10-07 13:41:46.967249+02,2026-10-07 13:41:46.967249+02
20250507,8742,23770.516,2026-10-07 13:41:46.967249+02,2026-10-07 13:41:46.967249+02
20250507,8743,15147.405,2026-10-07 13:41:46.967249+02,2026-10-07 13:41:46.967249+02
20250507,8744,510.988,2026-10-07 13:41:46.967249+02,2026-10-07 13:41:46.967249+02
20250507,8745,546.986,2026-10-07 13:41:46.967249+02,2026-10-07 13:41:46.967249+02
20250508,8741,628483.706,2026-10-07 13:41:46.967249+02,2026-10-07 13:41:46.967249+02
20250508,8742,24193.747,2026-10-07 13:41:46.967249+02,2026-10-07 13:41:46.967249+02
20250508,8743,15102.345,2026-10-07 13:41:46.967249+02,2026-10-07 13:41:46.967249+02
20250508,8744,516.357,2026-10-07 13:41:46.967249+02,2026-10-07 13:41:46.967249+02
20250508,8745,554.667,2026-10-07 13:41:46.967249+02,2026-10-07 13:41:46.967249+02
20250509,8741,625938.226,2026-10-07 13:41:46.967249+02,2026-10-07 13:41:46.967249+02
20250509,8742,24098.066,2026-10-07 13:41:46.967249+02,2026-10-07 13:41:46.967249+02
20250509,8743,15375.722,2026-10-07 13:41:46.967249+02,2026-10-07 13:41:46.967249+02
20250509,8744,500.366,2026-10-07 13:41:46.967249+02,2026-10-07 13:41:46.967249+02
20250509,8745,547.438,2026-10-07 13:41:46.967249+02,2026-10-07 13:41:46.967249+02
20250510,8741,551958.780,2026-10-07 13:41:46.967249+02,2026-10-07 13:41:46.967249+02
20250510,8742,22567.487,2026-10-07 13:41:46.967249+02,2026-10-07 13:41:46.967249+02
20250510,8743,14859.951,2026-10-07 13:41:46.967249+02,2026-10-07 13:41:46.967249+02
20250510,8744,492.282,2026-10-07 13:41:46.967249+02,2026-10-07 13:41:46.967249+02
20250510,8745,530.384,2026-10-07 13:41:46.967249+02,2026-10-07 13:41:46.967249+02
20250511,8741,508370.820,2026-10-07 13:41:46.967249+02,2026-10-07 13:41:46.967249+02
20250511,8742,21617.267,2026-10-07 13:41:46.967249+02,2026-10-07 13:41:46.967249+02
20250511,8743,14300.946,2026-10-07 13:41:46.967249+02,2026-10-07 13:41:46.967249+02
20250511,8744,488.385,2026-10-07 13:41:46.967249+02,2026-10-07 13:41:46.967249+02
20250511,8745,505.917,2026-10-07 13:41:46.967249+02,2026-10-07 13:41:46.967249+02
20250512,8741,603143.956,2026-10-07 13:41:46.967249+02,2026-10-07 13:41:46.967249+02
20250512,8742,23822.774,2026-10-07 13:41:46.967249+02,2026-10-07 13:41:46.967249+02
20250512,8743,15298.659,2026-10-07 13:41:46.967249+02,2026-10-07 13:41:46.967249+02
20250512,8744,514.344,2026-10-07 13:41:46.967249+02,2026-10-07 13:41:46.967249+02
20250512,8745,542.882,2026-10-07 13:41:46.967249+02,2026-10-07 13:41:46.967249+02
20250513,8741,620085.570,2026-10-07 13:41:46.967249+02,2026-10-07 13:41:46.967249+02
20250513,8742,23644.201,2026-10-07 13:41:46.967249+02,2026-10-07 13:41:46.967249+02
20250513,8743,15288.035,2026-10-07 13:41:46.967249+02,2026-10-07 13:41:46.967249+02
20250513,8744,505.209,2026-10-07 13:41:46.967249+02,2026-10-07 13:41:46.967249+02
20250513,8745,561.103,2026-10-07 13:41:46.967249+02,2026-10-07 13:41:46.967249+02
20250514,8741,631866.021,2026-10-07 13:41:46.967249+02,2026-10-07 13:41:46.967249+02
20250514,8742,23480.491,2026-10-07 13:41:46.967249+02,2026-10-07 13:41:46.967249+02
20250514,8743,16055.517,2026-10-07 13:41:46.967249+02,2026-10-07 13:41:46.967249+02
20250514,8744,504.415,2026-10-07 13:41:46.967249+02,2026-10-07 13:41:46.967249+02
20250514,8745,552.366,2026-10-07 13:41:46.967249+02,2026-10-07 13:41:46.967249+02
20250515,8741,620974.784,2026-10-07 13:41:46.967249+02,2026-10-07 13:41:46.967249+02
20250515,8742,23386.186,2026-10-07 13:41:46.967249+02,2026-10-07 13:41:46.967249+02
20250515,8743,15479.593,2026-10-07 13:41:46.967249+02,2026-10-07 13:41:46.967249+02
20250515,8744,507.964,2026-10-07 13:41:46.967249+02,2026-10-07 13:41:46.967249+02
20250515,8745,548.072,2026-10-07 13:41:46.967249+02,2026-10-07 13:41:46.967249+02
20250516,8741,609065.987,2026-10-07 13:41:46.967249+02,2026-10-07 13:41:46.967249+02
20250516,8742,23413.991,2026-10-07 13:41:46.967249+02,2026-10-07 13:41:46.967249+02
20250516,8743,15360.563,2026-10-07 13:41:46.967249+02,2026-10-07 13:41:46.967249+02
20250516,8744,504.331,2026-10-07 13:41:46.967249+02,2026-10-07 13:41:46.967249+02
20250516,8745,546.430,2026-10-07 13:41:46.967249+02,2026-10-07 13:41:46.967249+02
20250517,8741,533145.083,2026-10-07 13:41:46.967249+02,2026-10-07 13:41:46.967249+02
20250517,8742,22187.118,2026-10-07 13:41:46.967249+02,2026-10-07 13:41:46.967249+02
20250517,8743,14597.834,2026-10-07 13:41:46.967249+02,2026-10-07 13:41:46.967249+02
20250517,8744,501.885,2026-10-07 13:41:46.967249+02,2026-10-07 13:41:46.967249+02
20250517,8745,526.981,2026-10-07 13:41:46.967249+02,2026-10-07 13:41:46.967249+02
20250518,8741,498969.107,2026-10-07 13:41:46.967249+02,2026-10-07 13:41:46.967249+02
20250518,8742,21275.019,2026-10-07 13:41:46.967249+02,2026-10-07 13:41:46.967249+02
20250518,8743,14083.462,2026-10-07 13:41:46.967249+02,2026-10-07 13:41:46.967249+02
20250518,8744,477.900,2026-10-07 13:41:46.967249+02,2026-10-07 13:41:46.967249+02
20250518,8745,507.878,2026-10-07 13:41:46.967249+02,2026-10-07 13:41:46.967249+02
20250519,8741,603217.542,2026-10-07 13:41:46.967249+02,2026-10-07 13:41:46.967249+02
20250519,8742,22954.630,2026-10-07 13:41:46.967249+02,2026-10-07 13:41:46.967249+02
20250519,8743,16066.953,2026-10-07 13:41:46.967249+02,2026-10-07 13:41:46.967249+02
20250519,8744,508.795,2026-10-07 13:41:46.967249+02,2026-10-07 13:41:46.967249+02
20250519,8745,552.931,2026-10-07 13:41:46.967249+02,2026-10-07 13:41:46.967249+02
20250520,8741,613036.164,2026-10-07 13:41:46.967249+02,2026-10-07 13:41:46.967249+02
20250520,8742,23224.679,2026-10-07 13:41:46.967249+02,2026-10-07 13:41:46.967249+02
20250520,8743,15409.036,2026-10-07 13:41:46.967249+02,2026-10-07 13:41:46.967249+02
20250520,8744,512.859,2026-10-07 13:41:46.967249+02,2026-10-07 13:41:46.967249+02
20250520,8745,565.080,2026-10-07 13:41:46.967249+02,2026-10-07 13:41:46.967249+02
20250521,8741,624065.756,2026-10-07 13:41:46.967249+02,2026-10-07 13:41:46.967249+02
20250521,8742,23241.005,2026-10-07 13:41:46.967249+02,2026-10-07 13:41:46.967249+02
20250521,8743,15680.781,2026-10-07 13:41:46.967249+02,2026-10-07 13:41:46.967249+02
20250521,8744,513.646,2026-10-07 13:41:46.967249+02,2026-10-07 13:41:46.967249+02
20250521,8745,573.353,2026-10-07 13:41:46.967249+02,2026-10-07 13:41:46.967249+02
20250522,8741,627866.206,2026-10-07 13:41:46.967249+02,2026-10-07 13:41:46.967249+02
20250522,8742,23512.526,2026-10-07 13:41:46.967249+02,2026-10-07 13:41:46.967249+02
20250522,8743,16273.384,2026-10-07 13:41:46.967249+02,2026-10-07 13:41:46.967249+02
20250522,8744,517.853,2026-10-07 13:41:46.967249+02,2026-10-07 13:41:46.967249+02
20250522,8745,577.565,2026-10-07 13:41:46.967249+02,2026-10-07 13:41:46.967249+02
20250523,8741,621633.380,2026-10-07 13:41:46.967249+02,2026-10-07 13:41:46.967249+02
20250523,8742,23597.400,2026-10-07 13:41:46.967249+02,2026-10-07 13:41:46.967249+02
20250523,8743,15755.251,2026-10-07 13:41:46.967249+02,2026-10-07 13:41:46.967249+02
20250523,8744,516.787,2026-10-07 13:41:46.967249+02,2026-10-07 13:41:46.967249+02
20250523,8745,579.030,2026-10-07 13:41:46.967249+02,2026-10-07 13:41:46.967249+02
20250524,8741,537349.030,2026-10-07 13:41:46.967249+02,2026-10-07 13:41:46.967249+02
20250524,8742,22424.719,2026-10-07 13:41:46.967249+02,2026-10-07 13:41:46.967249+02
20250524,8743,15285.026,2026-10-07 13:41:46.967249+02,2026-10-07 13:41:46.967249+02
20250524,8744,502.214,2026-10-07 13:41:46.967249+02,2026-10-07 13:41:46.967249+02
20250524,8745,539.868,2026-10-07 13:41:46.967249+02,2026-10-07 13:41:46.967249+02
20250525,8741,505081.947,2026-10-07 13:41:46.967249+02,2026-10-07 13:41:46.967249+02
20250525,8742,21370.557,2026-10-07 13:41:46.967249+02,2026-10-07 13:41:46.967249+02
20250525,8743,14505.575,2026-10-07 13:41:46.967249+02,2026-10-07 13:41:46.967249+02
20250525,8744,489.456,2026-10-07 13:41:46.967249+02,2026-10-07 13:41:46.967249+02
20250525,8745,517.577,2026-10-07 13:41:46.967249+02,2026-10-07 13:41:46.967249+02
20250526,8741,616095.985,2026-10-07 13:41:46.967249+02,2026-10-07 13:41:46.967249+02
20250526,8742,23709.275,2026-10-07 13:41:46.967249+02,2026-10-07 13:41:46.967249+02
20250526,8743,15809.475,2026-10-07 13:41:46.967249+02,2026-10-07 13:41:46.967249+02
20250526,8744,533.397,2026-10-07 13:41:46.967249+02,2026-10-07 13:41:46.967249+02
20250526,8745,561.240,2026-10-07 13:41:46.967249+02,2026-10-07 13:41:46.967249+02
20250527,8741,632678.545,2026-10-07 13:41:46.967249+02,2026-10-07 13:41:46.967249+02
20250527,8742,23922.122,2026-10-07 13:41:46.967249+02,2026-10-07 13:41:46.967249+02
20250527,8743,16066.036,2026-10-07 13:41:46.967249+02,2026-10-07 13:41:46.967249+02
20250527,8744,533.802,2026-10-07 13:41:46.967249+02,2026-10-07 13:41:46.967249+02
20250527,8745,593.687,2026-10-07 13:41:46.967249+02,2026-10-07 13:41:46.967249+02
20250528,8741,649377.928,2026-10-07 13:41:46.967249+02,2026-10-07 13:41:46.967249+02
20250528,8742,23861.311,2026-10-07 13:41:46.967249+02,2026-10-07 13:41:46.967249+02
20250528,8743,16311.838,2026-10-07 13:41:46.967249+02,2026-10-07 13:41:46.967249+02
20250528,8744,540.400,2026-10-07 13:41:46.967249+02,2026-10-07 13:41:46.967249+02
20250528,8745,601.730,2026-10-07 13:41:46.967249+02,2026-10-07 13:41:46.967249+02
20250529,8741,664082.683,2026-10-07 13:41:46.967249+02,2026-10-07 13:41:46.967249+02
20250529,8742,23812.621,2026-10-07 13:41:46.967249+02,2026-10-07 13:41:46.967249+02
20250529,8743,16665.963,2026-10-07 13:41:46.967249+02,2026-10-07 13:41:46.967249+02
20250529,8744,544.742,2026-10-07 13:41:46.967249+02,2026-10-07 13:41:46.967249+02
20250529,8745,613.626,2026-10-07 13:41:46.967249+02,2026-10-07 13:41:46.967249+02
20250530,8741,675845.010,2026-10-07 13:41:46.967249+02,2026-10-07 13:41:46.967249+02
20250530,8742,21800.517,2026-10-07 13:41:46.967249+02,2026-10-07 13:41:46.967249+02
20250530,8743,17066.441,2026-10-07 13:41:46.967249+02,2026-10-07 13:41:46.967249+02
20250530,8744,552.539,2026-10-07 13:41:46.967249+02,2026-10-07 13:41:46.967249+02
20250530,8745,623.249,2026-10-07 13:41:46.967249+02,2026-10-07 13:41:46.967249+02
20250531,8741,602814.677,2026-10-07 13:41:46.967249+02,2026-10-07 13:41:46.967249+02
20250531,8742,22197.023,2026-10-07 13:41:46.967249+02,2026-10-07 13:41:46.967249+02
20250531,8743,16605.690,2026-10-07 13:41:46.967249+02,2026-10-07 13:41:46.967249+02
20250531,8744,525.854,2026-10-07 13:41:46.967249+02,2026-10-07 13:41:46.967249+02
20250531,8745,598.543,2026-10-07 13:41:46.967249+02,2026-10-07 13:41:46.967249+02
20250601,8741,564157.433,2026-10-07 13:41:46.967249+02,2026-10-07 13:41:46.967249+02
20250601,8742,21380.436,2026-10-07 13:41:46.967249+02,2026-10-07 13:41:46.967249+02
20250601,8743,16178.209,2026-10-07 13:41:46.967249+02,2026-10-07 13:41:46.967249+02
20250601,8744,511.753,2026-10-07 13:41:46.967249+02,2026-10-07 13:41:46.967249+02
20250601,8745,591.884,2026-10-07 13:41:46.967249+02,2026-10-07 13:41:46.967249+02
20250602,8741,667258.387,2026-10-07 13:41:46.967249+02,2026-10-07 13:41:46.967249+02
20250602,8742,23734.749,2026-10-07 13:41:46.967249+02,2026-10-07 13:41:46.967249+02
20250602,8743,18205.924,2026-10-07 13:41:46.967249+02,2026-10-07 13:41:46.967249+02
20250602,8744,544.874,2026-10-07 13:41:46.967249+02,2026-10-07 13:41:46.967249+02
20250602,8745,637.439,2026-10-07 13:41:46.967249+02,2026-10-07 13:41:46.967249+02
20250603,8741,660109.964,2026-10-07 13:41:46.967249+02,2026-10-07 13:41:46.967249+02
20250603,8742,23732.804,2026-10-07 13:41:46.967249+02,2026-10-07 13:41:46.967249+02
20250603,8743,18516.271,2026-10-07 13:41:46.967249+02,2026-10-07 13:41:46.967249+02
20250603,8744,526.776,2026-10-07 13:41:46.967249+02,2026-10-07 13:41:46.967249+02
20250603,8745,621.623,2026-10-07 13:41:46.967249+02,2026-10-07 13:41:46.967249+02
20250604,8741,653710.824,2026-10-07 13:41:46.967249+02,2026-10-07 13:41:46.967249+02
20250604,8742,23627.564,2026-10-07 13:41:46.967249+02,2026-10-07 13:41:46.967249+02
20250604,8743,18627.759,2026-10-07 13:41:46.967249+02,2026-10-07 13:41:46.967249+02
20250604,8744,523.425,2026-10-07 13:41:46.967249+02,2026-10-07 13:41:46.967249+02
20250604,8745,607.858,2026-10-07 13:41:46.967249+02,2026-10-07 13:41:46.967249+02
20250605,8741,657856.295,2026-10-07 13:41:46.967249+02,2026-10-07 13:41:46.967249+02
20250605,8742,23752.005,2026-10-07 13:41:46.967249+02,2026-10-07 13:41:46.967249+02
20250605,8743,18419.075,2026-10-07 13:41:46.967249+02,2026-10-07 13:41:46.967249+02
20250605,8744,537.916,2026-10-07 13:41:46.967249+02,2026-10-07 13:41:46.967249+02
20250605,8745,616.023,2026-10-07 13:41:46.967249+02,2026-10-07 13:41:46.967249+02
20250606,8741,660448.104,2026-10-07 13:41:46.967249+02,2026-10-07 13:41:46.967249+02
20250606,8742,23771.907,2026-10-07 13:41:46.967249+02,2026-10-07 13:41:46.967249+02
20250606,8743,18412.782,2026-10-07 13:41:46.967249+02,2026-10-07 13:41:46.967249+02
20250606,8744,503.833,2026-10-07 13:41:46.967249+02,2026-10-07 13:41:46.967249+02
20250606,8745,571.310,2026-10-07 13:41:46.967249+02,2026-10-07 13:41:46.967249+02
20250607,8741,589131.259,2026-10-07 13:41:46.967249+02,2026-10-07 13:41:46.967249+02
20250607,8742,22685.180,2026-10-07 13:41:46.967249+02,2026-10-07 13:41:46.967249+02
20250607,8743,18057.911,2026-10-07 13:41:46.967249+02,2026-10-07 13:41:46.967249+02
20250607,8744,509.704,2026-10-07 13:41:46.967249+02,2026-10-07 13:41:46.967249+02
20250607,8745,585.526,2026-10-07 13:41:46.967249+02,2026-10-07 13:41:46.967249+02
20250608,8741,558730.458,2026-10-07 13:41:46.967249+02,2026-10-07 13:41:46.967249+02
20250608,8742,21705.548,2026-10-07 13:41:46.967249+02,2026-10-07 13:41:46.967249+02
20250608,8743,17327.618,2026-10-07 13:41:46.967249+02,2026-10-07 13:41:46.967249+02
20250608,8744,505.775,2026-10-07 13:41:46.967249+02,2026-10-07 13:41:46.967249+02
20250608,8745,581.913,2026-10-07 13:41:46.967249+02,2026-10-07 13:41:46.967249+02
20250609,8741,667859.061,2026-10-07 13:41:46.967249+02,2026-10-07 13:41:46.967249+02
20250609,8742,23975.139,2026-10-07 13:41:46.967249+02,2026-10-07 13:41:46.967249+02
20250609,8743,18574.852,2026-10-07 13:41:46.967249+02,2026-10-07 13:41:46.967249+02
20250609,8744,556.865,2026-10-07 13:41:46.967249+02,2026-10-07 13:41:46.967249+02
20250609,8745,656.120,2026-10-07 13:41:46.967249+02,2026-10-07 13:41:46.967249+02
20250610,8741,711249.083,2026-10-07 13:41:46.967249+02,2026-10-07 13:41:46.967249+02
20250610,8742,23938.962,2026-10-07 13:41:46.967249+02,2026-10-07 13:41:46.967249+02
20250610,8743,19328.528,2026-10-07 13:41:46.967249+02,2026-10-07 13:41:46.967249+02
20250610,8744,559.907,2026-10-07 13:41:46.967249+02,2026-10-07 13:41:46.967249+02
20250610,8745,642.989,2026-10-07 13:41:46.967249+02,2026-10-07 13:41:46.967249+02
20250611,8741,708519.353,2026-10-07 13:41:46.967249+02,2026-10-07 13:41:46.967249+02
20250611,8742,24038.571,2026-10-07 13:41:46.967249+02,2026-10-07 13:41:46.967249+02
20250611,8743,20071.827,2026-10-07 13:41:46.967249+02,2026-10-07 13:41:46.967249+02
20250611,8744,554.651,2026-10-07 13:41:46.967249+02,2026-10-07 13:41:46.967249+02
20250611,8745,609.717,2026-10-07 13:41:46.967249+02,2026-10-07 13:41:46.967249+02
20250612,8741,690092.866,2026-10-07 13:41:46.967249+02,2026-10-07 13:41:46.967249+02
20250612,8742,24234.612,2026-10-07 13:41:46.967249+02,2026-10-07 13:41:46.967249+02
20250612,8743,20577.458,2026-10-07 13:41:46.967249+02,2026-10-07 13:41:46.967249+02
20250612,8744,549.968,2026-10-07 13:41:46.967249+02,2026-10-07 13:41:46.967249+02
20250612,8745,563.046,2026-10-07 13:41:46.967249+02,2026-10-07 13:41:46.967249+02
20250613,8741,695766.598,2026-10-07 13:41:46.967249+02,2026-10-07 13:41:46.967249+02
20250613,8742,24211.074,2026-10-07 13:41:46.967249+02,2026-10-07 13:41:46.967249+02
20250613,8743,20995.407,2026-10-07 13:41:46.967249+02,2026-10-07 13:41:46.967249+02
20250613,8744,519.006,2026-10-07 13:41:46.967249+02,2026-10-07 13:41:46.967249+02
20250613,8745,564.445,2026-10-07 13:41:46.967249+02,2026-10-07 13:41:46.967249+02
20250614,8741,618817.975,2026-10-07 13:41:46.967249+02,2026-10-07 13:41:46.967249+02
20250614,8742,22927.108,2026-10-07 13:41:46.967249+02,2026-10-07 13:41:46.967249+02
20250614,8743,20512.026,2026-10-07 13:41:46.967249+02,2026-10-07 13:41:46.967249+02
20250614,8744,526.507,2026-10-07 13:41:46.967249+02,2026-10-07 13:41:46.967249+02
20250614,8745,610.393,2026-10-07 13:41:46.967249+02,2026-10-07 13:41:46.967249+02
20250615,8741,584656.046,2026-10-07 13:41:46.967249+02,2026-10-07 13:41:46.967249+02
20250615,8742,21855.910,2026-10-07 13:41:46.967249+02,2026-10-07 13:41:46.967249+02
20250615,8743,20251.530,2026-10-07 13:41:46.967249+02,2026-10-07 13:41:46.967249+02
20250615,8744,520.446,2026-10-07 13:41:46.967249+02,2026-10-07 13:41:46.967249+02
20250615,8745,607.460,2026-10-07 13:41:46.967249+02,2026-10-07 13:41:46.967249+02
20250616,8741,708974.000,2026-10-07 13:41:46.967249+02,2026-10-07 13:41:46.967249+02
20250616,8742,24238.490,2026-10-07 13:41:46.967249+02,2026-10-07 13:41:46.967249+02
20250616,8743,22091.049,2026-10-07 13:41:46.967249+02,2026-10-07 13:41:46.967249+02
20250616,8744,583.278,2026-10-07 13:41:46.967249+02,2026-10-07 13:41:46.967249+02
20250616,8745,709.315,2026-10-07 13:41:46.967249+02,2026-10-07 13:41:46.967249+02
20250617,8741,743007.240,2026-10-07 13:41:46.967249+02,2026-10-07 13:41:46.967249+02
20250617,8742,24314.848,2026-10-07 13:41:46.967249+02,2026-10-07 13:41:46.967249+02
20250617,8743,21691.967,2026-10-07 13:41:46.967249+02,2026-10-07 13:41:46.967249+02
20250617,8744,612.476,2026-10-07 13:41:46.967249+02,2026-10-07 13:41:46.967249+02
20250617,8745,721.750,2026-10-07 13:41:46.967249+02,2026-10-07 13:41:46.967249+02
20250618,8741,752464.090,2026-10-07 13:41:46.967249+02,2026-10-07 13:41:46.967249+02
20250618,8742,24259.824,2026-10-07 13:41:46.967249+02,2026-10-07 13:41:46.967249+02
20250618,8743,21642.084,2026-10-07 13:41:46.967249+02,2026-10-07 13:41:46.967249+02
20250618,8744,616.957,2026-10-07 13:41:46.967249+02,2026-10-07 13:41:46.967249+02
20250618,8745,739.019,2026-10-07 13:41:46.967249+02,2026-10-07 13:41:46.967249+02
20250619,8741,754018.914,2026-10-07 13:41:46.967249+02,2026-10-07 13:41:46.967249+02
20250619,8742,24136.277,2026-10-07 13:41:46.967249+02,2026-10-07 13:41:46.967249+02
20250619,8743,21885.459,2026-10-07 13:41:46.967249+02,2026-10-07 13:41:46.967249+02
20250619,8744,608.385,2026-10-07 13:41:46.967249+02,2026-10-07 13:41:46.967249+02
20250619,8745,756.008,2026-10-07 13:41:46.967249+02,2026-10-07 13:41:46.967249+02
20250620,8741,753034.863,2026-10-07 13:41:46.967249+02,2026-10-07 13:41:46.967249+02
20250620,8742,24048.295,2026-10-07 13:41:46.967249+02,2026-10-07 13:41:46.967249+02
20250620,8743,22025.132,2026-10-07 13:41:46.967249+02,2026-10-07 13:41:46.967249+02
20250620,8744,602.168,2026-10-07 13:41:46.967249+02,2026-10-07 13:41:46.967249+02
20250620,8745,756.554,2026-10-07 13:41:46.967249+02,2026-10-07 13:41:46.967249+02
20250621,8741,672449.189,2026-10-07 13:41:46.967249+02,2026-10-07 13:41:46.967249+02
20250621,8742,22901.558,2026-10-07 13:41:46.967249+02,2026-10-07 13:41:46.967249+02
20250621,8743,21391.431,2026-10-07 13:41:46.967249+02,2026-10-07 13:41:46.967249+02
20250621,8744,585.011,2026-10-07 13:41:46.967249+02,2026-10-07 13:41:46.967249+02
20250621,8745,710.719,2026-10-07 13:41:46.967249+02,2026-10-07 13:41:46.967249+02
20250622,8741,625935.211,2026-10-07 13:41:46.967249+02,2026-10-07 13:41:46.967249+02
20250622,8742,21647.703,2026-10-07 13:41:46.967249+02,2026-10-07 13:41:46.967249+02
20250622,8743,20686.096,2026-10-07 13:41:46.967249+02,2026-10-07 13:41:46.967249+02
20250622,8744,558.365,2026-10-07 13:41:46.967249+02,2026-10-07 13:41:46.967249+02
20250622,8745,680.661,2026-10-07 13:41:46.967249+02,2026-10-07 13:41:46.967249+02
20250623,8741,722059.101,2026-10-07 13:41:46.967249+02,2026-10-07 13:41:46.967249+02
20250623,8742,23802.845,2026-10-07 13:41:46.967249+02,2026-10-07 13:41:46.967249+02
20250623,8743,22905.216,2026-10-07 13:41:46.967249+02,2026-10-07 13:41:46.967249+02
20250623,8744,616.722,2026-10-07 13:41:46.967249+02,2026-10-07 13:41:46.967249+02
20250623,8745,763.274,2026-10-07 13:41:46.967249+02,2026-10-07 13:41:46.967249+02
20250624,8741,709774.200,2026-10-07 13:41:46.967249+02,2026-10-07 13:41:46.967249+02
20250624,8742,23258.517,2026-10-07 13:41:46.967249+02,2026-10-07 13:41:46.967249+02
20250624,8743,23296.950,2026-10-07 13:41:46.967249+02,2026-10-07 13:41:46.967249+02
20250624,8744,589.761,2026-10-07 13:41:46.967249+02,2026-10-07 13:41:46.967249+02
20250624,8745,761.142,2026-10-07 13:41:46.967249+02,2026-10-07 13:41:46.967249+02
20250625,8741,730678.604,2026-10-07 13:41:46.967249+02,2026-10-07 13:41:46.967249+02
20250625,8742,24281.743,2026-10-07 13:41:46.967249+02,2026-10-07 13:41:46.967249+02
20250625,8743,24225.491,2026-10-07 13:41:46.967249+02,2026-10-07 13:41:46.967249+02
20250625,8744,575.204,2026-10-07 13:41:46.967249+02,2026-10-07 13:41:46.967249+02
20250625,8745,719.458,2026-10-07 13:41:46.967249+02,2026-10-07 13:41:46.967249+02
20250626,8741,739895.834,2026-10-07 13:41:46.967249+02,2026-10-07 13:41:46.967249+02
20250626,8742,24293.456,2026-10-07 13:41:46.967249+02,2026-10-07 13:41:46.967249+02
20250626,8743,24933.417,2026-10-07 13:41:46.967249+02,2026-10-07 13:41:46.967249+02
20250626,8744,590.797,2026-10-07 13:41:46.967249+02,2026-10-07 13:41:46.967249+02
20250626,8745,739.870,2026-10-07 13:41:46.967249+02,2026-10-07 13:41:46.967249+02
20250627,8741,756471.204,2026-10-07 13:41:46.967249+02,2026-10-07 13:41:46.967249+02
20250627,8742,24633.863,2026-10-07 13:41:46.967249+02,2026-10-07 13:41:46.967249+02
20250627,8743,24226.770,2026-10-07 13:41:46.967249+02,2026-10-07 13:41:46.967249+02
20250627,8744,594.538,2026-10-07 13:41:46.967249+02,2026-10-07 13:41:46.967249+02
20250627,8745,752.969,2026-10-07 13:41:46.967249+02,2026-10-07 13:41:46.967249+02
20250628,8741,688432.687,2026-10-07 13:41:46.967249+02,2026-10-07 13:41:46.967249+02
20250628,8742,23793.154,2026-10-07 13:41:46.967249+02,2026-10-07 13:41:46.967249+02
20250628,8743,23422.680,2026-10-07 13:41:46.967249+02,2026-10-07 13:41:46.967249+02
20250628,8744,567.193,2026-10-07 13:41:46.967249+02,2026-10-07 13:41:46.967249+02
20250628,8745,713.253,2026-10-07 13:41:46.967249+02,2026-10-07 13:41:46.967249+02
20250629,8741,660951.310,2026-10-07 13:41:46.967249+02,2026-10-07 13:41:46.967249+02
20250629,8742,22617.428,2026-10-07 13:41:46.967249+02,2026-10-07 13:41:46.967249+02
20250629,8743,22613.660,2026-10-07 13:41:46.967249+02,2026-10-07 13:41:46.967249+02
20250629,8744,569.269,2026-10-07 13:41:46.967249+02,2026-10-07 13:41:46.967249+02
20250629,8745,700.614,2026-10-07 13:41:46.967249+02,2026-10-07 13:41:46.967249+02
20250630,8741,786324.840,2026-10-07 13:41:46.967249+02,2026-10-07 13:41:46.967249+02
20250630,8742,25008.153,2026-10-07 13:41:46.967249+02,2026-10-07 13:41:46.967249+02
20250630,8743,24903.222,2026-10-07 13:41:46.967249+02,2026-10-07 13:41:46.967249+02
20250630,8744,640.424,2026-10-07 13:41:46.967249+02,2026-10-07 13:41:46.967249+02
20250630,8745,786.307,2026-10-07 13:41:46.967249+02,2026-10-07 13:41:46.967249+02
20250701,8741,805071.069,2026-10-07 13:41:46.967249+02,2026-10-07 13:41:46.967249+02
20250701,8742,25014.812,2026-10-07 13:41:46.967249+02,2026-10-07 13:41:46.967249+02
20250701,8743,25537.669,2026-10-07 13:41:46.967249+02,2026-10-07 13:41:46.967249+02
20250701,8744,645.817,2026-10-07 13:41:46.967249+02,2026-10-07 13:41:46.967249+02
20250701,8745,789.683,2026-10-07 13:41:46.967249+02,2026-10-07 13:41:46.967249+02
20250702,8741,808972.494,2026-10-07 13:41:46.967249+02,2026-10-07 13:41:46.967249+02
20250702,8742,25195.234,2026-10-07 13:41:46.967249+02,2026-10-07 13:41:46.967249+02
20250702,8743,25538.467,2026-10-07 13:41:46.967249+02,2026-10-07 13:41:46.967249+02
20250702,8744,661.521,2026-10-07 13:41:46.967249+02,2026-10-07 13:41:46.967249+02
20250702,8745,811.245,2026-10-07 13:41:46.967249+02,2026-10-07 13:41:46.967249+02
20250703,8741,804063.787,2026-10-07 13:41:46.967249+02,2026-10-07 13:41:46.967249+02
20250703,8742,25233.167,2026-10-07 13:41:46.967249+02,2026-10-07 13:41:46.967249+02
20250703,8743,26032.536,2026-10-07 13:41:46.967249+02,2026-10-07 13:41:46.967249+02
20250703,8744,669.951,2026-10-07 13:41:46.967249+02,2026-10-07 13:41:46.967249+02
20250703,8745,810.719,2026-10-07 13:41:46.967249+02,2026-10-07 13:41:46.967249+02
20250704,8741,788924.748,2026-10-07 13:41:46.967249+02,2026-10-07 13:41:46.967249+02
20250704,8742,25322.658,2026-10-07 13:41:46.967249+02,2026-10-07 13:41:46.967249+02
20250704,8743,25966.525,2026-10-07 13:41:46.967249+02,2026-10-07 13:41:46.967249+02
20250704,8744,663.702,2026-10-07 13:41:46.967249+02,2026-10-07 13:41:46.967249+02
20250704,8745,801.258,2026-10-07 13:41:46.967249+02,2026-10-07 13:41:46.967249+02
20250705,8741,695430.574,2026-10-07 13:41:46.967249+02,2026-10-07 13:41:46.967249+02
20250705,8742,23857.639,2026-10-07 13:41:46.967249+02,2026-10-07 13:41:46.967249+02
20250705,8743,25238.008,2026-10-07 13:41:46.967249+02,2026-10-07 13:41:46.967249+02
20250705,8744,618.140,2026-10-07 13:41:46.967249+02,2026-10-07 13:41:46.967249+02
20250705,8745,736.494,2026-10-07 13:41:46.967249+02,2026-10-07 13:41:46.967249+02
20250706,8741,640923.924,2026-10-07 13:41:46.967249+02,2026-10-07 13:41:46.967249+02
20250706,8742,22671.758,2026-10-07 13:41:46.967249+02,2026-10-07 13:41:46.967249+02
20250706,8743,24077.138,2026-10-07 13:41:46.967249+02,2026-10-07 13:41:46.967249+02
20250706,8744,575.208,2026-10-07 13:41:46.967249+02,2026-10-07 13:41:46.967249+02
20250706,8745,746.109,2026-10-07 13:41:46.967249+02,2026-10-07 13:41:46.967249+02
20250707,8741,750389.702,2026-10-07 13:41:46.967249+02,2026-10-07 13:41:46.967249+02
20250707,8742,24924.973,2026-10-07 13:41:46.967249+02,2026-10-07 13:41:46.967249+02
20250707,8743,26498.590,2026-10-07 13:41:46.967249+02,2026-10-07 13:41:46.967249+02
20250707,8744,649.748,2026-10-07 13:41:46.967249+02,2026-10-07 13:41:46.967249+02
20250707,8745,819.912,2026-10-07 13:41:46.967249+02,2026-10-07 13:41:46.967249+02
20250708,8741,744098.047,2026-10-07 13:41:46.967249+02,2026-10-07 13:41:46.967249+02
20250708,8742,25383.730,2026-10-07 13:41:46.967249+02,2026-10-07 13:41:46.967249+02
20250708,8743,23534.413,2026-10-07 13:41:46.967249+02,2026-10-07 13:41:46.967249+02
20250708,8744,653.822,2026-10-07 13:41:46.967249+02,2026-10-07 13:41:46.967249+02
20250708,8745,848.355,2026-10-07 13:41:46.967249+02,2026-10-07 13:41:46.967249+02
20250709,8741,760165.964,2026-10-07 13:41:46.967249+02,2026-10-07 13:41:46.967249+02
20250709,8742,25505.794,2026-10-07 13:41:46.967249+02,2026-10-07 13:41:46.967249+02
20250709,8743,22289.699,2026-10-07 13:41:46.967249+02,2026-10-07 13:41:46.967249+02
20250709,8744,678.140,2026-10-07 13:41:46.967249+02,2026-10-07 13:41:46.967249+02
20250709,8745,861.086,2026-10-07 13:41:46.967249+02,2026-10-07 13:41:46.967249+02
20250710,8741,755488.236,2026-10-07 13:41:46.967249+02,2026-10-07 13:41:46.967249+02
20250710,8742,25376.510,2026-10-07 13:41:46.967249+02,2026-10-07 13:41:46.967249+02
20250710,8743,22647.757,2026-10-07 13:41:46.967249+02,2026-10-07 13:41:46.967249+02
20250710,8744,636.175,2026-10-07 13:41:46.967249+02,2026-10-07 13:41:46.967249+02
20250710,8745,858.097,2026-10-07 13:41:46.967249+02,2026-10-07 13:41:46.967249+02
20250711,8741,738416.672,2026-10-07 13:41:46.967249+02,2026-10-07 13:41:46.967249+02
20250711,8742,25151.976,2026-10-07 13:41:46.967249+02,2026-10-07 13:41:46.967249+02
20250711,8743,23599.126,2026-10-07 13:41:46.967249+02,2026-10-07 13:41:46.967249+02
20250711,8744,572.028,2026-10-07 13:41:46.967249+02,2026-10-07 13:41:46.967249+02
20250711,8745,773.985,2026-10-07 13:41:46.967249+02,2026-10-07 13:41:46.967249+02
20250712,8741,624371.842,2026-10-07 13:41:46.967249+02,2026-10-07 13:41:46.967249+02
20250712,8742,23815.629,2026-10-07 13:41:46.967249+02,2026-10-07 13:41:46.967249+02
20250712,8743,22589.292,2026-10-07 13:41:46.967249+02,2026-10-07 13:41:46.967249+02
20250712,8744,547.227,2026-10-07 13:41:46.967249+02,2026-10-07 13:41:46.967249+02
20250712,8745,652.548,2026-10-07 13:41:46.967249+02,2026-10-07 13:41:46.967249+02
20250713,8741,570206.524,2026-10-07 13:41:46.967249+02,2026-10-07 13:41:46.967249+02
20250713,8742,22542.967,2026-10-07 13:41:46.967249+02,2026-10-07 13:41:46.967249+02
20250713,8743,21637.208,2026-10-07 13:41:46.967249+02,2026-10-07 13:41:46.967249+02
20250713,8744,537.374,2026-10-07 13:41:46.967249+02,2026-10-07 13:41:46.967249+02
20250713,8745,606.476,2026-10-07 13:41:46.967249+02,2026-10-07 13:41:46.967249+02
20250714,8741,712112.809,2026-10-07 13:41:46.967249+02,2026-10-07 13:41:46.967249+02
20250714,8742,24952.337,2026-10-07 13:41:46.967249+02,2026-10-07 13:41:46.967249+02
20250714,8743,24381.011,2026-10-07 13:41:46.967249+02,2026-10-07 13:41:46.967249+02
20250714,8744,603.513,2026-10-07 13:41:46.967249+02,2026-10-07 13:41:46.967249+02
20250714,8745,736.922,2026-10-07 13:41:46.967249+02,2026-10-07 13:41:46.967249+02
20250715,8741,746343.144,2026-10-07 13:41:46.967249+02,2026-10-07 13:41:46.967249+02
20250715,8742,25595.200,2026-10-07 13:41:46.967249+02,2026-10-07 13:41:46.967249+02
20250715,8743,24459.946,2026-10-07 13:41:46.967249+02,2026-10-07 13:41:46.967249+02
20250715,8744,624.203,2026-10-07 13:41:46.967249+02,2026-10-07 13:41:46.967249+02
20250715,8745,786.743,2026-10-07 13:41:46.967249+02,2026-10-07 13:41:46.967249+02
20250716,8741,763937.940,2026-10-07 13:41:46.967249+02,2026-10-07 13:41:46.967249+02
20250716,8742,26721.188,2026-10-07 13:41:46.967249+02,2026-10-07 13:41:46.967249+02
20250716,8743,24701.795,2026-10-07 13:41:46.967249+02,2026-10-07 13:41:46.967249+02
20250716,8744,642.330,2026-10-07 13:41:46.967249+02,2026-10-07 13:41:46.967249+02
20250716,8745,802.921,2026-10-07 13:41:46.967249+02,2026-10-07 13:41:46.967249+02
20250717,8741,785074.326,2026-10-07 13:41:46.967249+02,2026-10-07 13:41:46.967249+02
20250717,8742,27845.990,2026-10-07 13:41:46.967249+02,2026-10-07 13:41:46.967249+02
20250717,8743,25176.555,2026-10-07 13:41:46.967249+02,2026-10-07 13:41:46.967249+02
20250717,8744,646.421,2026-10-07 13:41:46.967249+02,2026-10-07 13:41:46.967249+02
20250717,8745,774.945,2026-10-07 13:41:46.967249+02,2026-10-07 13:41:46.967249+02
20250718,8741,766591.569,2026-10-07 13:41:46.967249+02,2026-10-07 13:41:46.967249+02
20250718,8742,27681.516,2026-10-07 13:41:46.967249+02,2026-10-07 13:41:46.967249+02
20250718,8743,25702.009,2026-10-07 13:41:46.967249+02,2026-10-07 13:41:46.967249+02
20250718,8744,625.856,2026-10-07 13:41:46.967249+02,2026-10-07 13:41:46.967249+02
20250718,8745,787.658,2026-10-07 13:41:46.967249+02,2026-10-07 13:41:46.967249+02
20250719,8741,659885.515,2026-10-07 13:41:46.967249+02,2026-10-07 13:41:46.967249+02
20250719,8742,25058.709,2026-10-07 13:41:46.967249+02,2026-10-07 13:41:46.967249+02
20250719,8743,25449.190,2026-10-07 13:41:46.967249+02,2026-10-07 13:41:46.967249+02
20250719,8744,607.306,2026-10-07 13:41:46.967249+02,2026-10-07 13:41:46.967249+02
20250719,8745,702.805,2026-10-07 13:41:46.967249+02,2026-10-07 13:41:46.967249+02
20250720,8741,610609.961,2026-10-07 13:41:46.967249+02,2026-10-07 13:41:46.967249+02
20250720,8742,23342.223,2026-10-07 13:41:46.967249+02,2026-10-07 13:41:46.967249+02
20250720,8743,24187.550,2026-10-07 13:41:46.967249+02,2026-10-07 13:41:46.967249+02
20250720,8744,573.834,2026-10-07 13:41:46.967249+02,2026-10-07 13:41:46.967249+02
20250720,8745,682.475,2026-10-07 13:41:46.967249+02,2026-10-07 13:41:46.967249+02
20250721,8741,705079.704,2026-10-07 13:41:46.967249+02,2026-10-07 13:41:46.967249+02
20250721,8742,25867.086,2026-10-07 13:41:46.967249+02,2026-10-07 13:41:46.967249+02
20250721,8743,26157.991,2026-10-07 13:41:46.967249+02,2026-10-07 13:41:46.967249+02
20250721,8744,606.670,2026-10-07 13:41:46.967249+02,2026-10-07 13:41:46.967249+02
20250721,8745,746.733,2026-10-07 13:41:46.967249+02,2026-10-07 13:41:46.967249+02
20250722,8741,723081.212,2026-10-07 13:41:46.967249+02,2026-10-07 13:41:46.967249+02
20250722,8742,25993.646,2026-10-07 13:41:46.967249+02,2026-10-07 13:41:46.967249+02
20250722,8743,24919.666,2026-10-07 13:41:46.967249+02,2026-10-07 13:41:46.967249+02
20250722,8744,598.956,2026-10-07 13:41:46.967249+02,2026-10-07 13:41:46.967249+02
20250722,8745,772.465,2026-10-07 13:41:46.967249+02,2026-10-07 13:41:46.967249+02
20250723,8741,737505.449,2026-10-07 13:41:46.967249+02,2026-10-07 13:41:46.967249+02
20250723,8742,26216.858,2026-10-07 13:41:46.967249+02,2026-10-07 13:41:46.967249+02
20250723,8743,24881.899,2026-10-07 13:41:46.967249+02,2026-10-07 13:41:46.967249+02
20250723,8744,610.815,2026-10-07 13:41:46.967249+02,2026-10-07 13:41:46.967249+02
20250723,8745,773.691,2026-10-07 13:41:46.967249+02,2026-10-07 13:41:46.967249+02
20250724,8741,699754.867,2026-10-07 13:41:46.967249+02,2026-10-07 13:41:46.967249+02
20250724,8742,26142.785,2026-10-07 13:41:46.967249+02,2026-10-07 13:41:46.967249+02
20250724,8743,23318.674,2026-10-07 13:41:46.967249+02,2026-10-07 13:41:46.967249+02
20250724,8744,607.518,2026-10-07 13:41:46.967249+02,2026-10-07 13:41:46.967249+02
20250724,8745,758.063,2026-10-07 13:41:46.967249+02,2026-10-07 13:41:46.967249+02
20250725,8741,645028.370,2026-10-07 13:41:46.967249+02,2026-10-07 13:41:46.967249+02
20250725,8742,25974.625,2026-10-07 13:41:46.967249+02,2026-10-07 13:41:46.967249+02
20250725,8743,20392.739,2026-10-07 13:41:46.967249+02,2026-10-07 13:41:46.967249+02
20250725,8744,623.045,2026-10-07 13:41:46.967249+02,2026-10-07 13:41:46.967249+02
20250725,8745,739.374,2026-10-07 13:41:46.967249+02,2026-10-07 13:41:46.967249+02
20250726,8741,600090.059,2026-10-07 13:41:46.967249+02,2026-10-07 13:41:46.967249+02
20250726,8742,24574.799,2026-10-07 13:41:46.967249+02,2026-10-07 13:41:46.967249+02
20250726,8743,19976.371,2026-10-07 13:41:46.967249+02,2026-10-07 13:41:46.967249+02
20250726,8744,631.183,2026-10-07 13:41:46.967249+02,2026-10-07 13:41:46.967249+02
20250726,8745,689.630,2026-10-07 13:41:46.967249+02,2026-10-07 13:41:46.967249+02
20250727,8741,578196.120,2026-10-07 13:41:46.967249+02,2026-10-07 13:41:46.967249+02
20250727,8742,23564.305,2026-10-07 13:41:46.967249+02,2026-10-07 13:41:46.967249+02
20250727,8743,19863.154,2026-10-07 13:41:46.967249+02,2026-10-07 13:41:46.967249+02
20250727,8744,575.503,2026-10-07 13:41:46.967249+02,2026-10-07 13:41:46.967249+02
20250727,8745,645.705,2026-10-07 13:41:46.967249+02,2026-10-07 13:41:46.967249+02
20250728,8741,686662.312,2026-10-07 13:41:46.967249+02,2026-10-07 13:41:46.967249+02
20250728,8742,26669.675,2026-10-07 13:41:46.967249+02,2026-10-07 13:41:46.967249+02
20250728,8743,21881.518,2026-10-07 13:41:46.967249+02,2026-10-07 13:41:46.967249+02
20250728,8744,648.113,2026-10-07 13:41:46.967249+02,2026-10-07 13:41:46.967249+02
20250728,8745,773.309,2026-10-07 13:41:46.967249+02,2026-10-07 13:41:46.967249+02
20250729,8741,682286.727,2026-10-07 13:41:46.967249+02,2026-10-07 13:41:46.967249+02
20250729,8742,26803.372,2026-10-07 13:41:46.967249+02,2026-10-07 13:41:46.967249+02
20250729,8743,20931.796,2026-10-07 13:41:46.967249+02,2026-10-07 13:41:46.967249+02
20250729,8744,662.704,2026-10-07 13:41:46.967249+02,2026-10-07 13:41:46.967249+02
20250729,8745,788.082,2026-10-07 13:41:46.967249+02,2026-10-07 13:41:46.967249+02
20250730,8741,690048.987,2026-10-07 13:41:46.967249+02,2026-10-07 13:41:46.967249+02
20250730,8742,26700.864,2026-10-07 13:41:46.967249+02,2026-10-07 13:41:46.967249+02
20250730,8743,20625.856,2026-10-07 13:41:46.967249+02,2026-10-07 13:41:46.967249+02
20250730,8744,644.550,2026-10-07 13:41:46.967249+02,2026-10-07 13:41:46.967249+02
20250730,8745,766.498,2026-10-07 13:41:46.967249+02,2026-10-07 13:41:46.967249+02
20250731,8741,689716.928,2026-10-07 13:41:46.967249+02,2026-10-07 13:41:46.967249+02
20250731,8742,26736.113,2026-10-07 13:41:46.967249+02,2026-10-07 13:41:46.967249+02
20250731,8743,20995.748,2026-10-07 13:41:46.967249+02,2026-10-07 13:41:46.967249+02
20250731,8744,663.502,2026-10-07 13:41:46.967249+02,2026-10-07 13:41:46.967249+02
20250731,8745,751.465,2026-10-07 13:41:46.967249+02,2026-10-07 13:41:46.967249+02
20250801,8741,689626.289,2026-10-07 13:41:46.967249+02,2026-10-07 13:41:46.967249+02
20250801,8742,26712.309,2026-10-07 13:41:46.967249+02,2026-10-07 13:41:46.967249+02
20250801,8743,21443.386,2026-10-07 13:41:46.967249+02,2026-10-07 13:41:46.967249+02
20250801,8744,651.628,2026-10-07 13:41:46.967249+02,2026-10-07 13:41:46.967249+02
20250801,8745,735.262,2026-10-07 13:41:46.967249+02,2026-10-07 13:41:46.967249+02
20250802,8741,623185.870,2026-10-07 13:41:46.967249+02,2026-10-07 13:41:46.967249+02
20250802,8742,25307.015,2026-10-07 13:41:46.967249+02,2026-10-07 13:41:46.967249+02
20250802,8743,21293.451,2026-10-07 13:41:46.967249+02,2026-10-07 13:41:46.967249+02
20250802,8744,631.997,2026-10-07 13:41:46.967249+02,2026-10-07 13:41:46.967249+02
20250802,8745,686.870,2026-10-07 13:41:46.967249+02,2026-10-07 13:41:46.967249+02
20250803,8741,587960.565,2026-10-07 13:41:46.967249+02,2026-10-07 13:41:46.967249+02
20250803,8742,23672.287,2026-10-07 13:41:46.967249+02,2026-10-07 13:41:46.967249+02
20250803,8743,20432.203,2026-10-07 13:41:46.967249+02,2026-10-07 13:41:46.967249+02
20250803,8744,609.880,2026-10-07 13:41:46.967249+02,2026-10-07 13:41:46.967249+02
20250803,8745,647.403,2026-10-07 13:41:46.967249+02,2026-10-07 13:41:46.967249+02
20250804,8741,688303.007,2026-10-07 13:41:46.967249+02,2026-10-07 13:41:46.967249+02
20250804,8742,25772.274,2026-10-07 13:41:46.967249+02,2026-10-07 13:41:46.967249+02
20250804,8743,21624.803,2026-10-07 13:41:46.967249+02,2026-10-07 13:41:46.967249+02
20250804,8744,666.223,2026-10-07 13:41:46.967249+02,2026-10-07 13:41:46.967249+02
20250804,8745,711.610,2026-10-07 13:41:46.967249+02,2026-10-07 13:41:46.967249+02
20250805,8741,687226.918,2026-10-07 13:41:46.967249+02,2026-10-07 13:41:46.967249+02
20250805,8742,26125.830,2026-10-07 13:41:46.967249+02,2026-10-07 13:41:46.967249+02
20250805,8743,22064.256,2026-10-07 13:41:46.967249+02,2026-10-07 13:41:46.967249+02
20250805,8744,614.485,2026-10-07 13:41:46.967249+02,2026-10-07 13:41:46.967249+02
20250805,8745,723.836,2026-10-07 13:41:46.967249+02,2026-10-07 13:41:46.967249+02
20250806,8741,688639.225,2026-10-07 13:41:46.967249+02,2026-10-07 13:41:46.967249+02
20250806,8742,26753.883,2026-10-07 13:41:46.967249+02,2026-10-07 13:41:46.967249+02
20250806,8743,22703.807,2026-10-07 13:41:46.967249+02,2026-10-07 13:41:46.967249+02
20250806,8744,656.874,2026-10-07 13:41:46.967249+02,2026-10-07 13:41:46.967249+02
20250806,8745,744.975,2026-10-07 13:41:46.967249+02,2026-10-07 13:41:46.967249+02
20250807,8741,705466.666,2026-10-07 13:41:46.967249+02,2026-10-07 13:41:46.967249+02
20250807,8742,27244.047,2026-10-07 13:41:46.967249+02,2026-10-07 13:41:46.967249+02
20250807,8743,23377.437,2026-10-07 13:41:46.967249+02,2026-10-07 13:41:46.967249+02
20250807,8744,651.659,2026-10-07 13:41:46.967249+02,2026-10-07 13:41:46.967249+02
20250807,8745,756.047,2026-10-07 13:41:46.967249+02,2026-10-07 13:41:46.967249+02
20250808,8741,703350.141,2026-10-07 13:41:46.967249+02,2026-10-07 13:41:46.967249+02
20250808,8742,27376.756,2026-10-07 13:41:46.967249+02,2026-10-07 13:41:46.967249+02
20250808,8743,23662.286,2026-10-07 13:41:46.967249+02,2026-10-07 13:41:46.967249+02
20250808,8744,639.917,2026-10-07 13:41:46.967249+02,2026-10-07 13:41:46.967249+02
20250808,8745,765.616,2026-10-07 13:41:46.967249+02,2026-10-07 13:41:46.967249+02
20250809,8741,645347.198,2026-10-07 13:41:46.967249+02,2026-10-07 13:41:46.967249+02
20250809,8742,26386.676,2026-10-07 13:41:46.967249+02,2026-10-07 13:41:46.967249+02
20250809,8743,23050.932,2026-10-07 13:41:46.967249+02,2026-10-07 13:41:46.967249+02
20250809,8744,618.819,2026-10-07 13:41:46.967249+02,2026-10-07 13:41:46.967249+02
20250809,8745,721.998,2026-10-07 13:41:46.967249+02,2026-10-07 13:41:46.967249+02
20250810,8741,616098.907,2026-10-07 13:41:46.967249+02,2026-10-07 13:41:46.967249+02
20250810,8742,25763.305,2026-10-07 13:41:46.967249+02,2026-10-07 13:41:46.967249+02
20250810,8743,22190.912,2026-10-07 13:41:46.967249+02,2026-10-07 13:41:46.967249+02
20250810,8744,591.369,2026-10-07 13:41:46.967249+02,2026-10-07 13:41:46.967249+02
20250810,8745,682.527,2026-10-07 13:41:46.967249+02,2026-10-07 13:41:46.967249+02
20250811,8741,715164.778,2026-10-07 13:41:46.967249+02,2026-10-07 13:41:46.967249+02
20250811,8742,28884.510,2026-10-07 13:41:46.967249+02,2026-10-07 13:41:46.967249+02
20250811,8743,24693.836,2026-10-07 13:41:46.967249+02,2026-10-07 13:41:46.967249+02
20250811,8744,648.436,2026-10-07 13:41:46.967249+02,2026-10-07 13:41:46.967249+02
20250811,8745,762.815,2026-10-07 13:41:46.967249+02,2026-10-07 13:41:46.967249+02
20250812,8741,733663.562,2026-10-07 13:41:46.967249+02,2026-10-07 13:41:46.967249+02
20250812,8742,28800.009,2026-10-07 13:41:46.967249+02,2026-10-07 13:41:46.967249+02
20250812,8743,25463.893,2026-10-07 13:41:46.967249+02,2026-10-07 13:41:46.967249+02
20250812,8744,651.214,2026-10-07 13:41:46.967249+02,2026-10-07 13:41:46.967249+02
20250812,8745,775.494,2026-10-07 13:41:46.967249+02,2026-10-07 13:41:46.967249+02
20250813,8741,728864.678,2026-10-07 13:41:46.967249+02,2026-10-07 13:41:46.967249+02
20250813,8742,28338.036,2026-10-07 13:41:46.967249+02,2026-10-07 13:41:46.967249+02
20250813,8743,25687.527,2026-10-07 13:41:46.967249+02,2026-10-07 13:41:46.967249+02
20250813,8744,663.113,2026-10-07 13:41:46.967249+02,2026-10-07 13:41:46.967249+02
20250813,8745,746.993,2026-10-07 13:41:46.967249+02,2026-10-07 13:41:46.967249+02
20250814,8741,713935.281,2026-10-07 13:41:46.967249+02,2026-10-07 13:41:46.967249+02
20250814,8742,27638.470,2026-10-07 13:41:46.967249+02,2026-10-07 13:41:46.967249+02
20250814,8743,25785.900,2026-10-07 13:41:46.967249+02,2026-10-07 13:41:46.967249+02
20250814,8744,652.759,2026-10-07 13:41:46.967249+02,2026-10-07 13:41:46.967249+02
20250814,8745,783.264,2026-10-07 13:41:46.967249+02,2026-10-07 13:41:46.967249+02
20250815,8741,646313.182,2026-10-07 13:41:46.967249+02,2026-10-07 13:41:46.967249+02
20250815,8742,25136.998,2026-10-07 13:41:46.967249+02,2026-10-07 13:41:46.967249+02
20250815,8743,24933.874,2026-10-07 13:41:46.967249+02,2026-10-07 13:41:46.967249+02
20250815,8744,610.016,2026-10-07 13:41:46.967249+02,2026-10-07 13:41:46.967249+02
20250815,8745,698.311,2026-10-07 13:41:46.967249+02,2026-10-07 13:41:46.967249+02
20250816,8741,659547.145,2026-10-07 13:41:46.967249+02,2026-10-07 13:41:46.967249+02
20250816,8742,25925.644,2026-10-07 13:41:46.967249+02,2026-10-07 13:41:46.967249+02
20250816,8743,25641.156,2026-10-07 13:41:46.967249+02,2026-10-07 13:41:46.967249+02
20250816,8744,601.957,2026-10-07 13:41:46.967249+02,2026-10-07 13:41:46.967249+02
20250816,8745,726.743,2026-10-07 13:41:46.967249+02,2026-10-07 13:41:46.967249+02
20250817,8741,647188.633,2026-10-07 13:41:46.967249+02,2026-10-07 13:41:46.967249+02
20250817,8742,24971.238,2026-10-07 13:41:46.967249+02,2026-10-07 13:41:46.967249+02
20250817,8743,25345.187,2026-10-07 13:41:46.967249+02,2026-10-07 13:41:46.967249+02
20250817,8744,578.962,2026-10-07 13:41:46.967249+02,2026-10-07 13:41:46.967249+02
20250817,8745,701.916,2026-10-07 13:41:46.967249+02,2026-10-07 13:41:46.967249+02
20250818,8741,735148.141,2026-10-07 13:41:46.967249+02,2026-10-07 13:41:46.967249+02
20250818,8742,27693.250,2026-10-07 13:41:46.967249+02,2026-10-07 13:41:46.967249+02
20250818,8743,26592.031,2026-10-07 13:41:46.967249+02,2026-10-07 13:41:46.967249+02
20250818,8744,650.361,2026-10-07 13:41:46.967249+02,2026-10-07 13:41:46.967249+02
20250818,8745,837.913,2026-10-07 13:41:46.967249+02,2026-10-07 13:41:46.967249+02
20250819,8741,709625.677,2026-10-07 13:41:46.967249+02,2026-10-07 13:41:46.967249+02
20250819,8742,27462.706,2026-10-07 13:41:46.967249+02,2026-10-07 13:41:46.967249+02
20250819,8743,26497.423,2026-10-07 13:41:46.967249+02,2026-10-07 13:41:46.967249+02
20250819,8744,639.827,2026-10-07 13:41:46.967249+02,2026-10-07 13:41:46.967249+02
20250819,8745,834.281,2026-10-07 13:41:46.967249+02,2026-10-07 13:41:46.967249+02
20250820,8741,674889.852,2026-10-07 13:41:46.967249+02,2026-10-07 13:41:46.967249+02
20250820,8742,27053.346,2026-10-07 13:41:46.967249+02,2026-10-07 13:41:46.967249+02
20250820,8743,24972.452,2026-10-07 13:41:46.967249+02,2026-10-07 13:41:46.967249+02
20250820,8744,610.193,2026-10-07 13:41:46.967249+02,2026-10-07 13:41:46.967249+02
20250820,8745,781.761,2026-10-07 13:41:46.967249+02,2026-10-07 13:41:46.967249+02
20250821,8741,660121.423,2026-10-07 13:41:46.967249+02,2026-10-07 13:41:46.967249+02
20250821,8742,26953.240,2026-10-07 13:41:46.967249+02,2026-10-07 13:41:46.967249+02
20250821,8743,22884.410,2026-10-07 13:41:46.967249+02,2026-10-07 13:41:46.967249+02
20250821,8744,615.561,2026-10-07 13:41:46.967249+02,2026-10-07 13:41:46.967249+02
20250821,8745,786.352,2026-10-07 13:41:46.967249+02,2026-10-07 13:41:46.967249+02
20250822,8741,652099.284,2026-10-07 13:41:46.967249+02,2026-10-07 13:41:46.967249+02
20250822,8742,27306.550,2026-10-07 13:41:46.967249+02,2026-10-07 13:41:46.967249+02
20250822,8743,22510.822,2026-10-07 13:41:46.967249+02,2026-10-07 13:41:46.967249+02
20250822,8744,599.541,2026-10-07 13:41:46.967249+02,2026-10-07 13:41:46.967249+02
20250822,8745,764.582,2026-10-07 13:41:46.967249+02,2026-10-07 13:41:46.967249+02
20250823,8741,600500.937,2026-10-07 13:41:46.967249+02,2026-10-07 13:41:46.967249+02
20250823,8742,25702.501,2026-10-07 13:41:46.967249+02,2026-10-07 13:41:46.967249+02
20250823,8743,21893.061,2026-10-07 13:41:46.967249+02,2026-10-07 13:41:46.967249+02
20250823,8744,586.192,2026-10-07 13:41:46.967249+02,2026-10-07 13:41:46.967249+02
20250823,8745,727.368,2026-10-07 13:41:46.967249+02,2026-10-07 13:41:46.967249+02
20250824,8741,575026.457,2026-10-07 13:41:46.967249+02,2026-10-07 13:41:46.967249+02
20250824,8742,23917.155,2026-10-07 13:41:46.967249+02,2026-10-07 13:41:46.967249+02
20250824,8743,21505.172,2026-10-07 13:41:46.967249+02,2026-10-07 13:41:46.967249+02
20250824,8744,558.100,2026-10-07 13:41:46.967249+02,2026-10-07 13:41:46.967249+02
20250824,8745,684.283,2026-10-07 13:41:46.967249+02,2026-10-07 13:41:46.967249+02
20250825,8741,686744.448,2026-10-07 13:41:46.967249+02,2026-10-07 13:41:46.967249+02
20250825,8742,26379.559,2026-10-07 13:41:46.967249+02,2026-10-07 13:41:46.967249+02
20250825,8743,23889.585,2026-10-07 13:41:46.967249+02,2026-10-07 13:41:46.967249+02
20250825,8744,611.849,2026-10-07 13:41:46.967249+02,2026-10-07 13:41:46.967249+02
20250825,8745,777.437,2026-10-07 13:41:46.967249+02,2026-10-07 13:41:46.967249+02
20250826,8741,716310.712,2026-10-07 13:41:46.967249+02,2026-10-07 13:41:46.967249+02
20250826,8742,26872.471,2026-10-07 13:41:46.967249+02,2026-10-07 13:41:46.967249+02
20250826,8743,24422.474,2026-10-07 13:41:46.967249+02,2026-10-07 13:41:46.967249+02
20250826,8744,618.568,2026-10-07 13:41:46.967249+02,2026-10-07 13:41:46.967249+02
20250826,8745,791.619,2026-10-07 13:41:46.967249+02,2026-10-07 13:41:46.967249+02
20250827,8741,722253.473,2026-10-07 13:41:46.967249+02,2026-10-07 13:41:46.967249+02
20250827,8742,26657.544,2026-10-07 13:41:46.967249+02,2026-10-07 13:41:46.967249+02
20250827,8743,25885.941,2026-10-07 13:41:46.967249+02,2026-10-07 13:41:46.967249+02
20250827,8744,625.144,2026-10-07 13:41:46.967249+02,2026-10-07 13:41:46.967249+02
20250827,8745,818.370,2026-10-07 13:41:46.967249+02,2026-10-07 13:41:46.967249+02
20250828,8741,686852.389,2026-10-07 13:41:46.967249+02,2026-10-07 13:41:46.967249+02
20250828,8742,26433.913,2026-10-07 13:41:46.967249+02,2026-10-07 13:41:46.967249+02
20250828,8743,25113.560,2026-10-07 13:41:46.967249+02,2026-10-07 13:41:46.967249+02
20250828,8744,593.919,2026-10-07 13:41:46.967249+02,2026-10-07 13:41:46.967249+02
20250828,8745,757.759,2026-10-07 13:41:46.967249+02,2026-10-07 13:41:46.967249+02
20250829,8741,658874.648,2026-10-07 13:41:46.967249+02,2026-10-07 13:41:46.967249+02
20250829,8742,26190.525,2026-10-07 13:41:46.967249+02,2026-10-07 13:41:46.967249+02
20250829,8743,22896.085,2026-10-07 13:41:46.967249+02,2026-10-07 13:41:46.967249+02
20250829,8744,577.701,2026-10-07 13:41:46.967249+02,2026-10-07 13:41:46.967249+02
20250829,8745,710.721,2026-10-07 13:41:46.967249+02,2026-10-07 13:41:46.967249+02
20250830,8741,598578.025,2026-10-07 13:41:46.967249+02,2026-10-07 13:41:46.967249+02
20250830,8742,24668.307,2026-10-07 13:41:46.967249+02,2026-10-07 13:41:46.967249+02
20250830,8743,21438.077,2026-10-07 13:41:46.967249+02,2026-10-07 13:41:46.967249+02
20250830,8744,584.722,2026-10-07 13:41:46.967249+02,2026-10-07 13:41:46.967249+02
20250830,8745,686.482,2026-10-07 13:41:46.967249+02,2026-10-07 13:41:46.967249+02
20250831,8741,567930.366,2026-10-07 13:41:46.967249+02,2026-10-07 13:41:46.967249+02
20250831,8742,23744.318,2026-10-07 13:41:46.967249+02,2026-10-07 13:41:46.967249+02
20250831,8743,20819.161,2026-10-07 13:41:46.967249+02,2026-10-07 13:41:46.967249+02
20250831,8744,568.342,2026-10-07 13:41:46.967249+02,2026-10-07 13:41:46.967249+02
20250831,8745,666.473,2026-10-07 13:41:46.967249+02,2026-10-07 13:41:46.967249+02
20250901,8741,645206.556,2026-10-07 13:41:46.967249+02,2026-10-07 13:41:46.967249+02
20250901,8742,26117.868,2026-10-07 13:41:46.967249+02,2026-10-07 13:41:46.967249+02
20250901,8743,22596.718,2026-10-07 13:41:46.967249+02,2026-10-07 13:41:46.967249+02
20250901,8744,593.076,2026-10-07 13:41:46.967249+02,2026-10-07 13:41:46.967249+02
20250901,8745,706.608,2026-10-07 13:41:46.967249+02,2026-10-07 13:41:46.967249+02
20250902,8741,660983.343,2026-10-07 13:41:46.967249+02,2026-10-07 13:41:46.967249+02
20250902,8742,25870.293,2026-10-07 13:41:46.967249+02,2026-10-07 13:41:46.967249+02
20250902,8743,21003.124,2026-10-07 13:41:46.967249+02,2026-10-07 13:41:46.967249+02
20250902,8744,602.078,2026-10-07 13:41:46.967249+02,2026-10-07 13:41:46.967249+02
20250902,8745,683.671,2026-10-07 13:41:46.967249+02,2026-10-07 13:41:46.967249+02
20250903,8741,675936.075,2026-10-07 13:41:46.967249+02,2026-10-07 13:41:46.967249+02
20250903,8742,25758.874,2026-10-07 13:41:46.967249+02,2026-10-07 13:41:46.967249+02
20250903,8743,21215.542,2026-10-07 13:41:46.967249+02,2026-10-07 13:41:46.967249+02
20250903,8744,600.489,2026-10-07 13:41:46.967249+02,2026-10-07 13:41:46.967249+02
20250903,8745,670.869,2026-10-07 13:41:46.967249+02,2026-10-07 13:41:46.967249+02
20250904,8741,691113.048,2026-10-07 13:41:46.967249+02,2026-10-07 13:41:46.967249+02
20250904,8742,26114.448,2026-10-07 13:41:46.967249+02,2026-10-07 13:41:46.967249+02
20250904,8743,21463.460,2026-10-07 13:41:46.967249+02,2026-10-07 13:41:46.967249+02
20250904,8744,615.675,2026-10-07 13:41:46.967249+02,2026-10-07 13:41:46.967249+02
20250904,8745,678.530,2026-10-07 13:41:46.967249+02,2026-10-07 13:41:46.967249+02
20250905,8741,684025.862,2026-10-07 13:41:46.967249+02,2026-10-07 13:41:46.967249+02
20250905,8742,26161.663,2026-10-07 13:41:46.967249+02,2026-10-07 13:41:46.967249+02
20250905,8743,21638.923,2026-10-07 13:41:46.967249+02,2026-10-07 13:41:46.967249+02
20250905,8744,612.050,2026-10-07 13:41:46.967249+02,2026-10-07 13:41:46.967249+02
20250905,8745,673.083,2026-10-07 13:41:46.967249+02,2026-10-07 13:41:46.967249+02
20250906,8741,615159.666,2026-10-07 13:41:46.967249+02,2026-10-07 13:41:46.967249+02
20250906,8742,24819.191,2026-10-07 13:41:46.967249+02,2026-10-07 13:41:46.967249+02
20250906,8743,20756.257,2026-10-07 13:41:46.967249+02,2026-10-07 13:41:46.967249+02
20250906,8744,615.920,2026-10-07 13:41:46.967249+02,2026-10-07 13:41:46.967249+02
20250906,8745,680.866,2026-10-07 13:41:46.967249+02,2026-10-07 13:41:46.967249+02
20250907,8741,591146.169,2026-10-07 13:41:46.967249+02,2026-10-07 13:41:46.967249+02
20250907,8742,23824.620,2026-10-07 13:41:46.967249+02,2026-10-07 13:41:46.967249+02
20250907,8743,21548.917,2026-10-07 13:41:46.967249+02,2026-10-07 13:41:46.967249+02
20250907,8744,579.656,2026-10-07 13:41:46.967249+02,2026-10-07 13:41:46.967249+02
20250907,8745,666.047,2026-10-07 13:41:46.967249+02,2026-10-07 13:41:46.967249+02
20250908,8741,683728.802,2026-10-07 13:41:46.967249+02,2026-10-07 13:41:46.967249+02
20250908,8742,25921.680,2026-10-07 13:41:46.967249+02,2026-10-07 13:41:46.967249+02
20250908,8743,23456.789,2026-10-07 13:41:46.967249+02,2026-10-07 13:41:46.967249+02
20250908,8744,616.824,2026-10-07 13:41:46.967249+02,2026-10-07 13:41:46.967249+02
20250908,8745,677.830,2026-10-07 13:41:46.967249+02,2026-10-07 13:41:46.967249+02
20250909,8741,680122.673,2026-10-07 13:41:46.967249+02,2026-10-07 13:41:46.967249+02
20250909,8742,26475.162,2026-10-07 13:41:46.967249+02,2026-10-07 13:41:46.967249+02
20250909,8743,21639.905,2026-10-07 13:41:46.967249+02,2026-10-07 13:41:46.967249+02
20250909,8744,585.747,2026-10-07 13:41:46.967249+02,2026-10-07 13:41:46.967249+02
20250909,8745,691.395,2026-10-07 13:41:46.967249+02,2026-10-07 13:41:46.967249+02
20250910,8741,673983.770,2026-10-07 13:41:46.967249+02,2026-10-07 13:41:46.967249+02
20250910,8742,25777.649,2026-10-07 13:41:46.967249+02,2026-10-07 13:41:46.967249+02
20250910,8743,19860.412,2026-10-07 13:41:46.967249+02,2026-10-07 13:41:46.967249+02
20250910,8744,575.843,2026-10-07 13:41:46.967249+02,2026-10-07 13:41:46.967249+02
20250910,8745,658.334,2026-10-07 13:41:46.967249+02,2026-10-07 13:41:46.967249+02
20250911,8741,659388.751,2026-10-07 13:41:46.967249+02,2026-10-07 13:41:46.967249+02
20250911,8742,26148.249,2026-10-07 13:41:46.967249+02,2026-10-07 13:41:46.967249+02
20250911,8743,20607.711,2026-10-07 13:41:46.967249+02,2026-10-07 13:41:46.967249+02
20250911,8744,616.909,2026-10-07 13:41:46.967249+02,2026-10-07 13:41:46.967249+02
20250911,8745,707.190,2026-10-07 13:41:46.967249+02,2026-10-07 13:41:46.967249+02
20250912,8741,670255.373,2026-10-07 13:41:46.967249+02,2026-10-07 13:41:46.967249+02
20250912,8742,26322.784,2026-10-07 13:41:46.967249+02,2026-10-07 13:41:46.967249+02
20250912,8743,20907.957,2026-10-07 13:41:46.967249+02,2026-10-07 13:41:46.967249+02
20250912,8744,592.352,2026-10-07 13:41:46.967249+02,2026-10-07 13:41:46.967249+02
20250912,8745,703.659,2026-10-07 13:41:46.967249+02,2026-10-07 13:41:46.967249+02
20250913,8741,602257.603,2026-10-07 13:41:46.967249+02,2026-10-07 13:41:46.967249+02
20250913,8742,24946.875,2026-10-07 13:41:46.967249+02,2026-10-07 13:41:46.967249+02
20250913,8743,20499.775,2026-10-07 13:41:46.967249+02,2026-10-07 13:41:46.967249+02
20250913,8744,592.262,2026-10-07 13:41:46.967249+02,2026-10-07 13:41:46.967249+02
20250913,8745,669.700,2026-10-07 13:41:46.967249+02,2026-10-07 13:41:46.967249+02
20250914,8741,565137.928,2026-10-07 13:41:46.967249+02,2026-10-07 13:41:46.967249+02
20250914,8742,23926.577,2026-10-07 13:41:46.967249+02,2026-10-07 13:41:46.967249+02
20250914,8743,19675.777,2026-10-07 13:41:46.967249+02,2026-10-07 13:41:46.967249+02
20250914,8744,559.170,2026-10-07 13:41:46.967249+02,2026-10-07 13:41:46.967249+02
20250914,8745,659.414,2026-10-07 13:41:46.967249+02,2026-10-07 13:41:46.967249+02
20250915,8741,686766.289,2026-10-07 13:41:46.967249+02,2026-10-07 13:41:46.967249+02
20250915,8742,26261.690,2026-10-07 13:41:46.967249+02,2026-10-07 13:41:46.967249+02
20250915,8743,21461.042,2026-10-07 13:41:46.967249+02,2026-10-07 13:41:46.967249+02
20250915,8744,615.739,2026-10-07 13:41:46.967249+02,2026-10-07 13:41:46.967249+02
20250915,8745,710.443,2026-10-07 13:41:46.967249+02,2026-10-07 13:41:46.967249+02
20250916,8741,712002.100,2026-10-07 13:41:46.967249+02,2026-10-07 13:41:46.967249+02
20250916,8742,27044.739,2026-10-07 13:41:46.967249+02,2026-10-07 13:41:46.967249+02
20250916,8743,21629.943,2026-10-07 13:41:46.967249+02,2026-10-07 13:41:46.967249+02
20250916,8744,627.789,2026-10-07 13:41:46.967249+02,2026-10-07 13:41:46.967249+02
20250916,8745,726.472,2026-10-07 13:41:46.967249+02,2026-10-07 13:41:46.967249+02
20250917,8741,720486.711,2026-10-07 13:41:46.967249+02,2026-10-07 13:41:46.967249+02
20250917,8742,28288.279,2026-10-07 13:41:46.967249+02,2026-10-07 13:41:46.967249+02
20250917,8743,21694.626,2026-10-07 13:41:46.967249+02,2026-10-07 13:41:46.967249+02
20250917,8744,647.104,2026-10-07 13:41:46.967249+02,2026-10-07 13:41:46.967249+02
20250917,8745,661.745,2026-10-07 13:41:46.967249+02,2026-10-07 13:41:46.967249+02
20250918,8741,724861.714,2026-10-07 13:41:46.967249+02,2026-10-07 13:41:46.967249+02
20250918,8742,29247.895,2026-10-07 13:41:46.967249+02,2026-10-07 13:41:46.967249+02
20250918,8743,21587.247,2026-10-07 13:41:46.967249+02,2026-10-07 13:41:46.967249+02
20250918,8744,634.491,2026-10-07 13:41:46.967249+02,2026-10-07 13:41:46.967249+02
20250918,8745,734.974,2026-10-07 13:41:46.967249+02,2026-10-07 13:41:46.967249+02
20250919,8741,721540.829,2026-10-07 13:41:46.967249+02,2026-10-07 13:41:46.967249+02
20250919,8742,29615.498,2026-10-07 13:41:46.967249+02,2026-10-07 13:41:46.967249+02
20250919,8743,21437.105,2026-10-07 13:41:46.967249+02,2026-10-07 13:41:46.967249+02
20250919,8744,634.515,2026-10-07 13:41:46.967249+02,2026-10-07 13:41:46.967249+02
20250919,8745,646.736,2026-10-07 13:41:46.967249+02,2026-10-07 13:41:46.967249+02
20250920,8741,631927.638,2026-10-07 13:41:46.967249+02,2026-10-07 13:41:46.967249+02
20250920,8742,28063.404,2026-10-07 13:41:46.967249+02,2026-10-07 13:41:46.967249+02
20250920,8743,20662.354,2026-10-07 13:41:46.967249+02,2026-10-07 13:41:46.967249+02
20250920,8744,617.327,2026-10-07 13:41:46.967249+02,2026-10-07 13:41:46.967249+02
20250920,8745,669.897,2026-10-07 13:41:46.967249+02,2026-10-07 13:41:46.967249+02
20250921,8741,572855.343,2026-10-07 13:41:46.967249+02,2026-10-07 13:41:46.967249+02
20250921,8742,25882.466,2026-10-07 13:41:46.967249+02,2026-10-07 13:41:46.967249+02
20250921,8743,19865.924,2026-10-07 13:41:46.967249+02,2026-10-07 13:41:46.967249+02
20250921,8744,567.934,2026-10-07 13:41:46.967249+02,2026-10-07 13:41:46.967249+02
20250921,8745,644.823,2026-10-07 13:41:46.967249+02,2026-10-07 13:41:46.967249+02
20250922,8741,625152.139,2026-10-07 13:41:46.967249+02,2026-10-07 13:41:46.967249+02
20250922,8742,27142.294,2026-10-07 13:41:46.967249+02,2026-10-07 13:41:46.967249+02
20250922,8743,19722.787,2026-10-07 13:41:46.967249+02,2026-10-07 13:41:46.967249+02
20250922,8744,559.119,2026-10-07 13:41:46.967249+02,2026-10-07 13:41:46.967249+02
20250922,8745,674.712,2026-10-07 13:41:46.967249+02,2026-10-07 13:41:46.967249+02
20250923,8741,636461.815,2026-10-07 13:41:46.967249+02,2026-10-07 13:41:46.967249+02
20250923,8742,26328.148,2026-10-07 13:41:46.967249+02,2026-10-07 13:41:46.967249+02
20250923,8743,18327.881,2026-10-07 13:41:46.967249+02,2026-10-07 13:41:46.967249+02
20250923,8744,588.348,2026-10-07 13:41:46.967249+02,2026-10-07 13:41:46.967249+02
20250923,8745,653.260,2026-10-07 13:41:46.967249+02,2026-10-07 13:41:46.967249+02
20250924,8741,634703.621,2026-10-07 13:41:46.967249+02,2026-10-07 13:41:46.967249+02
20250924,8742,26018.355,2026-10-07 13:41:46.967249+02,2026-10-07 13:41:46.967249+02
20250924,8743,17218.170,2026-10-07 13:41:46.967249+02,2026-10-07 13:41:46.967249+02
20250924,8744,601.165,2026-10-07 13:41:46.967249+02,2026-10-07 13:41:46.967249+02
20250924,8745,664.462,2026-10-07 13:41:46.967249+02,2026-10-07 13:41:46.967249+02
20250925,8741,642751.818,2026-10-07 13:41:46.967249+02,2026-10-07 13:41:46.967249+02
20250925,8742,26064.978,2026-10-07 13:41:46.967249+02,2026-10-07 13:41:46.967249+02
20250925,8743,17234.879,2026-10-07 13:41:46.967249+02,2026-10-07 13:41:46.967249+02
20250925,8744,589.467,2026-10-07 13:41:46.967249+02,2026-10-07 13:41:46.967249+02
20250925,8745,669.406,2026-10-07 13:41:46.967249+02,2026-10-07 13:41:46.967249+02
20250926,8741,634585.879,2026-10-07 13:41:46.967249+02,2026-10-07 13:41:46.967249+02
20250926,8742,25723.622,2026-10-07 13:41:46.967249+02,2026-10-07 13:41:46.967249+02
20250926,8743,17277.388,2026-10-07 13:41:46.967249+02,2026-10-07 13:41:46.967249+02
20250926,8744,579.673,2026-10-07 13:41:46.967249+02,2026-10-07 13:41:46.967249+02
20250926,8745,662.345,2026-10-07 13:41:46.967249+02,2026-10-07 13:41:46.967249+02
20250927,8741,564486.029,2026-10-07 13:41:46.967249+02,2026-10-07 13:41:46.967249+02
20250927,8742,24145.759,2026-10-07 13:41:46.967249+02,2026-10-07 13:41:46.967249+02
20250927,8743,16987.383,2026-10-07 13:41:46.967249+02,2026-10-07 13:41:46.967249+02
20250927,8744,578.388,2026-10-07 13:41:46.967249+02,2026-10-07 13:41:46.967249+02
20250927,8745,610.294,2026-10-07 13:41:46.967249+02,2026-10-07 13:41:46.967249+02
20250928,8741,535623.905,2026-10-07 13:41:46.967249+02,2026-10-07 13:41:46.967249+02
20250928,8742,23414.196,2026-10-07 13:41:46.967249+02,2026-10-07 13:41:46.967249+02
20250928,8743,16799.723,2026-10-07 13:41:46.967249+02,2026-10-07 13:41:46.967249+02
20250928,8744,539.939,2026-10-07 13:41:46.967249+02,2026-10-07 13:41:46.967249+02
20250928,8745,572.764,2026-10-07 13:41:46.967249+02,2026-10-07 13:41:46.967249+02
20250929,8741,623113.179,2026-10-07 13:41:46.967249+02,2026-10-07 13:41:46.967249+02
20250929,8742,25488.597,2026-10-07 13:41:46.967249+02,2026-10-07 13:41:46.967249+02
20250929,8743,18170.581,2026-10-07 13:41:46.967249+02,2026-10-07 13:41:46.967249+02
20250929,8744,551.396,2026-10-07 13:41:46.967249+02,2026-10-07 13:41:46.967249+02
20250929,8745,633.244,2026-10-07 13:41:46.967249+02,2026-10-07 13:41:46.967249+02
20250930,8741,635531.228,2026-10-07 13:41:46.967249+02,2026-10-07 13:41:46.967249+02
20250930,8742,25742.322,2026-10-07 13:41:46.967249+02,2026-10-07 13:41:46.967249+02
20250930,8743,17749.151,2026-10-07 13:41:46.967249+02,2026-10-07 13:41:46.967249+02
20250930,8744,569.587,2026-10-07 13:41:46.967249+02,2026-10-07 13:41:46.967249+02
20250930,8745,625.269,2026-10-07 13:41:46.967249+02,2026-10-07 13:41:46.967249+02
20251001,8741,637121.341,2026-10-07 13:41:46.967249+02,2026-10-07 13:41:46.967249+02
20251001,8742,25892.980,2026-10-07 13:41:46.967249+02,2026-10-07 13:41:46.967249+02
20251001,8743,17184.062,2026-10-07 13:41:46.967249+02,2026-10-07 13:41:46.967249+02
20251001,8744,600.680,2026-10-07 13:41:46.967249+02,2026-10-07 13:41:46.967249+02
20251001,8745,648.795,2026-10-07 13:41:46.967249+02,2026-10-07 13:41:46.967249+02
20251002,8741,640701.551,2026-10-07 13:41:46.967249+02,2026-10-07 13:41:46.967249+02
20251002,8742,26294.169,2026-10-07 13:41:46.967249+02,2026-10-07 13:41:46.967249+02
20251002,8743,17219.477,2026-10-07 13:41:46.967249+02,2026-10-07 13:41:46.967249+02
20251002,8744,591.237,2026-10-07 13:41:46.967249+02,2026-10-07 13:41:46.967249+02
20251002,8745,644.087,2026-10-07 13:41:46.967249+02,2026-10-07 13:41:46.967249+02
20251003,8741,646045.935,2026-10-07 13:41:46.967249+02,2026-10-07 13:41:46.967249+02
20251003,8742,26004.894,2026-10-07 13:41:46.967249+02,2026-10-07 13:41:46.967249+02
20251003,8743,17546.860,2026-10-07 13:41:46.967249+02,2026-10-07 13:41:46.967249+02
20251003,8744,587.798,2026-10-07 13:41:46.967249+02,2026-10-07 13:41:46.967249+02
20251003,8745,631.445,2026-10-07 13:41:46.967249+02,2026-10-07 13:41:46.967249+02
20251004,8741,574138.916,2026-10-07 13:41:46.967249+02,2026-10-07 13:41:46.967249+02
20251004,8742,24595.779,2026-10-07 13:41:46.967249+02,2026-10-07 13:41:46.967249+02
20251004,8743,16880.916,2026-10-07 13:41:46.967249+02,2026-10-07 13:41:46.967249+02
20251004,8744,581.253,2026-10-07 13:41:46.967249+02,2026-10-07 13:41:46.967249+02
20251004,8745,593.364,2026-10-07 13:41:46.967249+02,2026-10-07 13:41:46.967249+02
20251005,8741,531480.754,2026-10-07 13:41:46.967249+02,2026-10-07 13:41:46.967249+02
20251005,8742,23146.976,2026-10-07 13:41:46.967249+02,2026-10-07 13:41:46.967249+02
20251005,8743,16408.375,2026-10-07 13:41:46.967249+02,2026-10-07 13:41:46.967249+02
20251005,8744,551.993,2026-10-07 13:41:46.967249+02,2026-10-07 13:41:46.967249+02
20251005,8745,577.434,2026-10-07 13:41:46.967249+02,2026-10-07 13:41:46.967249+02
20251006,8741,632389.861,2026-10-07 13:41:46.967249+02,2026-10-07 13:41:46.967249+02
20251006,8742,25531.027,2026-10-07 13:41:46.967249+02,2026-10-07 13:41:46.967249+02
20251006,8743,16672.081,2026-10-07 13:41:46.967249+02,2026-10-07 13:41:46.967249+02
20251006,8744,591.113,2026-10-07 13:41:46.967249+02,2026-10-07 13:41:46.967249+02
20251006,8745,655.372,2026-10-07 13:41:46.967249+02,2026-10-07 13:41:46.967249+02
20251007,8741,641260.767,2026-10-07 13:41:46.967249+02,2026-10-07 13:41:46.967249+02
20251007,8742,25717.351,2026-10-07 13:41:46.967249+02,2026-10-07 13:41:46.967249+02
20251007,8743,16946.164,2026-10-07 13:41:46.967249+02,2026-10-07 13:41:46.967249+02
20251007,8744,591.223,2026-10-07 13:41:46.967249+02,2026-10-07 13:41:46.967249+02
20251007,8745,645.471,2026-10-07 13:41:46.967249+02,2026-10-07 13:41:46.967249+02
20251008,8741,650196.871,2026-10-07 13:41:46.967249+02,2026-10-07 13:41:46.967249+02
20251008,8742,25878.004,2026-10-07 13:41:46.967249+02,2026-10-07 13:41:46.967249+02
20251008,8743,16847.894,2026-10-07 13:41:46.967249+02,2026-10-07 13:41:46.967249+02
20251008,8744,571.474,2026-10-07 13:41:46.967249+02,2026-10-07 13:41:46.967249+02
20251008,8745,630.583,2026-10-07 13:41:46.967249+02,2026-10-07 13:41:46.967249+02
20251009,8741,642913.480,2026-10-07 13:41:46.967249+02,2026-10-07 13:41:46.967249+02
20251009,8742,25866.144,2026-10-07 13:41:46.967249+02,2026-10-07 13:41:46.967249+02
20251009,8743,17084.889,2026-10-07 13:41:46.967249+02,2026-10-07 13:41:46.967249+02
20251009,8744,573.180,2026-10-07 13:41:46.967249+02,2026-10-07 13:41:46.967249+02
20251009,8745,624.071,2026-10-07 13:41:46.967249+02,2026-10-07 13:41:46.967249+02
20251010,8741,630107.668,2026-10-07 13:41:46.967249+02,2026-10-07 13:41:46.967249+02
20251010,8742,25685.437,2026-10-07 13:41:46.967249+02,2026-10-07 13:41:46.967249+02
20251010,8743,17035.665,2026-10-07 13:41:46.967249+02,2026-10-07 13:41:46.967249+02
20251010,8744,560.722,2026-10-07 13:41:46.967249+02,2026-10-07 13:41:46.967249+02
20251010,8745,610.736,2026-10-07 13:41:46.967249+02,2026-10-07 13:41:46.967249+02
20251011,8741,555179.899,2026-10-07 13:41:46.967249+02,2026-10-07 13:41:46.967249+02
20251011,8742,24275.029,2026-10-07 13:41:46.967249+02,2026-10-07 13:41:46.967249+02
20251011,8743,16622.056,2026-10-07 13:41:46.967249+02,2026-10-07 13:41:46.967249+02
20251011,8744,563.405,2026-10-07 13:41:46.967249+02,2026-10-07 13:41:46.967249+02
20251011,8745,588.998,2026-10-07 13:41:46.967249+02,2026-10-07 13:41:46.967249+02
20251012,8741,516294.852,2026-10-07 13:41:46.967249+02,2026-10-07 13:41:46.967249+02
20251012,8742,23208.354,2026-10-07 13:41:46.967249+02,2026-10-07 13:41:46.967249+02
20251012,8743,15690.887,2026-10-07 13:41:46.967249+02,2026-10-07 13:41:46.967249+02
20251012,8744,503.265,2026-10-07 13:41:46.967249+02,2026-10-07 13:41:46.967249+02
20251012,8745,566.870,2026-10-07 13:41:46.967249+02,2026-10-07 13:41:46.967249+02
20251013,8741,599714.598,2026-10-07 13:41:46.967249+02,2026-10-07 13:41:46.967249+02
20251013,8742,25283.729,2026-10-07 13:41:46.967249+02,2026-10-07 13:41:46.967249+02
20251013,8743,16910.702,2026-10-07 13:41:46.967249+02,2026-10-07 13:41:46.967249+02
20251013,8744,576.044,2026-10-07 13:41:46.967249+02,2026-10-07 13:41:46.967249+02
20251013,8745,629.609,2026-10-07 13:41:46.967249+02,2026-10-07 13:41:46.967249+02
20251014,8741,640843.110,2026-10-07 13:41:46.967249+02,2026-10-07 13:41:46.967249+02
20251014,8742,25883.966,2026-10-07 13:41:46.967249+02,2026-10-07 13:41:46.967249+02
20251014,8743,16606.728,2026-10-07 13:41:46.967249+02,2026-10-07 13:41:46.967249+02
20251014,8744,581.820,2026-10-07 13:41:46.967249+02,2026-10-07 13:41:46.967249+02
20251014,8745,609.945,2026-10-07 13:41:46.967249+02,2026-10-07 13:41:46.967249+02
20251015,8741,641413.934,2026-10-07 13:41:46.967249+02,2026-10-07 13:41:46.967249+02
20251015,8742,25930.842,2026-10-07 13:41:46.967249+02,2026-10-07 13:41:46.967249+02
20251015,8743,16612.660,2026-10-07 13:41:46.967249+02,2026-10-07 13:41:46.967249+02
20251015,8744,586.018,2026-10-07 13:41:46.967249+02,2026-10-07 13:41:46.967249+02
20251015,8745,631.645,2026-10-07 13:41:46.967249+02,2026-10-07 13:41:46.967249+02
20251016,8741,649378.279,2026-10-07 13:41:46.967249+02,2026-10-07 13:41:46.967249+02
20251016,8742,25910.180,2026-10-07 13:41:46.967249+02,2026-10-07 13:41:46.967249+02
20251016,8743,16255.455,2026-10-07 13:41:46.967249+02,2026-10-07 13:41:46.967249+02
20251016,8744,584.230,2026-10-07 13:41:46.967249+02,2026-10-07 13:41:46.967249+02
20251016,8745,624.431,2026-10-07 13:41:46.967249+02,2026-10-07 13:41:46.967249+02
20251017,8741,641891.822,2026-10-07 13:41:46.967249+02,2026-10-07 13:41:46.967249+02
20251017,8742,26210.852,2026-10-07 13:41:46.967249+02,2026-10-07 13:41:46.967249+02
20251017,8743,16111.387,2026-10-07 13:41:46.967249+02,2026-10-07 13:41:46.967249+02
20251017,8744,598.330,2026-10-07 13:41:46.967249+02,2026-10-07 13:41:46.967249+02
20251017,8745,614.261,2026-10-07 13:41:46.967249+02,2026-10-07 13:41:46.967249+02
20251018,8741,557566.443,2026-10-07 13:41:46.967249+02,2026-10-07 13:41:46.967249+02
20251018,8742,25039.820,2026-10-07 13:41:46.967249+02,2026-10-07 13:41:46.967249+02
20251018,8743,15266.994,2026-10-07 13:41:46.967249+02,2026-10-07 13:41:46.967249+02
20251018,8744,547.183,2026-10-07 13:41:46.967249+02,2026-10-07 13:41:46.967249+02
20251018,8745,578.773,2026-10-07 13:41:46.967249+02,2026-10-07 13:41:46.967249+02
20251019,8741,530090.434,2026-10-07 13:41:46.967249+02,2026-10-07 13:41:46.967249+02
20251019,8742,23450.601,2026-10-07 13:41:46.967249+02,2026-10-07 13:41:46.967249+02
20251019,8743,14597.006,2026-10-07 13:41:46.967249+02,2026-10-07 13:41:46.967249+02
20251019,8744,527.385,2026-10-07 13:41:46.967249+02,2026-10-07 13:41:46.967249+02
20251019,8745,551.661,2026-10-07 13:41:46.967249+02,2026-10-07 13:41:46.967249+02
20251020,8741,634742.943,2026-10-07 13:41:46.967249+02,2026-10-07 13:41:46.967249+02
20251020,8742,26065.103,2026-10-07 13:41:46.967249+02,2026-10-07 13:41:46.967249+02
20251020,8743,16306.453,2026-10-07 13:41:46.967249+02,2026-10-07 13:41:46.967249+02
20251020,8744,565.773,2026-10-07 13:41:46.967249+02,2026-10-07 13:41:46.967249+02
20251020,8745,602.986,2026-10-07 13:41:46.967249+02,2026-10-07 13:41:46.967249+02
20251021,8741,656483.916,2026-10-07 13:41:46.967249+02,2026-10-07 13:41:46.967249+02
20251021,8742,26234.778,2026-10-07 13:41:46.967249+02,2026-10-07 13:41:46.967249+02
20251021,8743,16083.577,2026-10-07 13:41:46.967249+02,2026-10-07 13:41:46.967249+02
20251021,8744,594.812,2026-10-07 13:41:46.967249+02,2026-10-07 13:41:46.967249+02
20251021,8745,601.155,2026-10-07 13:41:46.967249+02,2026-10-07 13:41:46.967249+02
20251022,8741,658450.210,2026-10-07 13:41:46.967249+02,2026-10-07 13:41:46.967249+02
20251022,8742,26120.882,2026-10-07 13:41:46.967249+02,2026-10-07 13:41:46.967249+02
20251022,8743,16339.067,2026-10-07 13:41:46.967249+02,2026-10-07 13:41:46.967249+02
20251022,8744,586.670,2026-10-07 13:41:46.967249+02,2026-10-07 13:41:46.967249+02
20251022,8745,614.181,2026-10-07 13:41:46.967249+02,2026-10-07 13:41:46.967249+02
20251023,8741,653322.966,2026-10-07 13:41:46.967249+02,2026-10-07 13:41:46.967249+02
20251023,8742,26469.030,2026-10-07 13:41:46.967249+02,2026-10-07 13:41:46.967249+02
20251023,8743,16454.576,2026-10-07 13:41:46.967249+02,2026-10-07 13:41:46.967249+02
20251023,8744,594.700,2026-10-07 13:41:46.967249+02,2026-10-07 13:41:46.967249+02
20251023,8745,627.113,2026-10-07 13:41:46.967249+02,2026-10-07 13:41:46.967249+02
20251024,8741,639179.698,2026-10-07 13:41:46.967249+02,2026-10-07 13:41:46.967249+02
20251024,8742,26610.842,2026-10-07 13:41:46.967249+02,2026-10-07 13:41:46.967249+02
20251024,8743,15691.762,2026-10-07 13:41:46.967249+02,2026-10-07 13:41:46.967249+02
20251024,8744,584.122,2026-10-07 13:41:46.967249+02,2026-10-07 13:41:46.967249+02
20251024,8745,627.422,2026-10-07 13:41:46.967249+02,2026-10-07 13:41:46.967249+02
20251025,8741,570284.560,2026-10-07 13:41:46.967249+02,2026-10-07 13:41:46.967249+02
20251025,8742,24818.182,2026-10-07 13:41:46.967249+02,2026-10-07 13:41:46.967249+02
20251025,8743,15211.888,2026-10-07 13:41:46.967249+02,2026-10-07 13:41:46.967249+02
20251025,8744,555.008,2026-10-07 13:41:46.967249+02,2026-10-07 13:41:46.967249+02
20251025,8745,583.653,2026-10-07 13:41:46.967249+02,2026-10-07 13:41:46.967249+02
20251026,8741,555835.185,2026-10-07 13:41:46.967249+02,2026-10-07 13:41:46.967249+02
20251026,8742,24565.538,2026-10-07 13:41:46.967249+02,2026-10-07 13:41:46.967249+02
20251026,8743,15644.035,2026-10-07 13:41:46.967249+02,2026-10-07 13:41:46.967249+02
20251026,8744,560.230,2026-10-07 13:41:46.967249+02,2026-10-07 13:41:46.967249+02
20251026,8745,577.059,2026-10-07 13:41:46.967249+02,2026-10-07 13:41:46.967249+02
20251027,8741,622615.130,2026-10-07 13:41:46.967249+02,2026-10-07 13:41:46.967249+02
20251027,8742,26320.795,2026-10-07 13:41:46.967249+02,2026-10-07 13:41:46.967249+02
20251027,8743,14750.969,2026-10-07 13:41:46.967249+02,2026-10-07 13:41:46.967249+02
20251027,8744,580.294,2026-10-07 13:41:46.967249+02,2026-10-07 13:41:46.967249+02
20251027,8745,614.655,2026-10-07 13:41:46.967249+02,2026-10-07 13:41:46.967249+02
20251028,8741,643153.291,2026-10-07 13:41:46.967249+02,2026-10-07 13:41:46.967249+02
20251028,8742,26615.056,2026-10-07 13:41:46.967249+02,2026-10-07 13:41:46.967249+02
20251028,8743,14796.178,2026-10-07 13:41:46.967249+02,2026-10-07 13:41:46.967249+02
20251028,8744,582.483,2026-10-07 13:41:46.967249+02,2026-10-07 13:41:46.967249+02
20251028,8745,611.809,2026-10-07 13:41:46.967249+02,2026-10-07 13:41:46.967249+02
20251029,8741,658695.979,2026-10-07 13:41:46.967249+02,2026-10-07 13:41:46.967249+02
20251029,8742,26634.235,2026-10-07 13:41:46.967249+02,2026-10-07 13:41:46.967249+02
20251029,8743,15261.245,2026-10-07 13:41:46.967249+02,2026-10-07 13:41:46.967249+02
20251029,8744,578.795,2026-10-07 13:41:46.967249+02,2026-10-07 13:41:46.967249+02
20251029,8745,614.427,2026-10-07 13:41:46.967249+02,2026-10-07 13:41:46.967249+02
20251030,8741,647912.091,2026-10-07 13:41:46.967249+02,2026-10-07 13:41:46.967249+02
20251030,8742,26496.159,2026-10-07 13:41:46.967249+02,2026-10-07 13:41:46.967249+02
20251030,8743,15047.165,2026-10-07 13:41:46.967249+02,2026-10-07 13:41:46.967249+02
20251030,8744,570.589,2026-10-07 13:41:46.967249+02,2026-10-07 13:41:46.967249+02
20251030,8745,610.072,2026-10-07 13:41:46.967249+02,2026-10-07 13:41:46.967249+02
20251031,8741,640643.484,2026-10-07 13:41:46.967249+02,2026-10-07 13:41:46.967249+02
20251031,8742,26073.371,2026-10-07 13:41:46.967249+02,2026-10-07 13:41:46.967249+02
20251031,8743,14463.498,2026-10-07 13:41:46.967249+02,2026-10-07 13:41:46.967249+02
20251031,8744,569.715,2026-10-07 13:41:46.967249+02,2026-10-07 13:41:46.967249+02
20251031,8745,602.891,2026-10-07 13:41:46.967249+02,2026-10-07 13:41:46.967249+02
20251101,8741,553378.570,2026-10-07 13:41:46.967249+02,2026-10-07 13:41:46.967249+02
20251101,8742,24360.125,2026-10-07 13:41:46.967249+02,2026-10-07 13:41:46.967249+02
20251101,8743,13405.254,2026-10-07 13:41:46.967249+02,2026-10-07 13:41:46.967249+02
20251101,8744,518.827,2026-10-07 13:41:46.967249+02,2026-10-07 13:41:46.967249+02
20251101,8745,561.440,2026-10-07 13:41:46.967249+02,2026-10-07 13:41:46.967249+02
20251102,8741,527494.171,2026-10-07 13:41:46.967249+02,2026-10-07 13:41:46.967249+02
20251102,8742,23619.780,2026-10-07 13:41:46.967249+02,2026-10-07 13:41:46.967249+02
20251102,8743,12745.275,2026-10-07 13:41:46.967249+02,2026-10-07 13:41:46.967249+02
20251102,8744,515.408,2026-10-07 13:41:46.967249+02,2026-10-07 13:41:46.967249+02
20251102,8745,544.947,2026-10-07 13:41:46.967249+02,2026-10-07 13:41:46.967249+02
20251103,8741,626509.286,2026-10-07 13:41:46.967249+02,2026-10-07 13:41:46.967249+02
20251103,8742,26174.664,2026-10-07 13:41:46.967249+02,2026-10-07 13:41:46.967249+02
20251103,8743,13505.019,2026-10-07 13:41:46.967249+02,2026-10-07 13:41:46.967249+02
20251103,8744,550.953,2026-10-07 13:41:46.967249+02,2026-10-07 13:41:46.967249+02
20251103,8745,595.062,2026-10-07 13:41:46.967249+02,2026-10-07 13:41:46.967249+02
20251104,8741,651312.001,2026-10-07 13:41:46.967249+02,2026-10-07 13:41:46.967249+02
20251104,8742,26495.917,2026-10-07 13:41:46.967249+02,2026-10-07 13:41:46.967249+02
20251104,8743,13366.745,2026-10-07 13:41:46.967249+02,2026-10-07 13:41:46.967249+02
20251104,8744,570.846,2026-10-07 13:41:46.967249+02,2026-10-07 13:41:46.967249+02
20251104,8745,596.734,2026-10-07 13:41:46.967249+02,2026-10-07 13:41:46.967249+02
20251105,8741,668738.810,2026-10-07 13:41:46.967249+02,2026-10-07 13:41:46.967249+02
20251105,8742,26698.036,2026-10-07 13:41:46.967249+02,2026-10-07 13:41:46.967249+02
20251105,8743,13289.640,2026-10-07 13:41:46.967249+02,2026-10-07 13:41:46.967249+02
20251105,8744,588.185,2026-10-07 13:41:46.967249+02,2026-10-07 13:41:46.967249+02
20251105,8745,599.378,2026-10-07 13:41:46.967249+02,2026-10-07 13:41:46.967249+02
20251106,8741,666397.047,2026-10-07 13:41:46.967249+02,2026-10-07 13:41:46.967249+02
20251106,8742,26632.953,2026-10-07 13:41:46.967249+02,2026-10-07 13:41:46.967249+02
20251106,8743,13403.778,2026-10-07 13:41:46.967249+02,2026-10-07 13:41:46.967249+02
20251106,8744,551.945,2026-10-07 13:41:46.967249+02,2026-10-07 13:41:46.967249+02
20251106,8745,583.297,2026-10-07 13:41:46.967249+02,2026-10-07 13:41:46.967249+02
20251107,8741,669332.750,2026-10-07 13:41:46.967249+02,2026-10-07 13:41:46.967249+02
20251107,8742,25985.341,2026-10-07 13:41:46.967249+02,2026-10-07 13:41:46.967249+02
20251107,8743,13037.370,2026-10-07 13:41:46.967249+02,2026-10-07 13:41:46.967249+02
20251107,8744,544.551,2026-10-07 13:41:46.967249+02,2026-10-07 13:41:46.967249+02
20251107,8745,565.103,2026-10-07 13:41:46.967249+02,2026-10-07 13:41:46.967249+02
20251108,8741,589378.189,2026-10-07 13:41:46.967249+02,2026-10-07 13:41:46.967249+02
20251108,8742,24537.383,2026-10-07 13:41:46.967249+02,2026-10-07 13:41:46.967249+02
20251108,8743,13410.632,2026-10-07 13:41:46.967249+02,2026-10-07 13:41:46.967249+02
20251108,8744,524.665,2026-10-07 13:41:46.967249+02,2026-10-07 13:41:46.967249+02
20251108,8745,537.382,2026-10-07 13:41:46.967249+02,2026-10-07 13:41:46.967249+02
20251109,8741,551201.312,2026-10-07 13:41:46.967249+02,2026-10-07 13:41:46.967249+02
20251109,8742,23606.133,2026-10-07 13:41:46.967249+02,2026-10-07 13:41:46.967249+02
20251109,8743,12076.464,2026-10-07 13:41:46.967249+02,2026-10-07 13:41:46.967249+02
20251109,8744,519.028,2026-10-07 13:41:46.967249+02,2026-10-07 13:41:46.967249+02
20251109,8745,527.206,2026-10-07 13:41:46.967249+02,2026-10-07 13:41:46.967249+02
20251110,8741,652174.275,2026-10-07 13:41:46.967249+02,2026-10-07 13:41:46.967249+02
20251110,8742,25671.243,2026-10-07 13:41:46.967249+02,2026-10-07 13:41:46.967249+02
20251110,8743,13266.258,2026-10-07 13:41:46.967249+02,2026-10-07 13:41:46.967249+02
20251110,8744,555.067,2026-10-07 13:41:46.967249+02,2026-10-07 13:41:46.967249+02
20251110,8745,576.740,2026-10-07 13:41:46.967249+02,2026-10-07 13:41:46.967249+02
20251111,8741,676681.168,2026-10-07 13:41:46.967249+02,2026-10-07 13:41:46.967249+02
20251111,8742,25678.933,2026-10-07 13:41:46.967249+02,2026-10-07 13:41:46.967249+02
20251111,8743,13284.282,2026-10-07 13:41:46.967249+02,2026-10-07 13:41:46.967249+02
20251111,8744,557.534,2026-10-07 13:41:46.967249+02,2026-10-07 13:41:46.967249+02
20251111,8745,568.352,2026-10-07 13:41:46.967249+02,2026-10-07 13:41:46.967249+02
20251112,8741,676996.773,2026-10-07 13:41:46.967249+02,2026-10-07 13:41:46.967249+02
20251112,8742,25777.260,2026-10-07 13:41:46.967249+02,2026-10-07 13:41:46.967249+02
20251112,8743,13049.954,2026-10-07 13:41:46.967249+02,2026-10-07 13:41:46.967249+02
20251112,8744,571.970,2026-10-07 13:41:46.967249+02,2026-10-07 13:41:46.967249+02
20251112,8745,587.328,2026-10-07 13:41:46.967249+02,2026-10-07 13:41:46.967249+02
20251113,8741,696473.675,2026-10-07 13:41:46.967249+02,2026-10-07 13:41:46.967249+02
20251113,8742,25680.091,2026-10-07 13:41:46.967249+02,2026-10-07 13:41:46.967249+02
20251113,8743,13045.024,2026-10-07 13:41:46.967249+02,2026-10-07 13:41:46.967249+02
20251113,8744,576.498,2026-10-07 13:41:46.967249+02,2026-10-07 13:41:46.967249+02
20251113,8745,591.991,2026-10-07 13:41:46.967249+02,2026-10-07 13:41:46.967249+02
20251114,8741,685453.426,2026-10-07 13:41:46.967249+02,2026-10-07 13:41:46.967249+02
20251114,8742,25253.266,2026-10-07 13:41:46.967249+02,2026-10-07 13:41:46.967249+02
20251114,8743,13483.271,2026-10-07 13:41:46.967249+02,2026-10-07 13:41:46.967249+02
20251114,8744,561.147,2026-10-07 13:41:46.967249+02,2026-10-07 13:41:46.967249+02
20251114,8745,582.804,2026-10-07 13:41:46.967249+02,2026-10-07 13:41:46.967249+02
20251115,8741,607406.238,2026-10-07 13:41:46.967249+02,2026-10-07 13:41:46.967249+02
20251115,8742,23951.185,2026-10-07 13:41:46.967249+02,2026-10-07 13:41:46.967249+02
20251115,8743,12285.230,2026-10-07 13:41:46.967249+02,2026-10-07 13:41:46.967249+02
20251115,8744,543.103,2026-10-07 13:41:46.967249+02,2026-10-07 13:41:46.967249+02
20251115,8745,546.857,2026-10-07 13:41:46.967249+02,2026-10-07 13:41:46.967249+02
20251116,8741,559715.178,2026-10-07 13:41:46.967249+02,2026-10-07 13:41:46.967249+02
20251116,8742,23266.572,2026-10-07 13:41:46.967249+02,2026-10-07 13:41:46.967249+02
20251116,8743,11896.187,2026-10-07 13:41:46.967249+02,2026-10-07 13:41:46.967249+02
20251116,8744,522.328,2026-10-07 13:41:46.967249+02,2026-10-07 13:41:46.967249+02
20251116,8745,538.054,2026-10-07 13:41:46.967249+02,2026-10-07 13:41:46.967249+02
20251117,8741,668772.985,2026-10-07 13:41:46.967249+02,2026-10-07 13:41:46.967249+02
20251117,8742,25015.183,2026-10-07 13:41:46.967249+02,2026-10-07 13:41:46.967249+02
20251117,8743,13721.008,2026-10-07 13:41:46.967249+02,2026-10-07 13:41:46.967249+02
20251117,8744,554.963,2026-10-07 13:41:46.967249+02,2026-10-07 13:41:46.967249+02
20251117,8745,579.142,2026-10-07 13:41:46.967249+02,2026-10-07 13:41:46.967249+02
20251118,8741,687627.133,2026-10-07 13:41:46.967249+02,2026-10-07 13:41:46.967249+02
20251118,8742,25198.029,2026-10-07 13:41:46.967249+02,2026-10-07 13:41:46.967249+02
20251118,8743,13804.733,2026-10-07 13:41:46.967249+02,2026-10-07 13:41:46.967249+02
20251118,8744,567.455,2026-10-07 13:41:46.967249+02,2026-10-07 13:41:46.967249+02
20251118,8745,586.529,2026-10-07 13:41:46.967249+02,2026-10-07 13:41:46.967249+02
20251119,8741,706362.668,2026-10-07 13:41:46.967249+02,2026-10-07 13:41:46.967249+02
20251119,8742,25383.183,2026-10-07 13:41:46.967249+02,2026-10-07 13:41:46.967249+02
20251119,8743,14032.027,2026-10-07 13:41:46.967249+02,2026-10-07 13:41:46.967249+02
20251119,8744,566.662,2026-10-07 13:41:46.967249+02,2026-10-07 13:41:46.967249+02
20251119,8745,576.770,2026-10-07 13:41:46.967249+02,2026-10-07 13:41:46.967249+02
20251120,8741,723685.263,2026-10-07 13:41:46.967249+02,2026-10-07 13:41:46.967249+02
20251120,8742,25320.332,2026-10-07 13:41:46.967249+02,2026-10-07 13:41:46.967249+02
20251120,8743,14745.561,2026-10-07 13:41:46.967249+02,2026-10-07 13:41:46.967249+02
20251120,8744,566.579,2026-10-07 13:41:46.967249+02,2026-10-07 13:41:46.967249+02
20251120,8745,578.088,2026-10-07 13:41:46.967249+02,2026-10-07 13:41:46.967249+02
20251121,8741,735258.499,2026-10-07 13:41:46.967249+02,2026-10-07 13:41:46.967249+02
20251121,8742,25643.865,2026-10-07 13:41:46.967249+02,2026-10-07 13:41:46.967249+02
20251121,8743,16081.862,2026-10-07 13:41:46.967249+02,2026-10-07 13:41:46.967249+02
20251121,8744,557.511,2026-10-07 13:41:46.967249+02,2026-10-07 13:41:46.967249+02
20251121,8745,579.458,2026-10-07 13:41:46.967249+02,2026-10-07 13:41:46.967249+02
20251122,8741,660278.901,2026-10-07 13:41:46.967249+02,2026-10-07 13:41:46.967249+02
20251122,8742,24303.177,2026-10-07 13:41:46.967249+02,2026-10-07 13:41:46.967249+02
20251122,8743,15051.587,2026-10-07 13:41:46.967249+02,2026-10-07 13:41:46.967249+02
20251122,8744,535.867,2026-10-07 13:41:46.967249+02,2026-10-07 13:41:46.967249+02
20251122,8745,552.374,2026-10-07 13:41:46.967249+02,2026-10-07 13:41:46.967249+02
20251123,8741,624135.684,2026-10-07 13:41:46.967249+02,2026-10-07 13:41:46.967249+02
20251123,8742,23158.117,2026-10-07 13:41:46.967249+02,2026-10-07 13:41:46.967249+02
20251123,8743,14538.862,2026-10-07 13:41:46.967249+02,2026-10-07 13:41:46.967249+02
20251123,8744,529.731,2026-10-07 13:41:46.967249+02,2026-10-07 13:41:46.967249+02
20251123,8745,546.203,2026-10-07 13:41:46.967249+02,2026-10-07 13:41:46.967249+02
20251124,8741,736060.165,2026-10-07 13:41:46.967249+02,2026-10-07 13:41:46.967249+02
20251124,8742,25331.756,2026-10-07 13:41:46.967249+02,2026-10-07 13:41:46.967249+02
20251124,8743,14990.796,2026-10-07 13:41:46.967249+02,2026-10-07 13:41:46.967249+02
20251124,8744,574.697,2026-10-07 13:41:46.967249+02,2026-10-07 13:41:46.967249+02
20251124,8745,589.257,2026-10-07 13:41:46.967249+02,2026-10-07 13:41:46.967249+02
20251125,8741,739888.813,2026-10-07 13:41:46.967249+02,2026-10-07 13:41:46.967249+02
20251125,8742,25487.233,2026-10-07 13:41:46.967249+02,2026-10-07 13:41:46.967249+02
20251125,8743,15118.066,2026-10-07 13:41:46.967249+02,2026-10-07 13:41:46.967249+02
20251125,8744,588.058,2026-10-07 13:41:46.967249+02,2026-10-07 13:41:46.967249+02
20251125,8745,590.276,2026-10-07 13:41:46.967249+02,2026-10-07 13:41:46.967249+02
20251126,8741,747373.247,2026-10-07 13:41:46.967249+02,2026-10-07 13:41:46.967249+02
20251126,8742,25474.237,2026-10-07 13:41:46.967249+02,2026-10-07 13:41:46.967249+02
20251126,8743,15639.556,2026-10-07 13:41:46.967249+02,2026-10-07 13:41:46.967249+02
20251126,8744,583.778,2026-10-07 13:41:46.967249+02,2026-10-07 13:41:46.967249+02
20251126,8745,589.418,2026-10-07 13:41:46.967249+02,2026-10-07 13:41:46.967249+02
20251127,8741,755171.638,2026-10-07 13:41:46.967249+02,2026-10-07 13:41:46.967249+02
20251127,8742,25569.900,2026-10-07 13:41:46.967249+02,2026-10-07 13:41:46.967249+02
20251127,8743,16123.546,2026-10-07 13:41:46.967249+02,2026-10-07 13:41:46.967249+02
20251127,8744,588.035,2026-10-07 13:41:46.967249+02,2026-10-07 13:41:46.967249+02
20251127,8745,600.487,2026-10-07 13:41:46.967249+02,2026-10-07 13:41:46.967249+02
20251128,8741,746449.432,2026-10-07 13:41:46.967249+02,2026-10-07 13:41:46.967249+02
20251128,8742,25138.215,2026-10-07 13:41:46.967249+02,2026-10-07 13:41:46.967249+02
20251128,8743,16182.874,2026-10-07 13:41:46.967249+02,2026-10-07 13:41:46.967249+02
20251128,8744,576.679,2026-10-07 13:41:46.967249+02,2026-10-07 13:41:46.967249+02
20251128,8745,598.339,2026-10-07 13:41:46.967249+02,2026-10-07 13:41:46.967249+02
20251129,8741,663238.389,2026-10-07 13:41:46.967249+02,2026-10-07 13:41:46.967249+02
20251129,8742,23997.795,2026-10-07 13:41:46.967249+02,2026-10-07 13:41:46.967249+02
20251129,8743,15004.401,2026-10-07 13:41:46.967249+02,2026-10-07 13:41:46.967249+02
20251129,8744,549.232,2026-10-07 13:41:46.967249+02,2026-10-07 13:41:46.967249+02
20251129,8745,577.855,2026-10-07 13:41:46.967249+02,2026-10-07 13:41:46.967249+02
20251130,8741,635389.478,2026-10-07 13:41:46.967249+02,2026-10-07 13:41:46.967249+02
20251130,8742,23294.265,2026-10-07 13:41:46.967249+02,2026-10-07 13:41:46.967249+02
20251130,8743,13885.520,2026-10-07 13:41:46.967249+02,2026-10-07 13:41:46.967249+02
20251130,8744,557.640,2026-10-07 13:41:46.967249+02,2026-10-07 13:41:46.967249+02
20251130,8745,591.286,2026-10-07 13:41:46.967249+02,2026-10-07 13:41:46.967249+02
20251201,8741,748785.670,2026-10-07 13:41:46.967249+02,2026-10-07 13:41:46.967249+02
20251201,8742,25018.543,2026-10-07 13:41:46.967249+02,2026-10-07 13:41:46.967249+02
20251201,8743,15470.753,2026-10-07 13:41:46.967249+02,2026-10-07 13:41:46.967249+02
20251201,8744,589.013,2026-10-07 13:41:46.967249+02,2026-10-07 13:41:46.967249+02
20251201,8745,613.879,2026-10-07 13:41:46.967249+02,2026-10-07 13:41:46.967249+02
20251202,8741,769094.292,2026-10-07 13:41:46.967249+02,2026-10-07 13:41:46.967249+02
20251202,8742,25141.805,2026-10-07 13:41:46.967249+02,2026-10-07 13:41:46.967249+02
20251202,8743,15751.306,2026-10-07 13:41:46.967249+02,2026-10-07 13:41:46.967249+02
20251202,8744,598.476,2026-10-07 13:41:46.967249+02,2026-10-07 13:41:46.967249+02
20251202,8745,621.525,2026-10-07 13:41:46.967249+02,2026-10-07 13:41:46.967249+02
20251203,8741,769738.537,2026-10-07 13:41:46.967249+02,2026-10-07 13:41:46.967249+02
20251203,8742,25411.798,2026-10-07 13:41:46.967249+02,2026-10-07 13:41:46.967249+02
20251203,8743,15934.604,2026-10-07 13:41:46.967249+02,2026-10-07 13:41:46.967249+02
20251203,8744,625.552,2026-10-07 13:41:46.967249+02,2026-10-07 13:41:46.967249+02
20251203,8745,639.867,2026-10-07 13:41:46.967249+02,2026-10-07 13:41:46.967249+02
20251204,8741,794868.182,2026-10-07 13:41:46.967249+02,2026-10-07 13:41:46.967249+02
20251204,8742,25210.793,2026-10-07 13:41:46.967249+02,2026-10-07 13:41:46.967249+02
20251204,8743,16120.886,2026-10-07 13:41:46.967249+02,2026-10-07 13:41:46.967249+02
20251204,8744,623.086,2026-10-07 13:41:46.967249+02,2026-10-07 13:41:46.967249+02
20251204,8745,628.412,2026-10-07 13:41:46.967249+02,2026-10-07 13:41:46.967249+02
20251205,8741,762055.194,2026-10-07 13:41:46.967249+02,2026-10-07 13:41:46.967249+02
20251205,8742,25063.049,2026-10-07 13:41:46.967249+02,2026-10-07 13:41:46.967249+02
20251205,8743,15744.616,2026-10-07 13:41:46.967249+02,2026-10-07 13:41:46.967249+02
20251205,8744,574.348,2026-10-07 13:41:46.967249+02,2026-10-07 13:41:46.967249+02
20251205,8745,608.888,2026-10-07 13:41:46.967249+02,2026-10-07 13:41:46.967249+02
20251206,8741,640999.102,2026-10-07 13:41:46.967249+02,2026-10-07 13:41:46.967249+02
20251206,8742,23876.795,2026-10-07 13:41:46.967249+02,2026-10-07 13:41:46.967249+02
20251206,8743,14116.365,2026-10-07 13:41:46.967249+02,2026-10-07 13:41:46.967249+02
20251206,8744,510.679,2026-10-07 13:41:46.967249+02,2026-10-07 13:41:46.967249+02
20251206,8745,561.106,2026-10-07 13:41:46.967249+02,2026-10-07 13:41:46.967249+02
20251207,8741,594542.444,2026-10-07 13:41:46.967249+02,2026-10-07 13:41:46.967249+02
20251207,8742,22608.932,2026-10-07 13:41:46.967249+02,2026-10-07 13:41:46.967249+02
20251207,8743,13317.465,2026-10-07 13:41:46.967249+02,2026-10-07 13:41:46.967249+02
20251207,8744,515.580,2026-10-07 13:41:46.967249+02,2026-10-07 13:41:46.967249+02
20251207,8745,537.803,2026-10-07 13:41:46.967249+02,2026-10-07 13:41:46.967249+02
20251208,8741,613846.456,2026-10-07 13:41:46.967249+02,2026-10-07 13:41:46.967249+02
20251208,8742,23199.654,2026-10-07 13:41:46.967249+02,2026-10-07 13:41:46.967249+02
20251208,8743,13438.619,2026-10-07 13:41:46.967249+02,2026-10-07 13:41:46.967249+02
20251208,8744,540.105,2026-10-07 13:41:46.967249+02,2026-10-07 13:41:46.967249+02
20251208,8745,559.558,2026-10-07 13:41:46.967249+02,2026-10-07 13:41:46.967249+02
20251209,8741,724710.365,2026-10-07 13:41:46.967249+02,2026-10-07 13:41:46.967249+02
20251209,8742,24765.249,2026-10-07 13:41:46.967249+02,2026-10-07 13:41:46.967249+02
20251209,8743,14853.568,2026-10-07 13:41:46.967249+02,2026-10-07 13:41:46.967249+02
20251209,8744,593.843,2026-10-07 13:41:46.967249+02,2026-10-07 13:41:46.967249+02
20251209,8745,615.165,2026-10-07 13:41:46.967249+02,2026-10-07 13:41:46.967249+02
20251210,8741,752451.965,2026-10-07 13:41:46.967249+02,2026-10-07 13:41:46.967249+02
20251210,8742,25391.377,2026-10-07 13:41:46.967249+02,2026-10-07 13:41:46.967249+02
20251210,8743,14843.377,2026-10-07 13:41:46.967249+02,2026-10-07 13:41:46.967249+02
20251210,8744,618.677,2026-10-07 13:41:46.967249+02,2026-10-07 13:41:46.967249+02
20251210,8745,638.267,2026-10-07 13:41:46.967249+02,2026-10-07 13:41:46.967249+02
20251211,8741,746314.295,2026-10-07 13:41:46.967249+02,2026-10-07 13:41:46.967249+02
20251211,8742,25169.341,2026-10-07 13:41:46.967249+02,2026-10-07 13:41:46.967249+02
20251211,8743,15087.241,2026-10-07 13:41:46.967249+02,2026-10-07 13:41:46.967249+02
20251211,8744,602.762,2026-10-07 13:41:46.967249+02,2026-10-07 13:41:46.967249+02
20251211,8745,630.333,2026-10-07 13:41:46.967249+02,2026-10-07 13:41:46.967249+02
20251212,8741,745771.952,2026-10-07 13:41:46.967249+02,2026-10-07 13:41:46.967249+02
20251212,8742,25297.023,2026-10-07 13:41:46.967249+02,2026-10-07 13:41:46.967249+02
20251212,8743,14639.930,2026-10-07 13:41:46.967249+02,2026-10-07 13:41:46.967249+02
20251212,8744,603.540,2026-10-07 13:41:46.967249+02,2026-10-07 13:41:46.967249+02
20251212,8745,625.921,2026-10-07 13:41:46.967249+02,2026-10-07 13:41:46.967249+02
20251213,8741,647513.314,2026-10-07 13:41:46.967249+02,2026-10-07 13:41:46.967249+02
20251213,8742,24116.637,2026-10-07 13:41:46.967249+02,2026-10-07 13:41:46.967249+02
20251213,8743,14056.521,2026-10-07 13:41:46.967249+02,2026-10-07 13:41:46.967249+02
20251213,8744,580.857,2026-10-07 13:41:46.967249+02,2026-10-07 13:41:46.967249+02
20251213,8745,609.573,2026-10-07 13:41:46.967249+02,2026-10-07 13:41:46.967249+02
20251214,8741,620691.660,2026-10-07 13:41:46.967249+02,2026-10-07 13:41:46.967249+02
20251214,8742,23202.703,2026-10-07 13:41:46.967249+02,2026-10-07 13:41:46.967249+02
20251214,8743,13516.967,2026-10-07 13:41:46.967249+02,2026-10-07 13:41:46.967249+02
20251214,8744,567.023,2026-10-07 13:41:46.967249+02,2026-10-07 13:41:46.967249+02
20251214,8745,596.883,2026-10-07 13:41:46.967249+02,2026-10-07 13:41:46.967249+02
20251215,8741,732090.095,2026-10-07 13:41:46.967249+02,2026-10-07 13:41:46.967249+02
20251215,8742,24767.798,2026-10-07 13:41:46.967249+02,2026-10-07 13:41:46.967249+02
20251215,8743,14435.049,2026-10-07 13:41:46.967249+02,2026-10-07 13:41:46.967249+02
20251215,8744,595.222,2026-10-07 13:41:46.967249+02,2026-10-07 13:41:46.967249+02
20251215,8745,631.561,2026-10-07 13:41:46.967249+02,2026-10-07 13:41:46.967249+02
20251216,8741,761949.954,2026-10-07 13:41:46.967249+02,2026-10-07 13:41:46.967249+02
20251216,8742,25099.062,2026-10-07 13:41:46.967249+02,2026-10-07 13:41:46.967249+02
20251216,8743,14665.869,2026-10-07 13:41:46.967249+02,2026-10-07 13:41:46.967249+02
20251216,8744,630.548,2026-10-07 13:41:46.967249+02,2026-10-07 13:41:46.967249+02
20251216,8745,639.260,2026-10-07 13:41:46.967249+02,2026-10-07 13:41:46.967249+02
20251217,8741,741346.665,2026-10-07 13:41:46.967249+02,2026-10-07 13:41:46.967249+02
20251217,8742,25358.003,2026-10-07 13:41:46.967249+02,2026-10-07 13:41:46.967249+02
20251217,8743,14546.617,2026-10-07 13:41:46.967249+02,2026-10-07 13:41:46.967249+02
20251217,8744,606.636,2026-10-07 13:41:46.967249+02,2026-10-07 13:41:46.967249+02
20251217,8745,643.131,2026-10-07 13:41:46.967249+02,2026-10-07 13:41:46.967249+02
20251218,8741,738945.675,2026-10-07 13:41:46.967249+02,2026-10-07 13:41:46.967249+02
20251218,8742,25293.557,2026-10-07 13:41:46.967249+02,2026-10-07 13:41:46.967249+02
20251218,8743,14671.677,2026-10-07 13:41:46.967249+02,2026-10-07 13:41:46.967249+02
20251218,8744,617.231,2026-10-07 13:41:46.967249+02,2026-10-07 13:41:46.967249+02
20251218,8745,654.137,2026-10-07 13:41:46.967249+02,2026-10-07 13:41:46.967249+02
20251219,8741,734821.789,2026-10-07 13:41:46.967249+02,2026-10-07 13:41:46.967249+02
20251219,8742,25133.567,2026-10-07 13:41:46.967249+02,2026-10-07 13:41:46.967249+02
20251219,8743,14745.656,2026-10-07 13:41:46.967249+02,2026-10-07 13:41:46.967249+02
20251219,8744,596.358,2026-10-07 13:41:46.967249+02,2026-10-07 13:41:46.967249+02
20251219,8745,632.820,2026-10-07 13:41:46.967249+02,2026-10-07 13:41:46.967249+02
20251220,8741,653223.966,2026-10-07 13:41:46.967249+02,2026-10-07 13:41:46.967249+02
20251220,8742,24184.448,2026-10-07 13:41:46.967249+02,2026-10-07 13:41:46.967249+02
20251220,8743,14246.656,2026-10-07 13:41:46.967249+02,2026-10-07 13:41:46.967249+02
20251220,8744,554.009,2026-10-07 13:41:46.967249+02,2026-10-07 13:41:46.967249+02
20251220,8745,611.505,2026-10-07 13:41:46.967249+02,2026-10-07 13:41:46.967249+02
20251221,8741,632338.115,2026-10-07 13:41:46.967249+02,2026-10-07 13:41:46.967249+02
20251221,8742,23369.653,2026-10-07 13:41:46.967249+02,2026-10-07 13:41:46.967249+02
20251221,8743,13353.017,2026-10-07 13:41:46.967249+02,2026-10-07 13:41:46.967249+02
20251221,8744,560.100,2026-10-07 13:41:46.967249+02,2026-10-07 13:41:46.967249+02
20251221,8745,604.615,2026-10-07 13:41:46.967249+02,2026-10-07 13:41:46.967249+02
20251222,8741,727517.788,2026-10-07 13:41:46.967249+02,2026-10-07 13:41:46.967249+02
20251222,8742,25383.432,2026-10-07 13:41:46.967249+02,2026-10-07 13:41:46.967249+02
20251222,8743,15987.784,2026-10-07 13:41:46.967249+02,2026-10-07 13:41:46.967249+02
20251222,8744,617.870,2026-10-07 13:41:46.967249+02,2026-10-07 13:41:46.967249+02
20251222,8745,653.941,2026-10-07 13:41:46.967249+02,2026-10-07 13:41:46.967249+02
20251223,8741,734105.279,2026-10-07 13:41:46.967249+02,2026-10-07 13:41:46.967249+02
20251223,8742,25453.553,2026-10-07 13:41:46.967249+02,2026-10-07 13:41:46.967249+02
20251223,8743,16863.231,2026-10-07 13:41:46.967249+02,2026-10-07 13:41:46.967249+02
20251223,8744,630.376,2026-10-07 13:41:46.967249+02,2026-10-07 13:41:46.967249+02
20251223,8745,650.329,2026-10-07 13:41:46.967249+02,2026-10-07 13:41:46.967249+02
20251224,8741,643161.923,2026-10-07 13:41:46.967249+02,2026-10-07 13:41:46.967249+02
20251224,8742,25229.507,2026-10-07 13:41:46.967249+02,2026-10-07 13:41:46.967249+02
20251224,8743,16669.747,2026-10-07 13:41:46.967249+02,2026-10-07 13:41:46.967249+02
20251224,8744,560.848,2026-10-07 13:41:46.967249+02,2026-10-07 13:41:46.967249+02
20251224,8745,642.837,2026-10-07 13:41:46.967249+02,2026-10-07 13:41:46.967249+02
20251225,8741,571536.520,2026-10-07 13:41:46.967249+02,2026-10-07 13:41:46.967249+02
20251225,8742,22585.569,2026-10-07 13:41:46.967249+02,2026-10-07 13:41:46.967249+02
20251225,8743,14756.097,2026-10-07 13:41:46.967249+02,2026-10-07 13:41:46.967249+02
20251225,8744,545.226,2026-10-07 13:41:46.967249+02,2026-10-07 13:41:46.967249+02
20251225,8745,593.682,2026-10-07 13:41:46.967249+02,2026-10-07 13:41:46.967249+02
20251226,8741,642238.540,2026-10-07 13:41:46.967249+02,2026-10-07 13:41:46.967249+02
20251226,8742,24927.787,2026-10-07 13:41:46.967249+02,2026-10-07 13:41:46.967249+02
20251226,8743,15153.591,2026-10-07 13:41:46.967249+02,2026-10-07 13:41:46.967249+02
20251226,8744,592.822,2026-10-07 13:41:46.967249+02,2026-10-07 13:41:46.967249+02
20251226,8745,634.877,2026-10-07 13:41:46.967249+02,2026-10-07 13:41:46.967249+02
20251227,8741,636074.353,2026-10-07 13:41:46.967249+02,2026-10-07 13:41:46.967249+02
20251227,8742,24179.622,2026-10-07 13:41:46.967249+02,2026-10-07 13:41:46.967249+02
20251227,8743,15889.194,2026-10-07 13:41:46.967249+02,2026-10-07 13:41:46.967249+02
20251227,8744,580.563,2026-10-07 13:41:46.967249+02,2026-10-07 13:41:46.967249+02
20251227,8745,611.440,2026-10-07 13:41:46.967249+02,2026-10-07 13:41:46.967249+02
20251228,8741,599586.469,2026-10-07 13:41:46.967249+02,2026-10-07 13:41:46.967249+02
20251228,8742,23698.113,2026-10-07 13:41:46.967249+02,2026-10-07 13:41:46.967249+02
20251228,8743,14754.603,2026-10-07 13:41:46.967249+02,2026-10-07 13:41:46.967249+02
20251228,8744,563.010,2026-10-07 13:41:46.967249+02,2026-10-07 13:41:46.967249+02
20251228,8745,604.952,2026-10-07 13:41:46.967249+02,2026-10-07 13:41:46.967249+02
20251229,8741,670639.378,2026-10-07 13:41:46.967249+02,2026-10-07 13:41:46.967249+02
20251229,8742,25221.960,2026-10-07 13:41:46.967249+02,2026-10-07 13:41:46.967249+02
20251229,8743,16433.297,2026-10-07 13:41:46.967249+02,2026-10-07 13:41:46.967249+02
20251229,8744,605.535,2026-10-07 13:41:46.967249+02,2026-10-07 13:41:46.967249+02
20251229,8745,646.261,2026-10-07 13:41:46.967249+02,2026-10-07 13:41:46.967249+02
20251230,8741,681092.531,2026-10-07 13:41:46.967249+02,2026-10-07 13:41:46.967249+02
20251230,8742,25385.449,2026-10-07 13:41:46.967249+02,2026-10-07 13:41:46.967249+02
20251230,8743,16355.866,2026-10-07 13:41:46.967249+02,2026-10-07 13:41:46.967249+02
20251230,8744,600.212,2026-10-07 13:41:46.967249+02,2026-10-07 13:41:46.967249+02
20251230,8745,633.649,2026-10-07 13:41:46.967249+02,2026-10-07 13:41:46.967249+02
20251231,8741,640786.698,2026-10-07 13:41:46.967249+02,2026-10-07 13:41:46.967249+02
20251231,8742,25319.966,2026-10-07 13:41:46.967249+02,2026-10-07 13:41:46.967249+02
20251231,8743,16718.894,2026-10-07 13:41:46.967249+02,2026-10-07 13:41:46.967249+02
20251231,8744,570.149,2026-10-07 13:41:46.967249+02,2026-10-07 13:41:46.967249+02
20251231,8745,639.136,2026-10-07 13:41:46.967249+02,2026-10-07 13:41:46.967249+02
20260101,8741,574853.860,2026-10-07 13:41:46.967249+02,2026-10-07 13:41:46.967249+02
20260101,8742,22823.620,2026-10-07 13:41:46.967249+02,2026-10-07 13:41:46.967249+02
20260101,8743,15240.640,2026-10-07 13:41:46.967249+02,2026-10-07 13:41:46.967249+02
20260101,8744,530.880,2026-10-07 13:41:46.967249+02,2026-10-07 13:41:46.967249+02
20260101,8745,566.750,2026-10-07 13:41:46.967249+02,2026-10-07 13:41:46.967249+02
20260102,8741,673349.710,2026-10-07 13:41:46.967249+02,2026-10-07 13:41:46.967249+02
20260102,8742,25199.480,2026-10-07 13:41:46.967249+02,2026-10-07 13:41:46.967249+02
20260102,8743,16446.280,2026-10-07 13:41:46.967249+02,2026-10-07 13:41:46.967249+02
20260102,8744,559.460,2026-10-07 13:41:46.967249+02,2026-10-07 13:41:46.967249+02
20260102,8745,607.550,2026-10-07 13:41:46.967249+02,2026-10-07 13:41:46.967249+02
20260103,8741,654584.640,2026-10-07 13:41:46.967249+02,2026-10-07 13:41:46.967249+02
20260103,8742,24511.920,2026-10-07 13:41:46.967249+02,2026-10-07 13:41:46.967249+02
20260103,8743,15463.610,2026-10-07 13:41:46.967249+02,2026-10-07 13:41:46.967249+02
20260103,8744,557.620,2026-10-07 13:41:46.967249+02,2026-10-07 13:41:46.967249+02
20260103,8745,591.700,2026-10-07 13:41:46.967249+02,2026-10-07 13:41:46.967249+02
20260104,8741,640639.320,2026-10-07 13:41:46.967249+02,2026-10-07 13:41:46.967249+02
20260104,8742,23758.650,2026-10-07 13:41:46.967249+02,2026-10-07 13:41:46.967249+02
20260104,8743,16429.120,2026-10-07 13:41:46.967249+02,2026-10-07 13:41:46.967249+02
20260104,8744,569.160,2026-10-07 13:41:46.967249+02,2026-10-07 13:41:46.967249+02
20260104,8745,591.520,2026-10-07 13:41:46.967249+02,2026-10-07 13:41:46.967249+02
20260105,8741,701822.610,2026-10-07 13:41:46.967249+02,2026-10-07 13:41:46.967249+02
20260105,8742,24822.820,2026-10-07 13:41:46.967249+02,2026-10-07 13:41:46.967249+02
20260105,8743,18109.090,2026-10-07 13:41:46.967249+02,2026-10-07 13:41:46.967249+02
20260105,8744,563.600,2026-10-07 13:41:46.967249+02,2026-10-07 13:41:46.967249+02
20260105,8745,628.620,2026-10-07 13:41:46.967249+02,2026-10-07 13:41:46.967249+02
20260106,8741,640718.560,2026-10-07 13:41:46.967249+02,2026-10-07 13:41:46.967249+02
20260106,8742,22760.060,2026-10-07 13:41:46.967249+02,2026-10-07 13:41:46.967249+02
20260106,8743,16626.890,2026-10-07 13:41:46.967249+02,2026-10-07 13:41:46.967249+02
20260106,8744,585.690,2026-10-07 13:41:46.967249+02,2026-10-07 13:41:46.967249+02
20260106,8745,592.030,2026-10-07 13:41:46.967249+02,2026-10-07 13:41:46.967249+02
20260107,8741,804343.560,2026-10-07 13:41:46.967249+02,2026-10-07 13:41:46.967249+02
20260107,8742,25549.260,2026-10-07 13:41:46.967249+02,2026-10-07 13:41:46.967249+02
20260107,8743,18505.920,2026-10-07 13:41:46.967249+02,2026-10-07 13:41:46.967249+02
20260107,8744,658.880,2026-10-07 13:41:46.967249+02,2026-10-07 13:41:46.967249+02
20260107,8745,669.060,2026-10-07 13:41:46.967249+02,2026-10-07 13:41:46.967249+02
20260108,8741,820397.600,2026-10-07 13:41:46.967249+02,2026-10-07 13:41:46.967249+02
20260108,8742,25709.620,2026-10-07 13:41:46.967249+02,2026-10-07 13:41:46.967249+02
20260108,8743,17456.430,2026-10-07 13:41:46.967249+02,2026-10-07 13:41:46.967249+02
20260108,8744,626.040,2026-10-07 13:41:46.967249+02,2026-10-07 13:41:46.967249+02
20260108,8745,656.780,2026-10-07 13:41:46.967249+02,2026-10-07 13:41:46.967249+02
20260109,8741,794709.440,2026-10-07 13:41:46.967249+02,2026-10-07 13:41:46.967249+02
20260109,8742,25551.680,2026-10-07 13:41:46.967249+02,2026-10-07 13:41:46.967249+02
20260109,8743,16403.930,2026-10-07 13:41:46.967249+02,2026-10-07 13:41:46.967249+02
20260109,8744,631.510,2026-10-07 13:41:46.967249+02,2026-10-07 13:41:46.967249+02
20260109,8745,661.100,2026-10-07 13:41:46.967249+02,2026-10-07 13:41:46.967249+02
20260110,8741,689943.400,2026-10-07 13:41:46.967249+02,2026-10-07 13:41:46.967249+02
20260110,8742,24628.750,2026-10-07 13:41:46.967249+02,2026-10-07 13:41:46.967249+02
20260110,8743,15541.770,2026-10-07 13:41:46.967249+02,2026-10-07 13:41:46.967249+02
20260110,8744,578.390,2026-10-07 13:41:46.967249+02,2026-10-07 13:41:46.967249+02
20260110,8745,620.730,2026-10-07 13:41:46.967249+02,2026-10-07 13:41:46.967249+02
20260111,8741,652500.570,2026-10-07 13:41:46.967249+02,2026-10-07 13:41:46.967249+02
20260111,8742,23445.180,2026-10-07 13:41:46.967249+02,2026-10-07 13:41:46.967249+02
20260111,8743,14776.850,2026-10-07 13:41:46.967249+02,2026-10-07 13:41:46.967249+02
20260111,8744,566.330,2026-10-07 13:41:46.967249+02,2026-10-07 13:41:46.967249+02
20260111,8745,613.490,2026-10-07 13:41:46.967249+02,2026-10-07 13:41:46.967249+02
20260112,8741,775838.730,2026-10-07 13:41:46.967249+02,2026-10-07 13:41:46.967249+02
20260112,8742,25235.850,2026-10-07 13:41:46.967249+02,2026-10-07 13:41:46.967249+02
20260112,8743,16575.490,2026-10-07 13:41:46.967249+02,2026-10-07 13:41:46.967249+02
20260112,8744,620.390,2026-10-07 13:41:46.967249+02,2026-10-07 13:41:46.967249+02
20260112,8745,649.720,2026-10-07 13:41:46.967249+02,2026-10-07 13:41:46.967249+02
20260113,8741,791232.290,2026-10-07 13:41:46.967249+02,2026-10-07 13:41:46.967249+02
20260113,8742,25763.910,2026-10-07 13:41:46.967249+02,2026-10-07 13:41:46.967249+02
20260113,8743,15912.750,2026-10-07 13:41:46.967249+02,2026-10-07 13:41:46.967249+02
20260113,8744,636.920,2026-10-07 13:41:46.967249+02,2026-10-07 13:41:46.967249+02
20260113,8745,656.520,2026-10-07 13:41:46.967249+02,2026-10-07 13:41:46.967249+02
20260114,8741,778391.610,2026-10-07 13:41:46.967249+02,2026-10-07 13:41:46.967249+02
20260114,8742,25771.610,2026-10-07 13:41:46.967249+02,2026-10-07 13:41:46.967249+02
20260114,8743,15967.900,2026-10-07 13:41:46.967249+02,2026-10-07 13:41:46.967249+02
20260114,8744,637.510,2026-10-07 13:41:46.967249+02,2026-10-07 13:41:46.967249+02
20260114,8745,656.640,2026-10-07 13:41:46.967249+02,2026-10-07 13:41:46.967249+02
20260115,8741,790793.190,2026-10-07 13:41:46.967249+02,2026-10-07 13:41:46.967249+02
20260115,8742,25778.390,2026-10-07 13:41:46.967249+02,2026-10-07 13:41:46.967249+02
20260115,8743,16015.660,2026-10-07 13:41:46.967249+02,2026-10-07 13:41:46.967249+02
20260115,8744,626.110,2026-10-07 13:41:46.967249+02,2026-10-07 13:41:46.967249+02
20260115,8745,648.750,2026-10-07 13:41:46.967249+02,2026-10-07 13:41:46.967249+02
20260116,8741,779551.470,2026-10-07 13:41:46.967249+02,2026-10-07 13:41:46.967249+02
20260116,8742,25561.750,2026-10-07 13:41:46.967249+02,2026-10-07 13:41:46.967249+02
20260116,8743,15673.670,2026-10-07 13:41:46.967249+02,2026-10-07 13:41:46.967249+02
20260116,8744,630.470,2026-10-07 13:41:46.967249+02,2026-10-07 13:41:46.967249+02
20260116,8745,634.880,2026-10-07 13:41:46.967249+02,2026-10-07 13:41:46.967249+02
20260117,8741,696936.180,2026-10-07 13:41:46.967249+02,2026-10-07 13:41:46.967249+02
20260117,8742,24535.580,2026-10-07 13:41:46.967249+02,2026-10-07 13:41:46.967249+02
20260117,8743,15437.950,2026-10-07 13:41:46.967249+02,2026-10-07 13:41:46.967249+02
20260117,8744,604.630,2026-10-07 13:41:46.967249+02,2026-10-07 13:41:46.967249+02
20260117,8745,636.620,2026-10-07 13:41:46.967249+02,2026-10-07 13:41:46.967249+02
20260118,8741,655205.380,2026-10-07 13:41:46.967249+02,2026-10-07 13:41:46.967249+02
20260118,8742,23958.410,2026-10-07 13:41:46.967249+02,2026-10-07 13:41:46.967249+02
20260118,8743,14805.170,2026-10-07 13:41:46.967249+02,2026-10-07 13:41:46.967249+02
20260118,8744,627.480,2026-10-07 13:41:46.967249+02,2026-10-07 13:41:46.967249+02
20260118,8745,620.150,2026-10-07 13:41:46.967249+02,2026-10-07 13:41:46.967249+02
20260119,8741,782836.030,2026-10-07 13:41:46.967249+02,2026-10-07 13:41:46.967249+02
20260119,8742,25502.570,2026-10-07 13:41:46.967249+02,2026-10-07 13:41:46.967249+02
20260119,8743,16818.200,2026-10-07 13:41:46.967249+02,2026-10-07 13:41:46.967249+02
20260119,8744,678.350,2026-10-07 13:41:46.967249+02,2026-10-07 13:41:46.967249+02
20260119,8745,680.990,2026-10-07 13:41:46.967249+02,2026-10-07 13:41:46.967249+02
20260120,8741,804762.080,2026-10-07 13:41:46.967249+02,2026-10-07 13:41:46.967249+02
20260120,8742,25374.670,2026-10-07 13:41:46.967249+02,2026-10-07 13:41:46.967249+02
20260120,8743,16801.770,2026-10-07 13:41:46.967249+02,2026-10-07 13:41:46.967249+02
20260120,8744,681.700,2026-10-07 13:41:46.967249+02,2026-10-07 13:41:46.967249+02
20260120,8745,683.210,2026-10-07 13:41:46.967249+02,2026-10-07 13:41:46.967249+02
20260121,8741,812411.330,2026-10-07 13:41:46.967249+02,2026-10-07 13:41:46.967249+02
20260121,8742,25614.950,2026-10-07 13:41:46.967249+02,2026-10-07 13:41:46.967249+02
20260121,8743,15821.300,2026-10-07 13:41:46.967249+02,2026-10-07 13:41:46.967249+02
20260121,8744,681.960,2026-10-07 13:41:46.967249+02,2026-10-07 13:41:46.967249+02
20260121,8745,663.800,2026-10-07 13:41:46.967249+02,2026-10-07 13:41:46.967249+02
20260122,8741,787641.750,2026-10-07 13:41:46.967249+02,2026-10-07 13:41:46.967249+02
20260122,8742,25764.060,2026-10-07 13:41:46.967249+02,2026-10-07 13:41:46.967249+02
20260122,8743,16650.300,2026-10-07 13:41:46.967249+02,2026-10-07 13:41:46.967249+02
20260122,8744,654.830,2026-10-07 13:41:46.967249+02,2026-10-07 13:41:46.967249+02
20260122,8745,656.810,2026-10-07 13:41:46.967249+02,2026-10-07 13:41:46.967249+02
20260123,8741,776222.460,2026-10-07 13:41:46.967249+02,2026-10-07 13:41:46.967249+02
20260123,8742,25375.220,2026-10-07 13:41:46.967249+02,2026-10-07 13:41:46.967249+02
20260123,8743,16147.770,2026-10-07 13:41:46.967249+02,2026-10-07 13:41:46.967249+02
20260123,8744,638.920,2026-10-07 13:41:46.967249+02,2026-10-07 13:41:46.967249+02
20260123,8745,641.530,2026-10-07 13:41:46.967249+02,2026-10-07 13:41:46.967249+02
20260124,8741,712327.600,2026-10-07 13:41:46.967249+02,2026-10-07 13:41:46.967249+02
20260124,8742,24031.870,2026-10-07 13:41:46.967249+02,2026-10-07 13:41:46.967249+02
20260124,8743,15726.530,2026-10-07 13:41:46.967249+02,2026-10-07 13:41:46.967249+02
20260124,8744,624.410,2026-10-07 13:41:46.967249+02,2026-10-07 13:41:46.967249+02
20260124,8745,642.240,2026-10-07 13:41:46.967249+02,2026-10-07 13:41:46.967249+02
20260125,8741,660720.570,2026-10-07 13:41:46.967249+02,2026-10-07 13:41:46.967249+02
20260125,8742,23011.230,2026-10-07 13:41:46.967249+02,2026-10-07 13:41:46.967249+02
20260125,8743,14904.080,2026-10-07 13:41:46.967249+02,2026-10-07 13:41:46.967249+02
20260125,8744,629.530,2026-10-07 13:41:46.967249+02,2026-10-07 13:41:46.967249+02
20260125,8745,613.010,2026-10-07 13:41:46.967249+02,2026-10-07 13:41:46.967249+02
20260126,8741,784067.950,2026-10-07 13:41:46.967249+02,2026-10-07 13:41:46.967249+02
20260126,8742,25007.390,2026-10-07 13:41:46.967249+02,2026-10-07 13:41:46.967249+02
20260126,8743,16331.440,2026-10-07 13:41:46.967249+02,2026-10-07 13:41:46.967249+02
20260126,8744,651.830,2026-10-07 13:41:46.967249+02,2026-10-07 13:41:46.967249+02
20260126,8745,648.210,2026-10-07 13:41:46.967249+02,2026-10-07 13:41:46.967249+02
20260127,8741,795977.580,2026-10-07 13:41:46.967249+02,2026-10-07 13:41:46.967249+02
20260127,8742,25059.070,2026-10-07 13:41:46.967249+02,2026-10-07 13:41:46.967249+02
20260127,8743,16038.580,2026-10-07 13:41:46.967249+02,2026-10-07 13:41:46.967249+02
20260127,8744,676.880,2026-10-07 13:41:46.967249+02,2026-10-07 13:41:46.967249+02
20260127,8745,637.400,2026-10-07 13:41:46.967249+02,2026-10-07 13:41:46.967249+02
20260128,8741,795255.330,2026-10-07 13:41:46.967249+02,2026-10-07 13:41:46.967249+02
20260128,8742,25619.290,2026-10-07 13:41:46.967249+02,2026-10-07 13:41:46.967249+02
20260128,8743,17268.590,2026-10-07 13:41:46.967249+02,2026-10-07 13:41:46.967249+02
20260128,8744,680.080,2026-10-07 13:41:46.967249+02,2026-10-07 13:41:46.967249+02
20260128,8745,634.580,2026-10-07 13:41:46.967249+02,2026-10-07 13:41:46.967249+02
20260129,8741,782862.300,2026-10-07 13:41:46.967249+02,2026-10-07 13:41:46.967249+02
20260129,8742,25370.840,2026-10-07 13:41:46.967249+02,2026-10-07 13:41:46.967249+02
20260129,8743,16428.460,2026-10-07 13:41:46.967249+02,2026-10-07 13:41:46.967249+02
20260129,8744,629.640,2026-10-07 13:41:46.967249+02,2026-10-07 13:41:46.967249+02
20260129,8745,617.100,2026-10-07 13:41:46.967249+02,2026-10-07 13:41:46.967249+02
20260130,8741,758566.840,2026-10-07 13:41:46.967249+02,2026-10-07 13:41:46.967249+02
20260130,8742,25238.790,2026-10-07 13:41:46.967249+02,2026-10-07 13:41:46.967249+02
20260130,8743,15439.170,2026-10-07 13:41:46.967249+02,2026-10-07 13:41:46.967249+02
20260130,8744,591.660,2026-10-07 13:41:46.967249+02,2026-10-07 13:41:46.967249+02
20260130,8745,613.080,2026-10-07 13:41:46.967249+02,2026-10-07 13:41:46.967249+02
20260131,8741,662558.440,2026-10-07 13:41:46.967249+02,2026-10-07 13:41:46.967249+02
20260131,8742,23714.840,2026-10-07 13:41:46.967249+02,2026-10-07 13:41:46.967249+02
20260131,8743,15348.690,2026-10-07 13:41:46.967249+02,2026-10-07 13:41:46.967249+02
20260131,8744,543.540,2026-10-07 13:41:46.967249+02,2026-10-07 13:41:46.967249+02
20260131,8745,583.920,2026-10-07 13:41:46.967249+02,2026-10-07 13:41:46.967249+02
20260201,8741,636806.400,2026-10-07 13:41:46.967249+02,2026-10-07 13:41:46.967249+02
20260201,8742,22437.990,2026-10-07 13:41:46.967249+02,2026-10-07 13:41:46.967249+02
20260201,8743,14252.990,2026-10-07 13:41:46.967249+02,2026-10-07 13:41:46.967249+02
20260201,8744,551.520,2026-10-07 13:41:46.967249+02,2026-10-07 13:41:46.967249+02
20260201,8745,568.180,2026-10-07 13:41:46.967249+02,2026-10-07 13:41:46.967249+02
20260202,8741,767391.620,2026-10-07 13:41:46.967249+02,2026-10-07 13:41:46.967249+02
20260202,8742,24260.720,2026-10-07 13:41:46.967249+02,2026-10-07 13:41:46.967249+02
20260202,8743,15954.820,2026-10-07 13:41:46.967249+02,2026-10-07 13:41:46.967249+02
20260202,8744,625.970,2026-10-07 13:41:46.967249+02,2026-10-07 13:41:46.967249+02
20260202,8745,634.660,2026-10-07 13:41:46.967249+02,2026-10-07 13:41:46.967249+02
20260203,8741,775967.490,2026-10-07 13:41:46.967249+02,2026-10-07 13:41:46.967249+02
20260203,8742,24950.140,2026-10-07 13:41:46.967249+02,2026-10-07 13:41:46.967249+02
20260203,8743,15344.980,2026-10-07 13:41:46.967249+02,2026-10-07 13:41:46.967249+02
20260203,8744,634.310,2026-10-07 13:41:46.967249+02,2026-10-07 13:41:46.967249+02
20260203,8745,649.690,2026-10-07 13:41:46.967249+02,2026-10-07 13:41:46.967249+02
20260204,8741,789288.960,2026-10-07 13:41:46.967249+02,2026-10-07 13:41:46.967249+02
20260204,8742,24827.410,2026-10-07 13:41:46.967249+02,2026-10-07 13:41:46.967249+02
20260204,8743,16503.620,2026-10-07 13:41:46.967249+02,2026-10-07 13:41:46.967249+02
20260204,8744,604.960,2026-10-07 13:41:46.967249+02,2026-10-07 13:41:46.967249+02
20260204,8745,625.900,2026-10-07 13:41:46.967249+02,2026-10-07 13:41:46.967249+02
20260205,8741,766298.230,2026-10-07 13:41:46.967249+02,2026-10-07 13:41:46.967249+02
20260205,8742,25050.690,2026-10-07 13:41:46.967249+02,2026-10-07 13:41:46.967249+02
20260205,8743,15771.150,2026-10-07 13:41:46.967249+02,2026-10-07 13:41:46.967249+02
20260205,8744,603.920,2026-10-07 13:41:46.967249+02,2026-10-07 13:41:46.967249+02
20260205,8745,610.530,2026-10-07 13:41:46.967249+02,2026-10-07 13:41:46.967249+02
20260206,8741,744606.950,2026-10-07 13:41:46.967249+02,2026-10-07 13:41:46.967249+02
20260206,8742,24909.900,2026-10-07 13:41:46.967249+02,2026-10-07 13:41:46.967249+02
20260206,8743,14562.800,2026-10-07 13:41:46.967249+02,2026-10-07 13:41:46.967249+02
20260206,8744,577.200,2026-10-07 13:41:46.967249+02,2026-10-07 13:41:46.967249+02
20260206,8745,603.870,2026-10-07 13:41:46.967249+02,2026-10-07 13:41:46.967249+02
20260207,8741,673671.300,2026-10-07 13:41:46.967249+02,2026-10-07 13:41:46.967249+02
20260207,8742,23629.550,2026-10-07 13:41:46.967249+02,2026-10-07 13:41:46.967249+02
20260207,8743,13865.760,2026-10-07 13:41:46.967249+02,2026-10-07 13:41:46.967249+02
20260207,8744,542.150,2026-10-07 13:41:46.967249+02,2026-10-07 13:41:46.967249+02
20260207,8745,578.330,2026-10-07 13:41:46.967249+02,2026-10-07 13:41:46.967249+02
20260208,8741,623871.010,2026-10-07 13:41:46.967249+02,2026-10-07 13:41:46.967249+02
20260208,8742,22810.690,2026-10-07 13:41:46.967249+02,2026-10-07 13:41:46.967249+02
20260208,8743,13772.570,2026-10-07 13:41:46.967249+02,2026-10-07 13:41:46.967249+02
20260208,8744,544.300,2026-10-07 13:41:46.967249+02,2026-10-07 13:41:46.967249+02
20260208,8745,596.170,2026-10-07 13:41:46.967249+02,2026-10-07 13:41:46.967249+02
20260209,8741,742366.560,2026-10-07 13:41:46.967249+02,2026-10-07 13:41:46.967249+02
20260209,8742,24595.110,2026-10-07 13:41:46.967249+02,2026-10-07 13:41:46.967249+02
20260209,8743,15133.560,2026-10-07 13:41:46.967249+02,2026-10-07 13:41:46.967249+02
20260209,8744,640.430,2026-10-07 13:41:46.967249+02,2026-10-07 13:41:46.967249+02
20260209,8745,613.790,2026-10-07 13:41:46.967249+02,2026-10-07 13:41:46.967249+02
20260210,8741,749725.280,2026-10-07 13:41:46.967249+02,2026-10-07 13:41:46.967249+02
20260210,8742,24935.450,2026-10-07 13:41:46.967249+02,2026-10-07 13:41:46.967249+02
20260210,8743,14529.240,2026-10-07 13:41:46.967249+02,2026-10-07 13:41:46.967249+02
20260210,8744,601.300,2026-10-07 13:41:46.967249+02,2026-10-07 13:41:46.967249+02
20260210,8745,602.380,2026-10-07 13:41:46.967249+02,2026-10-07 13:41:46.967249+02
20260211,8741,734877.310,2026-10-07 13:41:46.967249+02,2026-10-07 13:41:46.967249+02
20260211,8742,24881.600,2026-10-07 13:41:46.967249+02,2026-10-07 13:41:46.967249+02
20260211,8743,13907.160,2026-10-07 13:41:46.967249+02,2026-10-07 13:41:46.967249+02
20260211,8744,535.410,2026-10-07 13:41:46.967249+02,2026-10-07 13:41:46.967249+02
20260211,8745,594.850,2026-10-07 13:41:46.967249+02,2026-10-07 13:41:46.967249+02
20260212,8741,702580.520,2026-10-07 13:41:46.967249+02,2026-10-07 13:41:46.967249+02
20260212,8742,24870.350,2026-10-07 13:41:46.967249+02,2026-10-07 13:41:46.967249+02
20260212,8743,13435.890,2026-10-07 13:41:46.967249+02,2026-10-07 13:41:46.967249+02
20260212,8744,530.980,2026-10-07 13:41:46.967249+02,2026-10-07 13:41:46.967249+02
20260212,8745,594.870,2026-10-07 13:41:46.967249+02,2026-10-07 13:41:46.967249+02
20260213,8741,734652.870,2026-10-07 13:41:46.967249+02,2026-10-07 13:41:46.967249+02
20260213,8742,24974.310,2026-10-07 13:41:46.967249+02,2026-10-07 13:41:46.967249+02
20260213,8743,14490.760,2026-10-07 13:41:46.967249+02,2026-10-07 13:41:46.967249+02
20260213,8744,540.790,2026-10-07 13:41:46.967249+02,2026-10-07 13:41:46.967249+02
20260213,8745,593.800,2026-10-07 13:41:46.967249+02,2026-10-07 13:41:46.967249+02
20260214,8741,637214.040,2026-10-07 13:41:46.967249+02,2026-10-07 13:41:46.967249+02
20260214,8742,23687.980,2026-10-07 13:41:46.967249+02,2026-10-07 13:41:46.967249+02
20260214,8743,14112.570,2026-10-07 13:41:46.967249+02,2026-10-07 13:41:46.967249+02
20260214,8744,501.790,2026-10-07 13:41:46.967249+02,2026-10-07 13:41:46.967249+02
20260214,8745,595.940,2026-10-07 13:41:46.967249+02,2026-10-07 13:41:46.967249+02
20260215,8741,606041.750,2026-10-07 13:41:46.967249+02,2026-10-07 13:41:46.967249+02
20260215,8742,22392.940,2026-10-07 13:41:46.967249+02,2026-10-07 13:41:46.967249+02
20260215,8743,13173.140,2026-10-07 13:41:46.967249+02,2026-10-07 13:41:46.967249+02
20260215,8744,494.840,2026-10-07 13:41:46.967249+02,2026-10-07 13:41:46.967249+02
20260215,8745,574.950,2026-10-07 13:41:46.967249+02,2026-10-07 13:41:46.967249+02
20260216,8741,714653.260,2026-10-07 13:41:46.967249+02,2026-10-07 13:41:46.967249+02
20260216,8742,24188.120,2026-10-07 13:41:46.967249+02,2026-10-07 13:41:46.967249+02
20260216,8743,14199.970,2026-10-07 13:41:46.967249+02,2026-10-07 13:41:46.967249+02
20260216,8744,544.310,2026-10-07 13:41:46.967249+02,2026-10-07 13:41:46.967249+02
20260216,8745,615.790,2026-10-07 13:41:46.967249+02,2026-10-07 13:41:46.967249+02
20260217,8741,704557.020,2026-10-07 13:41:46.967249+02,2026-10-07 13:41:46.967249+02
20260217,8742,22973.180,2026-10-07 13:41:46.967249+02,2026-10-07 13:41:46.967249+02
20260217,8743,13715.410,2026-10-07 13:41:46.967249+02,2026-10-07 13:41:46.967249+02
20260217,8744,531.270,2026-10-07 13:41:46.967249+02,2026-10-07 13:41:46.967249+02
20260217,8745,600.040,2026-10-07 13:41:46.967249+02,2026-10-07 13:41:46.967249+02
20260218,8741,718955.050,2026-10-07 13:41:46.967249+02,2026-10-07 13:41:46.967249+02
20260218,8742,24404.660,2026-10-07 13:41:46.967249+02,2026-10-07 13:41:46.967249+02
20260218,8743,13902.720,2026-10-07 13:41:46.967249+02,2026-10-07 13:41:46.967249+02
20260218,8744,533.170,2026-10-07 13:41:46.967249+02,2026-10-07 13:41:46.967249+02
20260218,8745,607.190,2026-10-07 13:41:46.967249+02,2026-10-07 13:41:46.967249+02
20260219,8741,711559.150,2026-10-07 13:41:46.967249+02,2026-10-07 13:41:46.967249+02
20260219,8742,24616.050,2026-10-07 13:41:46.967249+02,2026-10-07 13:41:46.967249+02
20260219,8743,13999.960,2026-10-07 13:41:46.967249+02,2026-10-07 13:41:46.967249+02
20260219,8744,556.360,2026-10-07 13:41:46.967249+02,2026-10-07 13:41:46.967249+02
20260219,8745,609.920,2026-10-07 13:41:46.967249+02,2026-10-07 13:41:46.967249+02
20260220,8741,712234.840,2026-10-07 13:41:46.967249+02,2026-10-07 13:41:46.967249+02
20260220,8742,24605.270,2026-10-07 13:41:46.967249+02,2026-10-07 13:41:46.967249+02
20260220,8743,14085.360,2026-10-07 13:41:46.967249+02,2026-10-07 13:41:46.967249+02
20260220,8744,530.340,2026-10-07 13:41:46.967249+02,2026-10-07 13:41:46.967249+02
20260220,8745,594.160,2026-10-07 13:41:46.967249+02,2026-10-07 13:41:46.967249+02
20260221,8741,618322.380,2026-10-07 13:41:46.967249+02,2026-10-07 13:41:46.967249+02
20260221,8742,23412.300,2026-10-07 13:41:46.967249+02,2026-10-07 13:41:46.967249+02
20260221,8743,13361.880,2026-10-07 13:41:46.967249+02,2026-10-07 13:41:46.967249+02
20260221,8744,488.500,2026-10-07 13:41:46.967249+02,2026-10-07 13:41:46.967249+02
20260221,8745,572.800,2026-10-07 13:41:46.967249+02,2026-10-07 13:41:46.967249+02
20260222,8741,576600.040,2026-10-07 13:41:46.967249+02,2026-10-07 13:41:46.967249+02
20260222,8742,22460.150,2026-10-07 13:41:46.967249+02,2026-10-07 13:41:46.967249+02
20260222,8743,12842.760,2026-10-07 13:41:46.967249+02,2026-10-07 13:41:46.967249+02
20260222,8744,477.580,2026-10-07 13:41:46.967249+02,2026-10-07 13:41:46.967249+02
20260222,8745,564.660,2026-10-07 13:41:46.967249+02,2026-10-07 13:41:46.967249+02
20260223,8741,676820.680,2026-10-07 13:41:46.967249+02,2026-10-07 13:41:46.967249+02
20260223,8742,24747.540,2026-10-07 13:41:46.967249+02,2026-10-07 13:41:46.967249+02
20260223,8743,14276.230,2026-10-07 13:41:46.967249+02,2026-10-07 13:41:46.967249+02
20260223,8744,521.710,2026-10-07 13:41:46.967249+02,2026-10-07 13:41:46.967249+02
20260223,8745,612.810,2026-10-07 13:41:46.967249+02,2026-10-07 13:41:46.967249+02
20260224,8741,689008.510,2026-10-07 13:41:46.967249+02,2026-10-07 13:41:46.967249+02
20260224,8742,24742.690,2026-10-07 13:41:46.967249+02,2026-10-07 13:41:46.967249+02
20260224,8743,14441.010,2026-10-07 13:41:46.967249+02,2026-10-07 13:41:46.967249+02
20260224,8744,538.770,2026-10-07 13:41:46.967249+02,2026-10-07 13:41:46.967249+02
20260224,8745,618.310,2026-10-07 13:41:46.967249+02,2026-10-07 13:41:46.967249+02
20260225,8741,689298.570,2026-10-07 13:41:46.967249+02,2026-10-07 13:41:46.967249+02
20260225,8742,24896.850,2026-10-07 13:41:46.967249+02,2026-10-07 13:41:46.967249+02
20260225,8743,14197.390,2026-10-07 13:41:46.967249+02,2026-10-07 13:41:46.967249+02
20260225,8744,556.130,2026-10-07 13:41:46.967249+02,2026-10-07 13:41:46.967249+02
20260225,8745,622.440,2026-10-07 13:41:46.967249+02,2026-10-07 13:41:46.967249+02
20260226,8741,679182.010,2026-10-07 13:41:46.967249+02,2026-10-07 13:41:46.967249+02
20260226,8742,25123.830,2026-10-07 13:41:46.967249+02,2026-10-07 13:41:46.967249+02
20260226,8743,14139.910,2026-10-07 13:41:46.967249+02,2026-10-07 13:41:46.967249+02
20260226,8744,541.210,2026-10-07 13:41:46.967249+02,2026-10-07 13:41:46.967249+02
20260226,8745,615.250,2026-10-07 13:41:46.967249+02,2026-10-07 13:41:46.967249+02
20260227,8741,683301.880,2026-10-07 13:41:46.967249+02,2026-10-07 13:41:46.967249+02
20260227,8742,25068.390,2026-10-07 13:41:46.967249+02,2026-10-07 13:41:46.967249+02
20260227,8743,14506.450,2026-10-07 13:41:46.967249+02,2026-10-07 13:41:46.967249+02
20260227,8744,519.850,2026-10-07 13:41:46.967249+02,2026-10-07 13:41:46.967249+02
20260227,8745,604.800,2026-10-07 13:41:46.967249+02,2026-10-07 13:41:46.967249+02
20260228,8741,611987.890,2026-10-07 13:41:46.967249+02,2026-10-07 13:41:46.967249+02
20260228,8742,23975.370,2026-10-07 13:41:46.967249+02,2026-10-07 13:41:46.967249+02
20260228,8743,14128.190,2026-10-07 13:41:46.967249+02,2026-10-07 13:41:46.967249+02
20260228,8744,486.280,2026-10-07 13:41:46.967249+02,2026-10-07 13:41:46.967249+02
20260228,8745,586.990,2026-10-07 13:41:46.967249+02,2026-10-07 13:41:46.967249+02
20260301,8741,571169.190,2026-10-07 13:41:46.967249+02,2026-10-07 13:41:46.967249+02
20260301,8742,22947.330,2026-10-07 13:41:46.967249+02,2026-10-07 13:41:46.967249+02
20260301,8743,13285.840,2026-10-07 13:41:46.967249+02,2026-10-07 13:41:46.967249+02
20260301,8744,489.850,2026-10-07 13:41:46.967249+02,2026-10-07 13:41:46.967249+02
20260301,8745,581.480,2026-10-07 13:41:46.967249+02,2026-10-07 13:41:46.967249+02
20260302,8741,694859.530,2026-10-07 13:41:46.967249+02,2026-10-07 13:41:46.967249+02
20260302,8742,24788.160,2026-10-07 13:41:46.967249+02,2026-10-07 13:41:46.967249+02
20260302,8743,14014.360,2026-10-07 13:41:46.967249+02,2026-10-07 13:41:46.967249+02
20260302,8744,544.050,2026-10-07 13:41:46.967249+02,2026-10-07 13:41:46.967249+02
20260302,8745,621.290,2026-10-07 13:41:46.967249+02,2026-10-07 13:41:46.967249+02
20260303,8741,712396.390,2026-10-07 13:41:46.967249+02,2026-10-07 13:41:46.967249+02
20260303,8742,25238.480,2026-10-07 13:41:46.967249+02,2026-10-07 13:41:46.967249+02
20260303,8743,14848.610,2026-10-07 13:41:46.967249+02,2026-10-07 13:41:46.967249+02
20260303,8744,550.690,2026-10-07 13:41:46.967249+02,2026-10-07 13:41:46.967249+02
20260303,8745,606.050,2026-10-07 13:41:46.967249+02,2026-10-07 13:41:46.967249+02
20260304,8741,720904.710,2026-10-07 13:41:46.967249+02,2026-10-07 13:41:46.967249+02
20260304,8742,25335.960,2026-10-07 13:41:46.967249+02,2026-10-07 13:41:46.967249+02
20260304,8743,15023.670,2026-10-07 13:41:46.967249+02,2026-10-07 13:41:46.967249+02
20260304,8744,575.020,2026-10-07 13:41:46.967249+02,2026-10-07 13:41:46.967249+02
20260304,8745,587.420,2026-10-07 13:41:46.967249+02,2026-10-07 13:41:46.967249+02
20260305,8741,726770.990,2026-10-07 13:41:46.967249+02,2026-10-07 13:41:46.967249+02
20260305,8742,25296.230,2026-10-07 13:41:46.967249+02,2026-10-07 13:41:46.967249+02
20260305,8743,15300.500,2026-10-07 13:41:46.967249+02,2026-10-07 13:41:46.967249+02
20260305,8744,569.140,2026-10-07 13:41:46.967249+02,2026-10-07 13:41:46.967249+02
20260305,8745,608.640,2026-10-07 13:41:46.967249+02,2026-10-07 13:41:46.967249+02
20260306,8741,741204.520,2026-10-07 13:41:46.967249+02,2026-10-07 13:41:46.967249+02
20260306,8742,25306.630,2026-10-07 13:41:46.967249+02,2026-10-07 13:41:46.967249+02
20260306,8743,15307.780,2026-10-07 13:41:46.967249+02,2026-10-07 13:41:46.967249+02
20260306,8744,580.730,2026-10-07 13:41:46.967249+02,2026-10-07 13:41:46.967249+02
20260306,8745,604.010,2026-10-07 13:41:46.967249+02,2026-10-07 13:41:46.967249+02
20260307,8741,635153.940,2026-10-07 13:41:46.967249+02,2026-10-07 13:41:46.967249+02
20260307,8742,24207.320,2026-10-07 13:41:46.967249+02,2026-10-07 13:41:46.967249+02
20260307,8743,15207.070,2026-10-07 13:41:46.967249+02,2026-10-07 13:41:46.967249+02
20260307,8744,520.080,2026-10-07 13:41:46.967249+02,2026-10-07 13:41:46.967249+02
20260307,8745,569.630,2026-10-07 13:41:46.967249+02,2026-10-07 13:41:46.967249+02
20260308,8741,593911.540,2026-10-07 13:41:46.967249+02,2026-10-07 13:41:46.967249+02
20260308,8742,23162.180,2026-10-07 13:41:46.967249+02,2026-10-07 13:41:46.967249+02
20260308,8743,13714.200,2026-10-07 13:41:46.967249+02,2026-10-07 13:41:46.967249+02
20260308,8744,504.670,2026-10-07 13:41:46.967249+02,2026-10-07 13:41:46.967249+02
20260308,8745,564.780,2026-10-07 13:41:46.967249+02,2026-10-07 13:41:46.967249+02
20260309,8741,702996.130,2026-10-07 13:41:46.967249+02,2026-10-07 13:41:46.967249+02
20260309,8742,25265.180,2026-10-07 13:41:46.967249+02,2026-10-07 13:41:46.967249+02
20260309,8743,14821.180,2026-10-07 13:41:46.967249+02,2026-10-07 13:41:46.967249+02
20260309,8744,541.480,2026-10-07 13:41:46.967249+02,2026-10-07 13:41:46.967249+02
20260309,8745,596.830,2026-10-07 13:41:46.967249+02,2026-10-07 13:41:46.967249+02
20260310,8741,726970.160,2026-10-07 13:41:46.967249+02,2026-10-07 13:41:46.967249+02
20260310,8742,25432.600,2026-10-07 13:41:46.967249+02,2026-10-07 13:41:46.967249+02
20260310,8743,14922.070,2026-10-07 13:41:46.967249+02,2026-10-07 13:41:46.967249+02
20260310,8744,563.570,2026-10-07 13:41:46.967249+02,2026-10-07 13:41:46.967249+02
20260310,8745,642.980,2026-10-07 13:41:46.967249+02,2026-10-07 13:41:46.967249+02
20260311,8741,705134.770,2026-10-07 13:41:46.967249+02,2026-10-07 13:41:46.967249+02
20260311,8742,25307.260,2026-10-07 13:41:46.967249+02,2026-10-07 13:41:46.967249+02
20260311,8743,14730.450,2026-10-07 13:41:46.967249+02,2026-10-07 13:41:46.967249+02
20260311,8744,551.980,2026-10-07 13:41:46.967249+02,2026-10-07 13:41:46.967249+02
20260311,8745,641.300,2026-10-07 13:41:46.967249+02,2026-10-07 13:41:46.967249+02
20260312,8741,682328.340,2026-10-07 13:41:46.967249+02,2026-10-07 13:41:46.967249+02
20260312,8742,25188.460,2026-10-07 13:41:46.967249+02,2026-10-07 13:41:46.967249+02
20260312,8743,14392.480,2026-10-07 13:41:46.967249+02,2026-10-07 13:41:46.967249+02
20260312,8744,546.110,2026-10-07 13:41:46.967249+02,2026-10-07 13:41:46.967249+02
20260312,8745,593.630,2026-10-07 13:41:46.967249+02,2026-10-07 13:41:46.967249+02
20260313,8741,672487.830,2026-10-07 13:41:46.967249+02,2026-10-07 13:41:46.967249+02
20260313,8742,24824.180,2026-10-07 13:41:46.967249+02,2026-10-07 13:41:46.967249+02
20260313,8743,14271.680,2026-10-07 13:41:46.967249+02,2026-10-07 13:41:46.967249+02
20260313,8744,512.160,2026-10-07 13:41:46.967249+02,2026-10-07 13:41:46.967249+02
20260313,8745,605.060,2026-10-07 13:41:46.967249+02,2026-10-07 13:41:46.967249+02
20260314,8741,620814.630,2026-10-07 13:41:46.967249+02,2026-10-07 13:41:46.967249+02
20260314,8742,23716.980,2026-10-07 13:41:46.967249+02,2026-10-07 13:41:46.967249+02
20260314,8743,15315.700,2026-10-07 13:41:46.967249+02,2026-10-07 13:41:46.967249+02
20260314,8744,486.190,2026-10-07 13:41:46.967249+02,2026-10-07 13:41:46.967249+02
20260314,8745,578.780,2026-10-07 13:41:46.967249+02,2026-10-07 13:41:46.967249+02
20260315,8741,561745.530,2026-10-07 13:41:46.967249+02,2026-10-07 13:41:46.967249+02
20260315,8742,22731.850,2026-10-07 13:41:46.967249+02,2026-10-07 13:41:46.967249+02
20260315,8743,14664.110,2026-10-07 13:41:46.967249+02,2026-10-07 13:41:46.967249+02
20260315,8744,466.460,2026-10-07 13:41:46.967249+02,2026-10-07 13:41:46.967249+02
20260315,8745,572.200,2026-10-07 13:41:46.967249+02,2026-10-07 13:41:46.967249+02
20260316,8741,657697.630,2026-10-07 13:41:46.967249+02,2026-10-07 13:41:46.967249+02
20260316,8742,24544.850,2026-10-07 13:41:46.967249+02,2026-10-07 13:41:46.967249+02
20260316,8743,14797.170,2026-10-07 13:41:46.967249+02,2026-10-07 13:41:46.967249+02
20260316,8744,516.900,2026-10-07 13:41:46.967249+02,2026-10-07 13:41:46.967249+02
20260316,8745,555.230,2026-10-07 13:41:46.967249+02,2026-10-07 13:41:46.967249+02
20260317,8741,656037.950,2026-10-07 13:41:46.967249+02,2026-10-07 13:41:46.967249+02
20260317,8742,24576.650,2026-10-07 13:41:46.967249+02,2026-10-07 13:41:46.967249+02
20260317,8743,14675.060,2026-10-07 13:41:46.967249+02,2026-10-07 13:41:46.967249+02
20260317,8744,536.660,2026-10-07 13:41:46.967249+02,2026-10-07 13:41:46.967249+02
20260317,8745,569.050,2026-10-07 13:41:46.967249+02,2026-10-07 13:41:46.967249+02
20260318,8741,664834.590,2026-10-07 13:41:46.967249+02,2026-10-07 13:41:46.967249+02
20260318,8742,24997.460,2026-10-07 13:41:46.967249+02,2026-10-07 13:41:46.967249+02
20260318,8743,14547.320,2026-10-07 13:41:46.967249+02,2026-10-07 13:41:46.967249+02
20260318,8744,523.050,2026-10-07 13:41:46.967249+02,2026-10-07 13:41:46.967249+02
20260318,8745,594.090,2026-10-07 13:41:46.967249+02,2026-10-07 13:41:46.967249+02
20260319,8741,636522.200,2026-10-07 13:41:46.967249+02,2026-10-07 13:41:46.967249+02
20260319,8742,24890.460,2026-10-07 13:41:46.967249+02,2026-10-07 13:41:46.967249+02
20260319,8743,15057.580,2026-10-07 13:41:46.967249+02,2026-10-07 13:41:46.967249+02
20260319,8744,527.570,2026-10-07 13:41:46.967249+02,2026-10-07 13:41:46.967249+02
20260319,8745,607.160,2026-10-07 13:41:46.967249+02,2026-10-07 13:41:46.967249+02
20260320,8741,663867.330,2026-10-07 13:41:46.967249+02,2026-10-07 13:41:46.967249+02
20260320,8742,24227.060,2026-10-07 13:41:46.967249+02,2026-10-07 13:41:46.967249+02
20260320,8743,14721.700,2026-10-07 13:41:46.967249+02,2026-10-07 13:41:46.967249+02
20260320,8744,474.210,2026-10-07 13:41:46.967249+02,2026-10-07 13:41:46.967249+02
20260320,8745,556.890,2026-10-07 13:41:46.967249+02,2026-10-07 13:41:46.967249+02
20260321,8741,604858.730,2026-10-07 13:41:46.967249+02,2026-10-07 13:41:46.967249+02
20260321,8742,23130.610,2026-10-07 13:41:46.967249+02,2026-10-07 13:41:46.967249+02
20260321,8743,14556.430,2026-10-07 13:41:46.967249+02,2026-10-07 13:41:46.967249+02
20260321,8744,468.720,2026-10-07 13:41:46.967249+02,2026-10-07 13:41:46.967249+02
20260321,8745,546.370,2026-10-07 13:41:46.967249+02,2026-10-07 13:41:46.967249+02
20260322,8741,552169.180,2026-10-07 13:41:46.967249+02,2026-10-07 13:41:46.967249+02
20260322,8742,22245.730,2026-10-07 13:41:46.967249+02,2026-10-07 13:41:46.967249+02
20260322,8743,13558.200,2026-10-07 13:41:46.967249+02,2026-10-07 13:41:46.967249+02
20260322,8744,449.020,2026-10-07 13:41:46.967249+02,2026-10-07 13:41:46.967249+02
20260322,8745,538.750,2026-10-07 13:41:46.967249+02,2026-10-07 13:41:46.967249+02
20260323,8741,653189.630,2026-10-07 13:41:46.967249+02,2026-10-07 13:41:46.967249+02
20260323,8742,24008.370,2026-10-07 13:41:46.967249+02,2026-10-07 13:41:46.967249+02
20260323,8743,15513.900,2026-10-07 13:41:46.967249+02,2026-10-07 13:41:46.967249+02
20260323,8744,487.220,2026-10-07 13:41:46.967249+02,2026-10-07 13:41:46.967249+02
20260323,8745,563.070,2026-10-07 13:41:46.967249+02,2026-10-07 13:41:46.967249+02
20260324,8741,663327.190,2026-10-07 13:41:46.967249+02,2026-10-07 13:41:46.967249+02
20260324,8742,24297.600,2026-10-07 13:41:46.967249+02,2026-10-07 13:41:46.967249+02
20260324,8743,15234.280,2026-10-07 13:41:46.967249+02,2026-10-07 13:41:46.967249+02
20260324,8744,488.080,2026-10-07 13:41:46.967249+02,2026-10-07 13:41:46.967249+02
20260324,8745,562.740,2026-10-07 13:41:46.967249+02,2026-10-07 13:41:46.967249+02
20260325,8741,659054.360,2026-10-07 13:41:46.967249+02,2026-10-07 13:41:46.967249+02
20260325,8742,23914.760,2026-10-07 13:41:46.967249+02,2026-10-07 13:41:46.967249+02
20260325,8743,15022.930,2026-10-07 13:41:46.967249+02,2026-10-07 13:41:46.967249+02
20260325,8744,487.890,2026-10-07 13:41:46.967249+02,2026-10-07 13:41:46.967249+02
20260325,8745,562.630,2026-10-07 13:41:46.967249+02,2026-10-07 13:41:46.967249+02
20260326,8741,660943.230,2026-10-07 13:41:46.967249+02,2026-10-07 13:41:46.967249+02
20260326,8742,24076.670,2026-10-07 13:41:46.967249+02,2026-10-07 13:41:46.967249+02
20260326,8743,17036.630,2026-10-07 13:41:46.967249+02,2026-10-07 13:41:46.967249+02
20260326,8744,479.960,2026-10-07 13:41:46.967249+02,2026-10-07 13:41:46.967249+02
20260326,8745,568.670,2026-10-07 13:41:46.967249+02,2026-10-07 13:41:46.967249+02
20260327,8741,658574.570,2026-10-07 13:41:46.967249+02,2026-10-07 13:41:46.967249+02
20260327,8742,24009.760,2026-10-07 13:41:46.967249+02,2026-10-07 13:41:46.967249+02
20260327,8743,16351.300,2026-10-07 13:41:46.967249+02,2026-10-07 13:41:46.967249+02
20260327,8744,473.990,2026-10-07 13:41:46.967249+02,2026-10-07 13:41:46.967249+02
20260327,8745,560.610,2026-10-07 13:41:46.967249+02,2026-10-07 13:41:46.967249+02
20260328,8741,585750.360,2026-10-07 13:41:46.967249+02,2026-10-07 13:41:46.967249+02
20260328,8742,22604.090,2026-10-07 13:41:46.967249+02,2026-10-07 13:41:46.967249+02
20260328,8743,15326.460,2026-10-07 13:41:46.967249+02,2026-10-07 13:41:46.967249+02
20260328,8744,437.700,2026-10-07 13:41:46.967249+02,2026-10-07 13:41:46.967249+02
20260328,8745,535.640,2026-10-07 13:41:46.967249+02,2026-10-07 13:41:46.967249+02
20260329,8741,526801.070,2026-10-07 13:41:46.967249+02,2026-10-07 13:41:46.967249+02
20260329,8742,20588.770,2026-10-07 13:41:46.967249+02,2026-10-07 13:41:46.967249+02
20260329,8743,15729.090,2026-10-07 13:41:46.967249+02,2026-10-07 13:41:46.967249+02
20260329,8744,404.140,2026-10-07 13:41:46.967249+02,2026-10-07 13:41:46.967249+02
20260329,8745,495.170,2026-10-07 13:41:46.967249+02,2026-10-07 13:41:46.967249+02
20260330,8741,648520.600,2026-10-07 13:41:46.967249+02,2026-10-07 13:41:46.967249+02
20260330,8742,23354.490,2026-10-07 13:41:46.967249+02,2026-10-07 13:41:46.967249+02
20260330,8743,16494.280,2026-10-07 13:41:46.967249+02,2026-10-07 13:41:46.967249+02
20260330,8744,469.530,2026-10-07 13:41:46.967249+02,2026-10-07 13:41:46.967249+02
20260330,8745,559.330,2026-10-07 13:41:46.967249+02,2026-10-07 13:41:46.967249+02
20260331,8741,642337.330,2026-10-07 13:41:46.967249+02,2026-10-07 13:41:46.967249+02
20260331,8742,23995.700,2026-10-07 13:41:46.967249+02,2026-10-07 13:41:46.967249+02
20260331,8743,17288.680,2026-10-07 13:41:46.967249+02,2026-10-07 13:41:46.967249+02
20260331,8744,469.420,2026-10-07 13:41:46.967249+02,2026-10-07 13:41:46.967249+02
20260331,8745,560.800,2026-10-07 13:41:46.967249+02,2026-10-07 13:41:46.967249+02
20260401,8741,635586.630,2026-10-07 13:41:46.967249+02,2026-10-07 13:41:46.967249+02
20260401,8742,23846.570,2026-10-07 13:41:46.967249+02,2026-10-07 13:41:46.967249+02
20260401,8743,16940.670,2026-10-07 13:41:46.967249+02,2026-10-07 13:41:46.967249+02
20260401,8744,460.170,2026-10-07 13:41:46.967249+02,2026-10-07 13:41:46.967249+02
20260401,8745,553.620,2026-10-07 13:41:46.967249+02,2026-10-07 13:41:46.967249+02
20260402,8741,570505.120,2026-10-07 13:41:46.967249+02,2026-10-07 13:41:46.967249+02
20260402,8742,22266.210,2026-10-07 13:41:46.967249+02,2026-10-07 13:41:46.967249+02
20260402,8743,16113.570,2026-10-07 13:41:46.967249+02,2026-10-07 13:41:46.967249+02
20260402,8744,415.640,2026-10-07 13:41:46.967249+02,2026-10-07 13:41:46.967249+02
20260402,8745,515.310,2026-10-07 13:41:46.967249+02,2026-10-07 13:41:46.967249+02
20260403,8741,514059.460,2026-10-07 13:41:46.967249+02,2026-10-07 13:41:46.967249+02
20260403,8742,21417.240,2026-10-07 13:41:46.967249+02,2026-10-07 13:41:46.967249+02
20260403,8743,15275.580,2026-10-07 13:41:46.967249+02,2026-10-07 13:41:46.967249+02
20260403,8744,406.210,2026-10-07 13:41:46.967249+02,2026-10-07 13:41:46.967249+02
20260403,8745,501.700,2026-10-07 13:41:46.967249+02,2026-10-07 13:41:46.967249+02
20260404,8741,513434.360,2026-10-07 13:41:46.967249+02,2026-10-07 13:41:46.967249+02
20260404,8742,22290.380,2026-10-07 13:41:46.967249+02,2026-10-07 13:41:46.967249+02
20260404,8743,14939.440,2026-10-07 13:41:46.967249+02,2026-10-07 13:41:46.967249+02
20260404,8744,418.430,2026-10-07 13:41:46.967249+02,2026-10-07 13:41:46.967249+02
20260404,8745,519.010,2026-10-07 13:41:46.967249+02,2026-10-07 13:41:46.967249+02
20260405,8741,493511.350,2026-10-07 13:41:46.967249+02,2026-10-07 13:41:46.967249+02
20260405,8742,21532.140,2026-10-07 13:41:46.967249+02,2026-10-07 13:41:46.967249+02
20260405,8743,13939.440,2026-10-07 13:41:46.967249+02,2026-10-07 13:41:46.967249+02
20260405,8744,421.380,2026-10-07 13:41:46.967249+02,2026-10-07 13:41:46.967249+02
20260405,8745,516.340,2026-10-07 13:41:46.967249+02,2026-10-07 13:41:46.967249+02
20260406,8741,537488.020,2026-10-07 13:41:46.967249+02,2026-10-07 13:41:46.967249+02
20260406,8742,24043.620,2026-10-07 13:41:46.967249+02,2026-10-07 13:41:46.967249+02
20260406,8743,13927.880,2026-10-07 13:41:46.967249+02,2026-10-07 13:41:46.967249+02
20260406,8744,480.340,2026-10-07 13:41:46.967249+02,2026-10-07 13:41:46.967249+02
20260406,8745,570.710,2026-10-07 13:41:46.967249+02,2026-10-07 13:41:46.967249+02
20260407,8741,622138.790,2026-10-07 13:41:46.967249+02,2026-10-07 13:41:46.967249+02
20260407,8742,24276.580,2026-10-07 13:41:46.967249+02,2026-10-07 13:41:46.967249+02
20260407,8743,14742.370,2026-10-07 13:41:46.967249+02,2026-10-07 13:41:46.967249+02
20260407,8744,492.740,2026-10-07 13:41:46.967249+02,2026-10-07 13:41:46.967249+02
20260407,8745,575.030,2026-10-07 13:41:46.967249+02,2026-10-07 13:41:46.967249+02
20260408,8741,645669.020,2026-10-07 13:41:46.967249+02,2026-10-07 13:41:46.967249+02
20260408,8742,24221.450,2026-10-07 13:41:46.967249+02,2026-10-07 13:41:46.967249+02
20260408,8743,14612.190,2026-10-07 13:41:46.967249+02,2026-10-07 13:41:46.967249+02
20260408,8744,516.450,2026-10-07 13:41:46.967249+02,2026-10-07 13:41:46.967249+02
20260408,8745,586.360,2026-10-07 13:41:46.967249+02,2026-10-07 13:41:46.967249+02
20260409,8741,637371.660,2026-10-07 13:41:46.967249+02,2026-10-07 13:41:46.967249+02
20260409,8742,24138.480,2026-10-07 13:41:46.967249+02,2026-10-07 13:41:46.967249+02
20260409,8743,14505.490,2026-10-07 13:41:46.967249+02,2026-10-07 13:41:46.967249+02
20260409,8744,505.160,2026-10-07 13:41:46.967249+02,2026-10-07 13:41:46.967249+02
20260409,8745,571.460,2026-10-07 13:41:46.967249+02,2026-10-07 13:41:46.967249+02
20260410,8741,630969.790,2026-10-07 13:41:46.967249+02,2026-10-07 13:41:46.967249+02
20260410,8742,24525.230,2026-10-07 13:41:46.967249+02,2026-10-07 13:41:46.967249+02
20260410,8743,14303.920,2026-10-07 13:41:46.967249+02,2026-10-07 13:41:46.967249+02
20260410,8744,481.890,2026-10-07 13:41:46.967249+02,2026-10-07 13:41:46.967249+02
20260410,8745,575.060,2026-10-07 13:41:46.967249+02,2026-10-07 13:41:46.967249+02
20260411,8741,573693.400,2026-10-07 13:41:46.967249+02,2026-10-07 13:41:46.967249+02
20260411,8742,23227.270,2026-10-07 13:41:46.967249+02,2026-10-07 13:41:46.967249+02
20260411,8743,14020.260,2026-10-07 13:41:46.967249+02,2026-10-07 13:41:46.967249+02
20260411,8744,453.930,2026-10-07 13:41:46.967249+02,2026-10-07 13:41:46.967249+02
20260411,8745,562.390,2026-10-07 13:41:46.967249+02,2026-10-07 13:41:46.967249+02
20260412,8741,540875.170,2026-10-07 13:41:46.967249+02,2026-10-07 13:41:46.967249+02
20260412,8742,22379.980,2026-10-07 13:41:46.967249+02,2026-10-07 13:41:46.967249+02
20260412,8743,14750.410,2026-10-07 13:41:46.967249+02,2026-10-07 13:41:46.967249+02
20260412,8744,441.140,2026-10-07 13:41:46.967249+02,2026-10-07 13:41:46.967249+02
20260412,8745,548.370,2026-10-07 13:41:46.967249+02,2026-10-07 13:41:46.967249+02
20260413,8741,625581.910,2026-10-07 13:41:46.967249+02,2026-10-07 13:41:46.967249+02
20260413,8742,23693.700,2026-10-07 13:41:46.967249+02,2026-10-07 13:41:46.967249+02
20260413,8743,16418.370,2026-10-07 13:41:46.967249+02,2026-10-07 13:41:46.967249+02
20260413,8744,489.930,2026-10-07 13:41:46.967249+02,2026-10-07 13:41:46.967249+02
20260413,8745,569.300,2026-10-07 13:41:46.967249+02,2026-10-07 13:41:46.967249+02
20260414,8741,637041.460,2026-10-07 13:41:46.967249+02,2026-10-07 13:41:46.967249+02
20260414,8742,23577.940,2026-10-07 13:41:46.967249+02,2026-10-07 13:41:46.967249+02
20260414,8743,15352.430,2026-10-07 13:41:46.967249+02,2026-10-07 13:41:46.967249+02
20260414,8744,495.290,2026-10-07 13:41:46.967249+02,2026-10-07 13:41:46.967249+02
20260414,8745,555.370,2026-10-07 13:41:46.967249+02,2026-10-07 13:41:46.967249+02
20260415,8741,629011.420,2026-10-07 13:41:46.967249+02,2026-10-07 13:41:46.967249+02
20260415,8742,24077.380,2026-10-07 13:41:46.967249+02,2026-10-07 13:41:46.967249+02
20260415,8743,14975.460,2026-10-07 13:41:46.967249+02,2026-10-07 13:41:46.967249+02
20260415,8744,501.190,2026-10-07 13:41:46.967249+02,2026-10-07 13:41:46.967249+02
20260415,8745,556.640,2026-10-07 13:41:46.967249+02,2026-10-07 13:41:46.967249+02
20260416,8741,627728.650,2026-10-07 13:41:46.967249+02,2026-10-07 13:41:46.967249+02
20260416,8742,23794.120,2026-10-07 13:41:46.967249+02,2026-10-07 13:41:46.967249+02
20260416,8743,14840.080,2026-10-07 13:41:46.967249+02,2026-10-07 13:41:46.967249+02
20260416,8744,482.550,2026-10-07 13:41:46.967249+02,2026-10-07 13:41:46.967249+02
20260416,8745,568.470,2026-10-07 13:41:46.967249+02,2026-10-07 13:41:46.967249+02
20260417,8741,629183.960,2026-10-07 13:41:46.967249+02,2026-10-07 13:41:46.967249+02
20260417,8742,24014.330,2026-10-07 13:41:46.967249+02,2026-10-07 13:41:46.967249+02
20260417,8743,14550.060,2026-10-07 13:41:46.967249+02,2026-10-07 13:41:46.967249+02
20260417,8744,469.600,2026-10-07 13:41:46.967249+02,2026-10-07 13:41:46.967249+02
20260417,8745,568.340,2026-10-07 13:41:46.967249+02,2026-10-07 13:41:46.967249+02
20260418,8741,556666.930,2026-10-07 13:41:46.967249+02,2026-10-07 13:41:46.967249+02
20260418,8742,23458.380,2026-10-07 13:41:46.967249+02,2026-10-07 13:41:46.967249+02
20260418,8743,13794.710,2026-10-07 13:41:46.967249+02,2026-10-07 13:41:46.967249+02
20260418,8744,440.080,2026-10-07 13:41:46.967249+02,2026-10-07 13:41:46.967249+02
20260418,8745,539.210,2026-10-07 13:41:46.967249+02,2026-10-07 13:41:46.967249+02
20260419,8741,515437.990,2026-10-07 13:41:46.967249+02,2026-10-07 13:41:46.967249+02
20260419,8742,22414.920,2026-10-07 13:41:46.967249+02,2026-10-07 13:41:46.967249+02
20260419,8743,13107.730,2026-10-07 13:41:46.967249+02,2026-10-07 13:41:46.967249+02
20260419,8744,429.920,2026-10-07 13:41:46.967249+02,2026-10-07 13:41:46.967249+02
20260419,8745,526.040,2026-10-07 13:41:46.967249+02,2026-10-07 13:41:46.967249+02
20260420,8741,613601.820,2026-10-07 13:41:46.967249+02,2026-10-07 13:41:46.967249+02
20260420,8742,24245.980,2026-10-07 13:41:46.967249+02,2026-10-07 13:41:46.967249+02
20260420,8743,14231.970,2026-10-07 13:41:46.967249+02,2026-10-07 13:41:46.967249+02
20260420,8744,477.130,2026-10-07 13:41:46.967249+02,2026-10-07 13:41:46.967249+02
20260420,8745,566.960,2026-10-07 13:41:46.967249+02,2026-10-07 13:41:46.967249+02
20260421,8741,630709.100,2026-10-07 13:41:46.967249+02,2026-10-07 13:41:46.967249+02
20260421,8742,24496.260,2026-10-07 13:41:46.967249+02,2026-10-07 13:41:46.967249+02
20260421,8743,14350.590,2026-10-07 13:41:46.967249+02,2026-10-07 13:41:46.967249+02
20260421,8744,496.320,2026-10-07 13:41:46.967249+02,2026-10-07 13:41:46.967249+02
20260421,8745,577.950,2026-10-07 13:41:46.967249+02,2026-10-07 13:41:46.967249+02
20260422,8741,625099.100,2026-10-07 13:41:46.967249+02,2026-10-07 13:41:46.967249+02
20260422,8742,24389.790,2026-10-07 13:41:46.967249+02,2026-10-07 13:41:46.967249+02
20260422,8743,14501.490,2026-10-07 13:41:46.967249+02,2026-10-07 13:41:46.967249+02
20260422,8744,509.270,2026-10-07 13:41:46.967249+02,2026-10-07 13:41:46.967249+02
20260422,8745,578.410,2026-10-07 13:41:46.967249+02,2026-10-07 13:41:46.967249+02
20260423,8741,615601.460,2026-10-07 13:41:46.967249+02,2026-10-07 13:41:46.967249+02
20260423,8742,24268.120,2026-10-07 13:41:46.967249+02,2026-10-07 13:41:46.967249+02
20260423,8743,14757.390,2026-10-07 13:41:46.967249+02,2026-10-07 13:41:46.967249+02
20260423,8744,513.990,2026-10-07 13:41:46.967249+02,2026-10-07 13:41:46.967249+02
20260423,8745,559.580,2026-10-07 13:41:46.967249+02,2026-10-07 13:41:46.967249+02
20260424,8741,623131.540,2026-10-07 13:41:46.967249+02,2026-10-07 13:41:46.967249+02
20260424,8742,23443.420,2026-10-07 13:41:46.967249+02,2026-10-07 13:41:46.967249+02
20260424,8743,14680.710,2026-10-07 13:41:46.967249+02,2026-10-07 13:41:46.967249+02
20260424,8744,514.610,2026-10-07 13:41:46.967249+02,2026-10-07 13:41:46.967249+02
20260424,8745,586.910,2026-10-07 13:41:46.967249+02,2026-10-07 13:41:46.967249+02
20260425,8741,551879.320,2026-10-07 13:41:46.967249+02,2026-10-07 13:41:46.967249+02
20260425,8742,22612.830,2026-10-07 13:41:46.967249+02,2026-10-07 13:41:46.967249+02
20260425,8743,13943.210,2026-10-07 13:41:46.967249+02,2026-10-07 13:41:46.967249+02
20260425,8744,479.340,2026-10-07 13:41:46.967249+02,2026-10-07 13:41:46.967249+02
20260425,8745,561.280,2026-10-07 13:41:46.967249+02,2026-10-07 13:41:46.967249+02
20260426,8741,509441.890,2026-10-07 13:41:46.967249+02,2026-10-07 13:41:46.967249+02
20260426,8742,21572.110,2026-10-07 13:41:46.967249+02,2026-10-07 13:41:46.967249+02
20260426,8743,13343.060,2026-10-07 13:41:46.967249+02,2026-10-07 13:41:46.967249+02
20260426,8744,471.590,2026-10-07 13:41:46.967249+02,2026-10-07 13:41:46.967249+02
20260426,8745,557.050,2026-10-07 13:41:46.967249+02,2026-10-07 13:41:46.967249+02
20260427,8741,609742.670,2026-10-07 13:41:46.967249+02,2026-10-07 13:41:46.967249+02
20260427,8742,23966.750,2026-10-07 13:41:46.967249+02,2026-10-07 13:41:46.967249+02
20260427,8743,14484.000,2026-10-07 13:41:46.967249+02,2026-10-07 13:41:46.967249+02
20260427,8744,529.790,2026-10-07 13:41:46.967249+02,2026-10-07 13:41:46.967249+02
20260427,8745,584.230,2026-10-07 13:41:46.967249+02,2026-10-07 13:41:46.967249+02
20260428,8741,625965.450,2026-10-07 13:41:46.967249+02,2026-10-07 13:41:46.967249+02
20260428,8742,24136.750,2026-10-07 13:41:46.967249+02,2026-10-07 13:41:46.967249+02
20260428,8743,14775.300,2026-10-07 13:41:46.967249+02,2026-10-07 13:41:46.967249+02
20260428,8744,525.590,2026-10-07 13:41:46.967249+02,2026-10-07 13:41:46.967249+02
20260428,8745,570.040,2026-10-07 13:41:46.967249+02,2026-10-07 13:41:46.967249+02
20260429,8741,639954.780,2026-10-07 13:41:46.967249+02,2026-10-07 13:41:46.967249+02
20260429,8742,24426.220,2026-10-07 13:41:46.967249+02,2026-10-07 13:41:46.967249+02
20260429,8743,15129.600,2026-10-07 13:41:46.967249+02,2026-10-07 13:41:46.967249+02
20260429,8744,530.300,2026-10-07 13:41:46.967249+02,2026-10-07 13:41:46.967249+02
20260429,8745,571.090,2026-10-07 13:41:46.967249+02,2026-10-07 13:41:46.967249+02
20260430,8741,620446.710,2026-10-07 13:41:46.967249+02,2026-10-07 13:41:46.967249+02
20260430,8742,23767.230,2026-10-07 13:41:46.967249+02,2026-10-07 13:41:46.967249+02
20260430,8743,15258.120,2026-10-07 13:41:46.967249+02,2026-10-07 13:41:46.967249+02
20260430,8744,509.460,2026-10-07 13:41:46.967249+02,2026-10-07 13:41:46.967249+02
20260430,8745,569.180,2026-10-07 13:41:46.967249+02,2026-10-07 13:41:46.967249+02
20260501,8741,519606.920,2026-10-07 13:41:46.967249+02,2026-10-07 13:41:46.967249+02
20260501,8742,21754.070,2026-10-07 13:41:46.967249+02,2026-10-07 13:41:46.967249+02
20260501,8743,15360.020,2026-10-07 13:41:46.967249+02,2026-10-07 13:41:46.967249+02
20260501,8744,447.780,2026-10-07 13:41:46.967249+02,2026-10-07 13:41:46.967249+02
20260501,8745,521.140,2026-10-07 13:41:46.967249+02,2026-10-07 13:41:46.967249+02
20260502,8741,533313.460,2026-10-07 13:41:46.967249+02,2026-10-07 13:41:46.967249+02
20260502,8742,22090.330,2026-10-07 13:41:46.967249+02,2026-10-07 13:41:46.967249+02
20260502,8743,14817.000,2026-10-07 13:41:46.967249+02,2026-10-07 13:41:46.967249+02
20260502,8744,456.260,2026-10-07 13:41:46.967249+02,2026-10-07 13:41:46.967249+02
20260502,8745,539.310,2026-10-07 13:41:46.967249+02,2026-10-07 13:41:46.967249+02
20260503,8741,515047.330,2026-10-07 13:41:46.967249+02,2026-10-07 13:41:46.967249+02
20260503,8742,20708.540,2026-10-07 13:41:46.967249+02,2026-10-07 13:41:46.967249+02
20260503,8743,14877.320,2026-10-07 13:41:46.967249+02,2026-10-07 13:41:46.967249+02
20260503,8744,438.030,2026-10-07 13:41:46.967249+02,2026-10-07 13:41:46.967249+02
20260503,8745,523.630,2026-10-07 13:41:46.967249+02,2026-10-07 13:41:46.967249+02
20260504,8741,611398.870,2026-10-07 13:41:46.967249+02,2026-10-07 13:41:46.967249+02
20260504,8742,22653.920,2026-10-07 13:41:46.967249+02,2026-10-07 13:41:46.967249+02
20260504,8743,15971.950,2026-10-07 13:41:46.967249+02,2026-10-07 13:41:46.967249+02
20260504,8744,499.280,2026-10-07 13:41:46.967249+02,2026-10-07 13:41:46.967249+02
20260504,8745,570.130,2026-10-07 13:41:46.967249+02,2026-10-07 13:41:46.967249+02
20260505,8741,624685.760,2026-10-07 13:41:46.967249+02,2026-10-07 13:41:46.967249+02
20260505,8742,23437.560,2026-10-07 13:41:46.967249+02,2026-10-07 13:41:46.967249+02
20260505,8743,15481.030,2026-10-07 13:41:46.967249+02,2026-10-07 13:41:46.967249+02
20260505,8744,505.110,2026-10-07 13:41:46.967249+02,2026-10-07 13:41:46.967249+02
20260505,8745,567.640,2026-10-07 13:41:46.967249+02,2026-10-07 13:41:46.967249+02
20260506,8741,624494.670,2026-10-07 13:41:46.967249+02,2026-10-07 13:41:46.967249+02
20260506,8742,24229.260,2026-10-07 13:41:46.967249+02,2026-10-07 13:41:46.967249+02
20260506,8743,15536.610,2026-10-07 13:41:46.967249+02,2026-10-07 13:41:46.967249+02
20260506,8744,506.640,2026-10-07 13:41:46.967249+02,2026-10-07 13:41:46.967249+02
20260506,8745,510.530,2026-10-07 13:41:46.967249+02,2026-10-07 13:41:46.967249+02
20260507,8741,631197.980,2026-10-07 13:41:46.967249+02,2026-10-07 13:41:46.967249+02
20260507,8742,23918.610,2026-10-07 13:41:46.967249+02,2026-10-07 13:41:46.967249+02
20260507,8743,16056.090,2026-10-07 13:41:46.967249+02,2026-10-07 13:41:46.967249+02
20260507,8744,504.230,2026-10-07 13:41:46.967249+02,2026-10-07 13:41:46.967249+02
20260507,8745,478.440,2026-10-07 13:41:46.967249+02,2026-10-07 13:41:46.967249+02
20260508,8741,637236.940,2026-10-07 13:41:46.967249+02,2026-10-07 13:41:46.967249+02
20260508,8742,23655.050,2026-10-07 13:41:46.967249+02,2026-10-07 13:41:46.967249+02
20260508,8743,16219.730,2026-10-07 13:41:46.967249+02,2026-10-07 13:41:46.967249+02
20260508,8744,497.250,2026-10-07 13:41:46.967249+02,2026-10-07 13:41:46.967249+02
20260508,8745,564.990,2026-10-07 13:41:46.967249+02,2026-10-07 13:41:46.967249+02
20260509,8741,576441.870,2026-10-07 13:41:46.967249+02,2026-10-07 13:41:46.967249+02
20260509,8742,22856.730,2026-10-07 13:41:46.967249+02,2026-10-07 13:41:46.967249+02
20260509,8743,15910.500,2026-10-07 13:41:46.967249+02,2026-10-07 13:41:46.967249+02
20260509,8744,469.250,2026-10-07 13:41:46.967249+02,2026-10-07 13:41:46.967249+02
20260509,8745,545.500,2026-10-07 13:41:46.967249+02,2026-10-07 13:41:46.967249+02
20260510,8741,525940.030,2026-10-07 13:41:46.967249+02,2026-10-07 13:41:46.967249+02
20260510,8742,22053.370,2026-10-07 13:41:46.967249+02,2026-10-07 13:41:46.967249+02
20260510,8743,14156.740,2026-10-07 13:41:46.967249+02,2026-10-07 13:41:46.967249+02
20260510,8744,463.160,2026-10-07 13:41:46.967249+02,2026-10-07 13:41:46.967249+02
20260510,8745,525.970,2026-10-07 13:41:46.967249+02,2026-10-07 13:41:46.967249+02
20260511,8741,615456.340,2026-10-07 13:41:46.967249+02,2026-10-07 13:41:46.967249+02
20260511,8742,23706.160,2026-10-07 13:41:46.967249+02,2026-10-07 13:41:46.967249+02
20260511,8743,15095.660,2026-10-07 13:41:46.967249+02,2026-10-07 13:41:46.967249+02
20260511,8744,504.250,2026-10-07 13:41:46.967249+02,2026-10-07 13:41:46.967249+02
20260511,8745,564.210,2026-10-07 13:41:46.967249+02,2026-10-07 13:41:46.967249+02
20260512,8741,639037.770,2026-10-07 13:41:46.967249+02,2026-10-07 13:41:46.967249+02
20260512,8742,23714.130,2026-10-07 13:41:46.967249+02,2026-10-07 13:41:46.967249+02
20260512,8743,15805.310,2026-10-07 13:41:46.967249+02,2026-10-07 13:41:46.967249+02
20260512,8744,507.400,2026-10-07 13:41:46.967249+02,2026-10-07 13:41:46.967249+02
20260512,8745,517.690,2026-10-07 13:41:46.967249+02,2026-10-07 13:41:46.967249+02
20260513,8741,638290.620,2026-10-07 13:41:46.967249+02,2026-10-07 13:41:46.967249+02
20260513,8742,23710.890,2026-10-07 13:41:46.967249+02,2026-10-07 13:41:46.967249+02
20260513,8743,15411.790,2026-10-07 13:41:46.967249+02,2026-10-07 13:41:46.967249+02
20260513,8744,506.010,2026-10-07 13:41:46.967249+02,2026-10-07 13:41:46.967249+02
20260513,8745,516.230,2026-10-07 13:41:46.967249+02,2026-10-07 13:41:46.967249+02
20260514,8741,633651.900,2026-10-07 13:41:46.967249+02,2026-10-07 13:41:46.967249+02
20260514,8742,23660.900,2026-10-07 13:41:46.967249+02,2026-10-07 13:41:46.967249+02
20260514,8743,15550.850,2026-10-07 13:41:46.967249+02,2026-10-07 13:41:46.967249+02
20260514,8744,511.020,2026-10-07 13:41:46.967249+02,2026-10-07 13:41:46.967249+02
20260514,8745,570.390,2026-10-07 13:41:46.967249+02,2026-10-07 13:41:46.967249+02
20260515,8741,634727.320,2026-10-07 13:41:46.967249+02,2026-10-07 13:41:46.967249+02
20260515,8742,23742.070,2026-10-07 13:41:46.967249+02,2026-10-07 13:41:46.967249+02
20260515,8743,16517.620,2026-10-07 13:41:46.967249+02,2026-10-07 13:41:46.967249+02
20260515,8744,482.560,2026-10-07 13:41:46.967249+02,2026-10-07 13:41:46.967249+02
20260515,8745,550.960,2026-10-07 13:41:46.967249+02,2026-10-07 13:41:46.967249+02
20260516,8741,553494.570,2026-10-07 13:41:46.967249+02,2026-10-07 13:41:46.967249+02
20260516,8742,22352.080,2026-10-07 13:41:46.967249+02,2026-10-07 13:41:46.967249+02
20260516,8743,14826.810,2026-10-07 13:41:46.967249+02,2026-10-07 13:41:46.967249+02
20260516,8744,451.170,2026-10-07 13:41:46.967249+02,2026-10-07 13:41:46.967249+02
20260516,8745,538.460,2026-10-07 13:41:46.967249+02,2026-10-07 13:41:46.967249+02
20260517,8741,519556.030,2026-10-07 13:41:46.967249+02,2026-10-07 13:41:46.967249+02
20260517,8742,21120.770,2026-10-07 13:41:46.967249+02,2026-10-07 13:41:46.967249+02
20260517,8743,14452.120,2026-10-07 13:41:46.967249+02,2026-10-07 13:41:46.967249+02
20260517,8744,445.820,2026-10-07 13:41:46.967249+02,2026-10-07 13:41:46.967249+02
20260517,8745,512.890,2026-10-07 13:41:46.967249+02,2026-10-07 13:41:46.967249+02
20260518,8741,613780.770,2026-10-07 13:41:46.967249+02,2026-10-07 13:41:46.967249+02
20260518,8742,23305.140,2026-10-07 13:41:46.967249+02,2026-10-07 13:41:46.967249+02
20260518,8743,15263.810,2026-10-07 13:41:46.967249+02,2026-10-07 13:41:46.967249+02
20260518,8744,488.720,2026-10-07 13:41:46.967249+02,2026-10-07 13:41:46.967249+02
20260518,8745,555.980,2026-10-07 13:41:46.967249+02,2026-10-07 13:41:46.967249+02
20260519,8741,627802.920,2026-10-07 13:41:46.967249+02,2026-10-07 13:41:46.967249+02
20260519,8742,23358.500,2026-10-07 13:41:46.967249+02,2026-10-07 13:41:46.967249+02
20260519,8743,15563.650,2026-10-07 13:41:46.967249+02,2026-10-07 13:41:46.967249+02
20260519,8744,495.150,2026-10-07 13:41:46.967249+02,2026-10-07 13:41:46.967249+02
20260519,8745,561.250,2026-10-07 13:41:46.967249+02,2026-10-07 13:41:46.967249+02
20260520,8741,633623.690,2026-10-07 13:41:46.967249+02,2026-10-07 13:41:46.967249+02
20260520,8742,23452.810,2026-10-07 13:41:46.967249+02,2026-10-07 13:41:46.967249+02
20260520,8743,15743.260,2026-10-07 13:41:46.967249+02,2026-10-07 13:41:46.967249+02
20260520,8744,500.460,2026-10-07 13:41:46.967249+02,2026-10-07 13:41:46.967249+02
20260520,8745,515.220,2026-10-07 13:41:46.967249+02,2026-10-07 13:41:46.967249+02
20260521,8741,638016.480,2026-10-07 13:41:46.967249+02,2026-10-07 13:41:46.967249+02
20260521,8742,23603.390,2026-10-07 13:41:46.967249+02,2026-10-07 13:41:46.967249+02
20260521,8743,16024.180,2026-10-07 13:41:46.967249+02,2026-10-07 13:41:46.967249+02
20260521,8744,506.520,2026-10-07 13:41:46.967249+02,2026-10-07 13:41:46.967249+02
20260521,8745,577.320,2026-10-07 13:41:46.967249+02,2026-10-07 13:41:46.967249+02
20260522,8741,639210.090,2026-10-07 13:41:46.967249+02,2026-10-07 13:41:46.967249+02
20260522,8742,23667.230,2026-10-07 13:41:46.967249+02,2026-10-07 13:41:46.967249+02
20260522,8743,16244.710,2026-10-07 13:41:46.967249+02,2026-10-07 13:41:46.967249+02
20260522,8744,491.360,2026-10-07 13:41:46.967249+02,2026-10-07 13:41:46.967249+02
20260522,8745,577.510,2026-10-07 13:41:46.967249+02,2026-10-07 13:41:46.967249+02
20260523,8741,572025.810,2026-10-07 13:41:46.967249+02,2026-10-07 13:41:46.967249+02
20260523,8742,22570.130,2026-10-07 13:41:46.967249+02,2026-10-07 13:41:46.967249+02
20260523,8743,15705.140,2026-10-07 13:41:46.967249+02,2026-10-07 13:41:46.967249+02
20260523,8744,449.720,2026-10-07 13:41:46.967249+02,2026-10-07 13:41:46.967249+02
20260523,8745,551.980,2026-10-07 13:41:46.967249+02,2026-10-07 13:41:46.967249+02
20260524,8741,534408.490,2026-10-07 13:41:46.967249+02,2026-10-07 13:41:46.967249+02
20260524,8742,21502.830,2026-10-07 13:41:46.967249+02,2026-10-07 13:41:46.967249+02
20260524,8743,15252.940,2026-10-07 13:41:46.967249+02,2026-10-07 13:41:46.967249+02
20260524,8744,434.120,2026-10-07 13:41:46.967249+02,2026-10-07 13:41:46.967249+02
20260524,8745,536.150,2026-10-07 13:41:46.967249+02,2026-10-07 13:41:46.967249+02
20260525,8741,639170.060,2026-10-07 13:41:46.967249+02,2026-10-07 13:41:46.967249+02
20260525,8742,23726.170,2026-10-07 13:41:46.967249+02,2026-10-07 13:41:46.967249+02
20260525,8743,16775.710,2026-10-07 13:41:46.967249+02,2026-10-07 13:41:46.967249+02
20260525,8744,485.900,2026-10-07 13:41:46.967249+02,2026-10-07 13:41:46.967249+02
20260525,8745,578.210,2026-10-07 13:41:46.967249+02,2026-10-07 13:41:46.967249+02
20260526,8741,665568.180,2026-10-07 13:41:46.967249+02,2026-10-07 13:41:46.967249+02
20260526,8742,24621.580,2026-10-07 13:41:46.967249+02,2026-10-07 13:41:46.967249+02
20260526,8743,17181.560,2026-10-07 13:41:46.967249+02,2026-10-07 13:41:46.967249+02
20260526,8744,488.380,2026-10-07 13:41:46.967249+02,2026-10-07 13:41:46.967249+02
20260526,8745,583.410,2026-10-07 13:41:46.967249+02,2026-10-07 13:41:46.967249+02
20260527,8741,676985.560,2026-10-07 13:41:46.967249+02,2026-10-07 13:41:46.967249+02
20260527,8742,24112.370,2026-10-07 13:41:46.967249+02,2026-10-07 13:41:46.967249+02
20260527,8743,17413.920,2026-10-07 13:41:46.967249+02,2026-10-07 13:41:46.967249+02
20260527,8744,435.640,2026-10-07 13:41:46.967249+02,2026-10-07 13:41:46.967249+02
20260527,8745,519.220,2026-10-07 13:41:46.967249+02,2026-10-07 13:41:46.967249+02
20260528,8741,688715.990,2026-10-07 13:41:46.967249+02,2026-10-07 13:41:46.967249+02
20260528,8742,23811.710,2026-10-07 13:41:46.967249+02,2026-10-07 13:41:46.967249+02
20260528,8743,17823.220,2026-10-07 13:41:46.967249+02,2026-10-07 13:41:46.967249+02
20260528,8744,491.050,2026-10-07 13:41:46.967249+02,2026-10-07 13:41:46.967249+02
20260528,8745,547.970,2026-10-07 13:41:46.967249+02,2026-10-07 13:41:46.967249+02
20260529,8741,690959.060,2026-10-07 13:41:46.967249+02,2026-10-07 13:41:46.967249+02
20260529,8742,23878.080,2026-10-07 13:41:46.967249+02,2026-10-07 13:41:46.967249+02
20260529,8743,18542.610,2026-10-07 13:41:46.967249+02,2026-10-07 13:41:46.967249+02
20260529,8744,488.570,2026-10-07 13:41:46.967249+02,2026-10-07 13:41:46.967249+02
20260529,8745,574.670,2026-10-07 13:41:46.967249+02,2026-10-07 13:41:46.967249+02
20260530,8741,616865.990,2026-10-07 13:41:46.967249+02,2026-10-07 13:41:46.967249+02
20260530,8742,22510.390,2026-10-07 13:41:46.967249+02,2026-10-07 13:41:46.967249+02
20260530,8743,18125.030,2026-10-07 13:41:46.967249+02,2026-10-07 13:41:46.967249+02
20260530,8744,465.520,2026-10-07 13:41:46.967249+02,2026-10-07 13:41:46.967249+02
20260530,8745,557.720,2026-10-07 13:41:46.967249+02,2026-10-07 13:41:46.967249+02
20260531,8741,577000.580,2026-10-07 13:41:46.967249+02,2026-10-07 13:41:46.967249+02
20260531,8742,21734.190,2026-10-07 13:41:46.967249+02,2026-10-07 13:41:46.967249+02
20260531,8743,17521.550,2026-10-07 13:41:46.967249+02,2026-10-07 13:41:46.967249+02
20260531,8744,460.410,2026-10-07 13:41:46.967249+02,2026-10-07 13:41:46.967249+02
20260531,8745,547.830,2026-10-07 13:41:46.967249+02,2026-10-07 13:41:46.967249+02
20260601,8741,689196.960,2026-10-07 13:41:46.967249+02,2026-10-07 13:41:46.967249+02
20260601,8742,23803.720,2026-10-07 13:41:46.967249+02,2026-10-07 13:41:46.967249+02
20260601,8743,19216.900,2026-10-07 13:41:46.967249+02,2026-10-07 13:41:46.967249+02
20260601,8744,526.510,2026-10-07 13:41:46.967249+02,2026-10-07 13:41:46.967249+02
20260601,8745,629.410,2026-10-07 13:41:46.967249+02,2026-10-07 13:41:46.967249+02
20260602,8741,713885.830,2026-10-07 13:41:46.967249+02,2026-10-07 13:41:46.967249+02
20260602,8742,24198.680,2026-10-07 13:41:46.967249+02,2026-10-07 13:41:46.967249+02
20260602,8743,19840.240,2026-10-07 13:41:46.967249+02,2026-10-07 13:41:46.967249+02
20260602,8744,534.100,2026-10-07 13:41:46.967249+02,2026-10-07 13:41:46.967249+02
20260602,8745,684.470,2026-10-07 13:41:46.967249+02,2026-10-07 13:41:46.967249+02
20260603,8741,691943.790,2026-10-07 13:41:46.967249+02,2026-10-07 13:41:46.967249+02
20260603,8742,24139.340,2026-10-07 13:41:46.967249+02,2026-10-07 13:41:46.967249+02
20260603,8743,18707.190,2026-10-07 13:41:46.967249+02,2026-10-07 13:41:46.967249+02
20260603,8744,540.710,2026-10-07 13:41:46.967249+02,2026-10-07 13:41:46.967249+02
20260603,8745,669.950,2026-10-07 13:41:46.967249+02,2026-10-07 13:41:46.967249+02
20260604,8741,696682.910,2026-10-07 13:41:46.967249+02,2026-10-07 13:41:46.967249+02
20260604,8742,24396.990,2026-10-07 13:41:46.967249+02,2026-10-07 13:41:46.967249+02
20260604,8743,18831.130,2026-10-07 13:41:46.967249+02,2026-10-07 13:41:46.967249+02
20260604,8744,555.020,2026-10-07 13:41:46.967249+02,2026-10-07 13:41:46.967249+02
20260604,8745,680.110,2026-10-07 13:41:46.967249+02,2026-10-07 13:41:46.967249+02
20260605,8741,669984.050,2026-10-07 13:41:46.967249+02,2026-10-07 13:41:46.967249+02
20260605,8742,24507.810,2026-10-07 13:41:46.967249+02,2026-10-07 13:41:46.967249+02
20260605,8743,18318.050,2026-10-07 13:41:46.967249+02,2026-10-07 13:41:46.967249+02
20260605,8744,540.510,2026-10-07 13:41:46.967249+02,2026-10-07 13:41:46.967249+02
20260605,8745,664.160,2026-10-07 13:41:46.967249+02,2026-10-07 13:41:46.967249+02
20260606,8741,597606.730,2026-10-07 13:41:46.967249+02,2026-10-07 13:41:46.967249+02
20260606,8742,22667.800,2026-10-07 13:41:46.967249+02,2026-10-07 13:41:46.967249+02
20260606,8743,17139.670,2026-10-07 13:41:46.967249+02,2026-10-07 13:41:46.967249+02
20260606,8744,499.160,2026-10-07 13:41:46.967249+02,2026-10-07 13:41:46.967249+02
20260606,8745,625.530,2026-10-07 13:41:46.967249+02,2026-10-07 13:41:46.967249+02
20260607,8741,560231.960,2026-10-07 13:41:46.967249+02,2026-10-07 13:41:46.967249+02
20260607,8742,21771.260,2026-10-07 13:41:46.967249+02,2026-10-07 13:41:46.967249+02
20260607,8743,16896.470,2026-10-07 13:41:46.967249+02,2026-10-07 13:41:46.967249+02
20260607,8744,495.530,2026-10-07 13:41:46.967249+02,2026-10-07 13:41:46.967249+02
20260607,8745,605.140,2026-10-07 13:41:46.967249+02,2026-10-07 13:41:46.967249+02
20260608,8741,674468.270,2026-10-07 13:41:46.967249+02,2026-10-07 13:41:46.967249+02
20260608,8742,24047.050,2026-10-07 13:41:46.967249+02,2026-10-07 13:41:46.967249+02
20260608,8743,18515.390,2026-10-07 13:41:46.967249+02,2026-10-07 13:41:46.967249+02
20260608,8744,561.150,2026-10-07 13:41:46.967249+02,2026-10-07 13:41:46.967249+02
20260608,8745,672.500,2026-10-07 13:41:46.967249+02,2026-10-07 13:41:46.967249+02
20260609,8741,695025.290,2026-10-07 13:41:46.967249+02,2026-10-07 13:41:46.967249+02
20260609,8742,24273.730,2026-10-07 13:41:46.967249+02,2026-10-07 13:41:46.967249+02
20260609,8743,19001.020,2026-10-07 13:41:46.967249+02,2026-10-07 13:41:46.967249+02
20260609,8744,568.650,2026-10-07 13:41:46.967249+02,2026-10-07 13:41:46.967249+02
20260609,8745,691.770,2026-10-07 13:41:46.967249+02,2026-10-07 13:41:46.967249+02
20260610,8741,691863.010,2026-10-07 13:41:46.967249+02,2026-10-07 13:41:46.967249+02
20260610,8742,24138.980,2026-10-07 13:41:46.967249+02,2026-10-07 13:41:46.967249+02
20260610,8743,18341.650,2026-10-07 13:41:46.967249+02,2026-10-07 13:41:46.967249+02
20260610,8744,568.870,2026-10-07 13:41:46.967249+02,2026-10-07 13:41:46.967249+02
20260610,8745,694.230,2026-10-07 13:41:46.967249+02,2026-10-07 13:41:46.967249+02
20260611,8741,688852.740,2026-10-07 13:41:46.967249+02,2026-10-07 13:41:46.967249+02
20260611,8742,23879.930,2026-10-07 13:41:46.967249+02,2026-10-07 13:41:46.967249+02
20260611,8743,18190.530,2026-10-07 13:41:46.967249+02,2026-10-07 13:41:46.967249+02
20260611,8744,575.180,2026-10-07 13:41:46.967249+02,2026-10-07 13:41:46.967249+02
20260611,8745,677.660,2026-10-07 13:41:46.967249+02,2026-10-07 13:41:46.967249+02
20260612,8741,688869.560,2026-10-07 13:41:46.967249+02,2026-10-07 13:41:46.967249+02
20260612,8742,23875.350,2026-10-07 13:41:46.967249+02,2026-10-07 13:41:46.967249+02
20260612,8743,18120.360,2026-10-07 13:41:46.967249+02,2026-10-07 13:41:46.967249+02
20260612,8744,551.270,2026-10-07 13:41:46.967249+02,2026-10-07 13:41:46.967249+02
20260612,8745,646.530,2026-10-07 13:41:46.967249+02,2026-10-07 13:41:46.967249+02
20260613,8741,619113.120,2026-10-07 13:41:46.967249+02,2026-10-07 13:41:46.967249+02
20260613,8742,22791.740,2026-10-07 13:41:46.967249+02,2026-10-07 13:41:46.967249+02
20260613,8743,17875.160,2026-10-07 13:41:46.967249+02,2026-10-07 13:41:46.967249+02
20260613,8744,486.050,2026-10-07 13:41:46.967249+02,2026-10-07 13:41:46.967249+02
20260613,8745,606.330,2026-10-07 13:41:46.967249+02,2026-10-07 13:41:46.967249+02
20260614,8741,582824.700,2026-10-07 13:41:46.967249+02,2026-10-07 13:41:46.967249+02
20260614,8742,21655.910,2026-10-07 13:41:46.967249+02,2026-10-07 13:41:46.967249+02
20260614,8743,17427.490,2026-10-07 13:41:46.967249+02,2026-10-07 13:41:46.967249+02
20260614,8744,485.230,2026-10-07 13:41:46.967249+02,2026-10-07 13:41:46.967249+02
20260614,8745,579.850,2026-10-07 13:41:46.967249+02,2026-10-07 13:41:46.967249+02
20260615,8741,697390.810,2026-10-07 13:41:46.967249+02,2026-10-07 13:41:46.967249+02
20260615,8742,23942.050,2026-10-07 13:41:46.967249+02,2026-10-07 13:41:46.967249+02
20260615,8743,19306.330,2026-10-07 13:41:46.967249+02,2026-10-07 13:41:46.967249+02
20260615,8744,552.530,2026-10-07 13:41:46.967249+02,2026-10-07 13:41:46.967249+02
20260615,8745,645.870,2026-10-07 13:41:46.967249+02,2026-10-07 13:41:46.967249+02
20260616,8741,722142.290,2026-10-07 13:41:46.967249+02,2026-10-07 13:41:46.967249+02
20260616,8742,24380.800,2026-10-07 13:41:46.967249+02,2026-10-07 13:41:46.967249+02
20260616,8743,19998.950,2026-10-07 13:41:46.967249+02,2026-10-07 13:41:46.967249+02
20260616,8744,560.930,2026-10-07 13:41:46.967249+02,2026-10-07 13:41:46.967249+02
20260616,8745,626.390,2026-10-07 13:41:46.967249+02,2026-10-07 13:41:46.967249+02
20260617,8741,736525.060,2026-10-07 13:41:46.967249+02,2026-10-07 13:41:46.967249+02
20260617,8742,24698.230,2026-10-07 13:41:46.967249+02,2026-10-07 13:41:46.967249+02
20260617,8743,20373.350,2026-10-07 13:41:46.967249+02,2026-10-07 13:41:46.967249+02
20260617,8744,570.020,2026-10-07 13:41:46.967249+02,2026-10-07 13:41:46.967249+02
20260617,8745,650.670,2026-10-07 13:41:46.967249+02,2026-10-07 13:41:46.967249+02
20260618,8741,742671.120,2026-10-07 13:41:46.967249+02,2026-10-07 13:41:46.967249+02
20260618,8742,24800.380,2026-10-07 13:41:46.967249+02,2026-10-07 13:41:46.967249+02
20260618,8743,20701.290,2026-10-07 13:41:46.967249+02,2026-10-07 13:41:46.967249+02
20260618,8744,575.520,2026-10-07 13:41:46.967249+02,2026-10-07 13:41:46.967249+02
20260618,8745,660.450,2026-10-07 13:41:46.967249+02,2026-10-07 13:41:46.967249+02
20260619,8741,742954.180,2026-10-07 13:41:46.967249+02,2026-10-07 13:41:46.967249+02
20260619,8742,24516.660,2026-10-07 13:41:46.967249+02,2026-10-07 13:41:46.967249+02
20260619,8743,21725.970,2026-10-07 13:41:46.967249+02,2026-10-07 13:41:46.967249+02
20260619,8744,576.160,2026-10-07 13:41:46.967249+02,2026-10-07 13:41:46.967249+02
20260619,8745,679.830,2026-10-07 13:41:46.967249+02,2026-10-07 13:41:46.967249+02
20260620,8741,672484.570,2026-10-07 13:41:46.967249+02,2026-10-07 13:41:46.967249+02
20260620,8742,23152.110,2026-10-07 13:41:46.967249+02,2026-10-07 13:41:46.967249+02
20260620,8743,21441.850,2026-10-07 13:41:46.967249+02,2026-10-07 13:41:46.967249+02
20260620,8744,537.860,2026-10-07 13:41:46.967249+02,2026-10-07 13:41:46.967249+02
20260620,8745,655.320,2026-10-07 13:41:46.967249+02,2026-10-07 13:41:46.967249+02
20260621,8741,645218.400,2026-10-07 13:41:46.967249+02,2026-10-07 13:41:46.967249+02
20260621,8742,21763.180,2026-10-07 13:41:46.967249+02,2026-10-07 13:41:46.967249+02
20260621,8743,21362.400,2026-10-07 13:41:46.967249+02,2026-10-07 13:41:46.967249+02
20260621,8744,528.730,2026-10-07 13:41:46.967249+02,2026-10-07 13:41:46.967249+02
20260621,8745,636.110,2026-10-07 13:41:46.967249+02,2026-10-07 13:41:46.967249+02
20260622,8741,772619.150,2026-10-07 13:41:46.967249+02,2026-10-07 13:41:46.967249+02
20260622,8742,24389.290,2026-10-07 13:41:46.967249+02,2026-10-07 13:41:46.967249+02
20260622,8743,23604.500,2026-10-07 13:41:46.967249+02,2026-10-07 13:41:46.967249+02
20260622,8744,601.010,2026-10-07 13:41:46.967249+02,2026-10-07 13:41:46.967249+02
20260622,8745,713.510,2026-10-07 13:41:46.967249+02,2026-10-07 13:41:46.967249+02
20260623,8741,786755.890,2026-10-07 13:41:46.967249+02,2026-10-07 13:41:46.967249+02
20260623,8742,25624.810,2026-10-07 13:41:46.967249+02,2026-10-07 13:41:46.967249+02
20260623,8743,23822.590,2026-10-07 13:41:46.967249+02,2026-10-07 13:41:46.967249+02
20260623,8744,613.640,2026-10-07 13:41:46.967249+02,2026-10-07 13:41:46.967249+02
20260623,8745,711.990,2026-10-07 13:41:46.967249+02,2026-10-07 13:41:46.967249+02
20260624,8741,745426.440,2026-10-07 13:41:46.967249+02,2026-10-07 13:41:46.967249+02
20260624,8742,24330.900,2026-10-07 13:41:46.967249+02,2026-10-07 13:41:46.967249+02
20260624,8743,23176.480,2026-10-07 13:41:46.967249+02,2026-10-07 13:41:46.967249+02
20260624,8744,600.540,2026-10-07 13:41:46.967249+02,2026-10-07 13:41:46.967249+02
20260624,8745,717.810,2026-10-07 13:41:46.967249+02,2026-10-07 13:41:46.967249+02
20260625,8741,772911.690,2026-10-07 13:41:46.967249+02,2026-10-07 13:41:46.967249+02
20260625,8742,25263.130,2026-10-07 13:41:46.967249+02,2026-10-07 13:41:46.967249+02
20260625,8743,24393.930,2026-10-07 13:41:46.967249+02,2026-10-07 13:41:46.967249+02
20260625,8744,590.340,2026-10-07 13:41:46.967249+02,2026-10-07 13:41:46.967249+02
20260625,8745,682.950,2026-10-07 13:41:46.967249+02,2026-10-07 13:41:46.967249+02
20260626,8741,758039.170,2026-10-07 13:41:46.967249+02,2026-10-07 13:41:46.967249+02
20260626,8742,25371.290,2026-10-07 13:41:46.967249+02,2026-10-07 13:41:46.967249+02
20260626,8743,24524.960,2026-10-07 13:41:46.967249+02,2026-10-07 13:41:46.967249+02
20260626,8744,576.290,2026-10-07 13:41:46.967249+02,2026-10-07 13:41:46.967249+02
20260626,8745,702.530,2026-10-07 13:41:46.967249+02,2026-10-07 13:41:46.967249+02
20260627,8741,680338.490,2026-10-07 13:41:46.967249+02,2026-10-07 13:41:46.967249+02
20260627,8742,24063.210,2026-10-07 13:41:46.967249+02,2026-10-07 13:41:46.967249+02
20260627,8743,24009.120,2026-10-07 13:41:46.967249+02,2026-10-07 13:41:46.967249+02
20260627,8744,534.830,2026-10-07 13:41:46.967249+02,2026-10-07 13:41:46.967249+02
20260627,8745,673.060,2026-10-07 13:41:46.967249+02,2026-10-07 13:41:46.967249+02
20260628,8741,641215.900,2026-10-07 13:41:46.967249+02,2026-10-07 13:41:46.967249+02
20260628,8742,22629.510,2026-10-07 13:41:46.967249+02,2026-10-07 13:41:46.967249+02
20260628,8743,23568.670,2026-10-07 13:41:46.967249+02,2026-10-07 13:41:46.967249+02
20260628,8744,526.020,2026-10-07 13:41:46.967249+02,2026-10-07 13:41:46.967249+02
20260628,8745,668.610,2026-10-07 13:41:46.967249+02,2026-10-07 13:41:46.967249+02
20260629,8741,753092.890,2026-10-07 13:41:46.967249+02,2026-10-07 13:41:46.967249+02
20260629,8742,25347.650,2026-10-07 13:41:46.967249+02,2026-10-07 13:41:46.967249+02
20260629,8743,25522.050,2026-10-07 13:41:46.967249+02,2026-10-07 13:41:46.967249+02
20260629,8744,592.910,2026-10-07 13:41:46.967249+02,2026-10-07 13:41:46.967249+02
20260629,8745,734.910,2026-10-07 13:41:46.967249+02,2026-10-07 13:41:46.967249+02
20260630,8741,790251.940,2026-10-07 13:41:46.967249+02,2026-10-07 13:41:46.967249+02
20260630,8742,26107.390,2026-10-07 13:41:46.967249+02,2026-10-07 13:41:46.967249+02
20260630,8743,25554.270,2026-10-07 13:41:46.967249+02,2026-10-07 13:41:46.967249+02
20260630,8744,618.660,2026-10-07 13:41:46.967249+02,2026-10-07 13:41:46.967249+02
20260630,8745,773.800,2026-10-07 13:41:46.967249+02,2026-10-07 13:41:46.967249+02
20260701,8741,792292.270,2026-10-07 13:41:46.967249+02,2026-10-07 13:41:46.967249+02
20260701,8742,25578.440,2026-10-07 13:41:46.967249+02,2026-10-07 13:41:46.967249+02
20260701,8743,25663.730,2026-10-07 13:41:46.967249+02,2026-10-07 13:41:46.967249+02
20260701,8744,644.290,2026-10-07 13:41:46.967249+02,2026-10-07 13:41:46.967249+02
20260701,8745,809.460,2026-10-07 13:41:46.967249+02,2026-10-07 13:41:46.967249+02
20260702,8741,778675.200,2026-10-07 13:41:46.967249+02,2026-10-07 13:41:46.967249+02
20260702,8742,25979.520,2026-10-07 13:41:46.967249+02,2026-10-07 13:41:46.967249+02
20260702,8743,24525.500,2026-10-07 13:41:46.967249+02,2026-10-07 13:41:46.967249+02
20260702,8744,647.730,2026-10-07 13:41:46.967249+02,2026-10-07 13:41:46.967249+02
20260702,8745,825.460,2026-10-07 13:41:46.967249+02,2026-10-07 13:41:46.967249+02
20260703,8741,771456.780,2026-10-07 13:41:46.967249+02,2026-10-07 13:41:46.967249+02
20260703,8742,26111.460,2026-10-07 13:41:46.967249+02,2026-10-07 13:41:46.967249+02
20260703,8743,24109.460,2026-10-07 13:41:46.967249+02,2026-10-07 13:41:46.967249+02
20260703,8744,661.760,2026-10-07 13:41:46.967249+02,2026-10-07 13:41:46.967249+02
20260703,8745,802.060,2026-10-07 13:41:46.967249+02,2026-10-07 13:41:46.967249+02
20260704,8741,688108.950,2026-10-07 13:41:46.967249+02,2026-10-07 13:41:46.967249+02
20260704,8742,24420.910,2026-10-07 13:41:46.967249+02,2026-10-07 13:41:46.967249+02
20260704,8743,23176.290,2026-10-07 13:41:46.967249+02,2026-10-07 13:41:46.967249+02
20260704,8744,634.970,2026-10-07 13:41:46.967249+02,2026-10-07 13:41:46.967249+02
20260704,8745,744.460,2026-10-07 13:41:46.967249+02,2026-10-07 13:41:46.967249+02
20260705,8741,659352.770,2026-10-07 13:41:46.967249+02,2026-10-07 13:41:46.967249+02
20260705,8742,23287.520,2026-10-07 13:41:46.967249+02,2026-10-07 13:41:46.967249+02
20260705,8743,22577.680,2026-10-07 13:41:46.967249+02,2026-10-07 13:41:46.967249+02
20260705,8744,582.110,2026-10-07 13:41:46.967249+02,2026-10-07 13:41:46.967249+02
20260705,8745,720.060,2026-10-07 13:41:46.967249+02,2026-10-07 13:41:46.967249+02
20260706,8741,790749.820,2026-10-07 13:41:46.967249+02,2026-10-07 13:41:46.967249+02
20260706,8742,26103.320,2026-10-07 13:41:46.967249+02,2026-10-07 13:41:46.967249+02
20260706,8743,24909.120,2026-10-07 13:41:46.967249+02,2026-10-07 13:41:46.967249+02
20260706,8744,631.720,2026-10-07 13:41:46.967249+02,2026-10-07 13:41:46.967249+02
20260706,8745,779.370,2026-10-07 13:41:46.967249+02,2026-10-07 13:41:46.967249+02
20260707,8741,812273.830,2026-10-07 13:41:46.967249+02,2026-10-07 13:41:46.967249+02
20260707,8742,26900.660,2026-10-07 13:41:46.967249+02,2026-10-07 13:41:46.967249+02
20260707,8743,25376.380,2026-10-07 13:41:46.967249+02,2026-10-07 13:41:46.967249+02
20260707,8744,644.910,2026-10-07 13:41:46.967249+02,2026-10-07 13:41:46.967249+02
20260707,8745,788.790,2026-10-07 13:41:46.967249+02,2026-10-07 13:41:46.967249+02
20260708,8741,816760.020,2026-10-07 13:41:46.967249+02,2026-10-07 13:41:46.967249+02
20260708,8742,27203.140,2026-10-07 13:41:46.967249+02,2026-10-07 13:41:46.967249+02
20260708,8743,25634.170,2026-10-07 13:41:46.967249+02,2026-10-07 13:41:46.967249+02
20260708,8744,679.030,2026-10-07 13:41:46.967249+02,2026-10-07 13:41:46.967249+02
20260708,8745,764.020,2026-10-07 13:41:46.967249+02,2026-10-07 13:41:46.967249+02
20260709,8741,814742.000,2026-10-07 13:41:46.967249+02,2026-10-07 13:41:46.967249+02
20260709,8742,26876.340,2026-10-07 13:41:46.967249+02,2026-10-07 13:41:46.967249+02
20260709,8743,26499.480,2026-10-07 13:41:46.967249+02,2026-10-07 13:41:46.967249+02
20260709,8744,658.480,2026-10-07 13:41:46.967249+02,2026-10-07 13:41:46.967249+02
20260709,8745,794.620,2026-10-07 13:41:46.967249+02,2026-10-07 13:41:46.967249+02
20260710,8741,792481.350,2026-10-07 13:41:46.967249+02,2026-10-07 13:41:46.967249+02
20260710,8742,26329.250,2026-10-07 13:41:46.967249+02,2026-10-07 13:41:46.967249+02
20260710,8743,26698.170,2026-10-07 13:41:46.967249+02,2026-10-07 13:41:46.967249+02
20260710,8744,591.990,2026-10-07 13:41:46.967249+02,2026-10-07 13:41:46.967249+02
20260710,8745,779.050,2026-10-07 13:41:46.967249+02,2026-10-07 13:41:46.967249+02
20260711,8741,690273.380,2026-10-07 13:41:46.967249+02,2026-10-07 13:41:46.967249+02
20260711,8742,25054.750,2026-10-07 13:41:46.967249+02,2026-10-07 13:41:46.967249+02
20260711,8743,25381.940,2026-10-07 13:41:46.967249+02,2026-10-07 13:41:46.967249+02
20260711,8744,561.020,2026-10-07 13:41:46.967249+02,2026-10-07 13:41:46.967249+02
20260711,8745,707.630,2026-10-07 13:41:46.967249+02,2026-10-07 13:41:46.967249+02
20260712,8741,641902.040,2026-10-07 13:41:46.967249+02,2026-10-07 13:41:46.967249+02
20260712,8742,23216.750,2026-10-07 13:41:46.967249+02,2026-10-07 13:41:46.967249+02
20260712,8743,25613.090,2026-10-07 13:41:46.967249+02,2026-10-07 13:41:46.967249+02
20260712,8744,547.520,2026-10-07 13:41:46.967249+02,2026-10-07 13:41:46.967249+02
20260712,8745,660.910,2026-10-07 13:41:46.967249+02,2026-10-07 13:41:46.967249+02
20260713,8741,761573.670,2026-10-07 13:41:46.967249+02,2026-10-07 13:41:46.967249+02
20260713,8742,25736.810,2026-10-07 13:41:46.967249+02,2026-10-07 13:41:46.967249+02
20260713,8743,27954.850,2026-10-07 13:41:46.967249+02,2026-10-07 13:41:46.967249+02
20260713,8744,608.860,2026-10-07 13:41:46.967249+02,2026-10-07 13:41:46.967249+02
20260713,8745,750.840,2026-10-07 13:41:46.967249+02,2026-10-07 13:41:46.967249+02
20260714,8741,791904.630,2026-10-07 13:41:46.967249+02,2026-10-07 13:41:46.967249+02
20260714,8742,25829.300,2026-10-07 13:41:46.967249+02,2026-10-07 13:41:46.967249+02
20260714,8743,28589.320,2026-10-07 13:41:46.967249+02,2026-10-07 13:41:46.967249+02
20260714,8744,618.750,2026-10-07 13:41:46.967249+02,2026-10-07 13:41:46.967249+02
20260714,8745,776.960,2026-10-07 13:41:46.967249+02,2026-10-07 13:41:46.967249+02
20260715,8741,812942.560,2026-10-07 13:41:46.967249+02,2026-10-07 13:41:46.967249+02
20260715,8742,26538.550,2026-10-07 13:41:46.967249+02,2026-10-07 13:41:46.967249+02
20260715,8743,28766.680,2026-10-07 13:41:46.967249+02,2026-10-07 13:41:46.967249+02
20260715,8744,621.900,2026-10-07 13:41:46.967249+02,2026-10-07 13:41:46.967249+02
20260715,8745,818.080,2026-10-07 13:41:46.967249+02,2026-10-07 13:41:46.967249+02
20260716,8741,816164.120,2026-10-07 13:41:46.967249+02,2026-10-07 13:41:46.967249+02
20260716,8742,27122.100,2026-10-07 13:41:46.967249+02,2026-10-07 13:41:46.967249+02
20260716,8743,29013.050,2026-10-07 13:41:46.967249+02,2026-10-07 13:41:46.967249+02
20260716,8744,671.970,2026-10-07 13:41:46.967249+02,2026-10-07 13:41:46.967249+02
20260716,8745,846.740,2026-10-07 13:41:46.967249+02,2026-10-07 13:41:46.967249+02
20260717,8741,798409.090,2026-10-07 13:41:46.967249+02,2026-10-07 13:41:46.967249+02
20260717,8742,27279.520,2026-10-07 13:41:46.967249+02,2026-10-07 13:41:46.967249+02
20260717,8743,29589.550,2026-10-07 13:41:46.967249+02,2026-10-07 13:41:46.967249+02
20260717,8744,697.940,2026-10-07 13:41:46.967249+02,2026-10-07 13:41:46.967249+02
20260717,8745,879.020,2026-10-07 13:41:46.967249+02,2026-10-07 13:41:46.967249+02
20260718,8741,704956.010,2026-10-07 13:41:46.967249+02,2026-10-07 13:41:46.967249+02
20260718,8742,25548.820,2026-10-07 13:41:46.967249+02,2026-10-07 13:41:46.967249+02
20260718,8743,28412.570,2026-10-07 13:41:46.967249+02,2026-10-07 13:41:46.967249+02
20260718,8744,635.890,2026-10-07 13:41:46.967249+02,2026-10-07 13:41:46.967249+02
20260718,8745,828.850,2026-10-07 13:41:46.967249+02,2026-10-07 13:41:46.967249+02
20260719,8741,662536.890,2026-10-07 13:41:46.967249+02,2026-10-07 13:41:46.967249+02
20260719,8742,23987.010,2026-10-07 13:41:46.967249+02,2026-10-07 13:41:46.967249+02
20260719,8743,27383.190,2026-10-07 13:41:46.967249+02,2026-10-07 13:41:46.967249+02
20260719,8744,604.440,2026-10-07 13:41:46.967249+02,2026-10-07 13:41:46.967249+02
20260719,8745,809.690,2026-10-07 13:41:46.967249+02,2026-10-07 13:41:46.967249+02
20260720,8741,788817.020,2026-10-07 13:41:46.967249+02,2026-10-07 13:41:46.967249+02
20260720,8742,26809.860,2026-10-07 13:41:46.967249+02,2026-10-07 13:41:46.967249+02
20260720,8743,30428.890,2026-10-07 13:41:46.967249+02,2026-10-07 13:41:46.967249+02
20260720,8744,691.840,2026-10-07 13:41:46.967249+02,2026-10-07 13:41:46.967249+02
20260720,8745,876.540,2026-10-07 13:41:46.967249+02,2026-10-07 13:41:46.967249+02
20260721,8741,813582.510,2026-10-07 13:41:46.967249+02,2026-10-07 13:41:46.967249+02
20260721,8742,26898.820,2026-10-07 13:41:46.967249+02,2026-10-07 13:41:46.967249+02
20260721,8743,30256.350,2026-10-07 13:41:46.967249+02,2026-10-07 13:41:46.967249+02
20260721,8744,682.470,2026-10-07 13:41:46.967249+02,2026-10-07 13:41:46.967249+02
20260721,8745,874.490,2026-10-07 13:41:46.967249+02,2026-10-07 13:41:46.967249+02
20260722,8741,812419.110,2026-10-07 13:41:46.967249+02,2026-10-07 13:41:46.967249+02
20260722,8742,26806.520,2026-10-07 13:41:46.967249+02,2026-10-07 13:41:46.967249+02
20260722,8743,29582.330,2026-10-07 13:41:46.967249+02,2026-10-07 13:41:46.967249+02
20260722,8744,672.750,2026-10-07 13:41:46.967249+02,2026-10-07 13:41:46.967249+02
20260722,8745,870.490,2026-10-07 13:41:46.967249+02,2026-10-07 13:41:46.967249+02
20260723,8741,818562.200,2026-10-07 13:41:46.967249+02,2026-10-07 13:41:46.967249+02
20260723,8742,27049.170,2026-10-07 13:41:46.967249+02,2026-10-07 13:41:46.967249+02
20260723,8743,29789.640,2026-10-07 13:41:46.967249+02,2026-10-07 13:41:46.967249+02
20260723,8744,705.480,2026-10-07 13:41:46.967249+02,2026-10-07 13:41:46.967249+02
20260723,8745,894.170,2026-10-07 13:41:46.967249+02,2026-10-07 13:41:46.967249+02
20260724,8741,795107.510,2026-10-07 13:41:46.967249+02,2026-10-07 13:41:46.967249+02
20260724,8742,26911.130,2026-10-07 13:41:46.967249+02,2026-10-07 13:41:46.967249+02
20260724,8743,30677.810,2026-10-07 13:41:46.967249+02,2026-10-07 13:41:46.967249+02
20260724,8744,673.160,2026-10-07 13:41:46.967249+02,2026-10-07 13:41:46.967249+02
20260724,8745,895.100,2026-10-07 13:41:46.967249+02,2026-10-07 13:41:46.967249+02
20260725,8741,673956.840,2026-10-07 13:41:46.967249+02,2026-10-07 13:41:46.967249+02
20260725,8742,25236.780,2026-10-07 13:41:46.967249+02,2026-10-07 13:41:46.967249+02
20260725,8743,29320.900,2026-10-07 13:41:46.967249+02,2026-10-07 13:41:46.967249+02
20260725,8744,627.450,2026-10-07 13:41:46.967249+02,2026-10-07 13:41:46.967249+02
20260725,8745,790.850,2026-10-07 13:41:46.967249+02,2026-10-07 13:41:46.967249+02
20260726,8741,606627.660,2026-10-07 13:41:46.967249+02,2026-10-07 13:41:46.967249+02
20260726,8742,23829.080,2026-10-07 13:41:46.967249+02,2026-10-07 13:41:46.967249+02
20260726,8743,24698.870,2026-10-07 13:41:46.967249+02,2026-10-07 13:41:46.967249+02
20260726,8744,590.240,2026-10-07 13:41:46.967249+02,2026-10-07 13:41:46.967249+02
20260726,8745,732.830,2026-10-07 13:41:46.967249+02,2026-10-07 13:41:46.967249+02
20260727,8741,727274.260,2026-10-07 13:41:46.967249+02,2026-10-07 13:41:46.967249+02
20260727,8742,26397.380,2026-10-07 13:41:46.967249+02,2026-10-07 13:41:46.967249+02
20260727,8743,25401.680,2026-10-07 13:41:46.967249+02,2026-10-07 13:41:46.967249+02
20260727,8744,646.290,2026-10-07 13:41:46.967249+02,2026-10-07 13:41:46.967249+02
20260727,8745,837.480,2026-10-07 13:41:46.967249+02,2026-10-07 13:41:46.967249+02
20260728,8741,770188.860,2026-10-07 13:41:46.967249+02,2026-10-07 13:41:46.967249+02
20260728,8742,26645.490,2026-10-07 13:41:46.967249+02,2026-10-07 13:41:46.967249+02
20260728,8743,25732.760,2026-10-07 13:41:46.967249+02,2026-10-07 13:41:46.967249+02
20260728,8744,658.600,2026-10-07 13:41:46.967249+02,2026-10-07 13:41:46.967249+02
20260728,8745,841.810,2026-10-07 13:41:46.967249+02,2026-10-07 13:41:46.967249+02
20260729,8741,793291.160,2026-10-07 13:41:46.967249+02,2026-10-07 13:41:46.967249+02
20260729,8742,26872.090,2026-10-07 13:41:46.967249+02,2026-10-07 13:41:46.967249+02
20260729,8743,26342.110,2026-10-07 13:41:46.967249+02,2026-10-07 13:41:46.967249+02
20260729,8744,698.140,2026-10-07 13:41:46.967249+02,2026-10-07 13:41:46.967249+02
20260729,8745,850.450,2026-10-07 13:41:46.967249+02,2026-10-07 13:41:46.967249+02
20260730,8741,796905.120,2026-10-07 13:41:46.967249+02,2026-10-07 13:41:46.967249+02
20260730,8742,27558.670,2026-10-07 13:41:46.967249+02,2026-10-07 13:41:46.967249+02
20260730,8743,26519.670,2026-10-07 13:41:46.967249+02,2026-10-07 13:41:46.967249+02
20260730,8744,707.730,2026-10-07 13:41:46.967249+02,2026-10-07 13:41:46.967249+02
20260730,8745,855.440,2026-10-07 13:41:46.967249+02,2026-10-07 13:41:46.967249+02
20260731,8741,776600.650,2026-10-07 13:41:46.967249+02,2026-10-07 13:41:46.967249+02
20260731,8742,27931.260,2026-10-07 13:41:46.967249+02,2026-10-07 13:41:46.967249+02
20260731,8743,27037.020,2026-10-07 13:41:46.967249+02,2026-10-07 13:41:46.967249+02
20260731,8744,665.650,2026-10-07 13:41:46.967249+02,2026-10-07 13:41:46.967249+02
20260731,8745,844.800,2026-10-07 13:41:46.967249+02,2026-10-07 13:41:46.967249+02
20260801,8741,701805.650,2026-10-07 13:41:46.967249+02,2026-10-07 13:41:46.967249+02
20260801,8742,26759.100,2026-10-07 13:41:46.967249+02,2026-10-07 13:41:46.967249+02
20260801,8743,26532.250,2026-10-07 13:41:46.967249+02,2026-10-07 13:41:46.967249+02
20260801,8744,646.410,2026-10-07 13:41:46.967249+02,2026-10-07 13:41:46.967249+02
20260801,8745,813.180,2026-10-07 13:41:46.967249+02,2026-10-07 13:41:46.967249+02
20260802,8741,654598.020,2026-10-07 13:41:46.967249+02,2026-10-07 13:41:46.967249+02
20260802,8742,26001.120,2026-10-07 13:41:46.967249+02,2026-10-07 13:41:46.967249+02
20260802,8743,26643.790,2026-10-07 13:41:46.967249+02,2026-10-07 13:41:46.967249+02
20260802,8744,620.990,2026-10-07 13:41:46.967249+02,2026-10-07 13:41:46.967249+02
20260802,8745,792.080,2026-10-07 13:41:46.967249+02,2026-10-07 13:41:46.967249+02
20260803,8741,742862.090,2026-10-07 13:41:46.967249+02,2026-10-07 13:41:46.967249+02
20260803,8742,28926.810,2026-10-07 13:41:46.967249+02,2026-10-07 13:41:46.967249+02
20260803,8743,28750.800,2026-10-07 13:41:46.967249+02,2026-10-07 13:41:46.967249+02
20260803,8744,684.210,2026-10-07 13:41:46.967249+02,2026-10-07 13:41:46.967249+02
20260803,8745,876.470,2026-10-07 13:41:46.967249+02,2026-10-07 13:41:46.967249+02
20260804,8741,728228.420,2026-10-07 13:41:46.967249+02,2026-10-07 13:41:46.967249+02
20260804,8742,29516.130,2026-10-07 13:41:46.967249+02,2026-10-07 13:41:46.967249+02
20260804,8743,28888.860,2026-10-07 13:41:46.967249+02,2026-10-07 13:41:46.967249+02
20260804,8744,668.330,2026-10-07 13:41:46.967249+02,2026-10-07 13:41:46.967249+02
20260804,8745,872.150,2026-10-07 13:41:46.967249+02,2026-10-07 13:41:46.967249+02
20260805,8741,750652.820,2026-10-07 13:41:46.967249+02,2026-10-07 13:41:46.967249+02
20260805,8742,29779.560,2026-10-07 13:41:46.967249+02,2026-10-07 13:41:46.967249+02
20260805,8743,29022.340,2026-10-07 13:41:46.967249+02,2026-10-07 13:41:46.967249+02
20260805,8744,634.670,2026-10-07 13:41:46.967249+02,2026-10-07 13:41:46.967249+02
20260805,8745,886.210,2026-10-07 13:41:46.967249+02,2026-10-07 13:41:46.967249+02
20260806,8741,757174.700,2026-10-07 13:41:46.967249+02,2026-10-07 13:41:46.967249+02
20260806,8742,29453.980,2026-10-07 13:41:46.967249+02,2026-10-07 13:41:46.967249+02
20260806,8743,29264.830,2026-10-07 13:41:46.967249+02,2026-10-07 13:41:46.967249+02
20260806,8744,707.750,2026-10-07 13:41:46.967249+02,2026-10-07 13:41:46.967249+02
20260806,8745,880.900,2026-10-07 13:41:46.967249+02,2026-10-07 13:41:46.967249+02
20260807,8741,749403.250,2026-10-07 13:41:46.967249+02,2026-10-07 13:41:46.967249+02
20260807,8742,28943.130,2026-10-07 13:41:46.967249+02,2026-10-07 13:41:46.967249+02
20260807,8743,29385.910,2026-10-07 13:41:46.967249+02,2026-10-07 13:41:46.967249+02
20260807,8744,698.510,2026-10-07 13:41:46.967249+02,2026-10-07 13:41:46.967249+02
20260807,8745,866.960,2026-10-07 13:41:46.967249+02,2026-10-07 13:41:46.967249+02
20260808,8741,697038.100,2026-10-07 13:41:46.967249+02,2026-10-07 13:41:46.967249+02
20260808,8742,27292.290,2026-10-07 13:41:46.967249+02,2026-10-07 13:41:46.967249+02
20260808,8743,28306.030,2026-10-07 13:41:46.967249+02,2026-10-07 13:41:46.967249+02
20260808,8744,677.570,2026-10-07 13:41:46.967249+02,2026-10-07 13:41:46.967249+02
20260808,8745,835.400,2026-10-07 13:41:46.967249+02,2026-10-07 13:41:46.967249+02
20260809,8741,655669.070,2026-10-07 13:41:46.967249+02,2026-10-07 13:41:46.967249+02
20260809,8742,25277.160,2026-10-07 13:41:46.967249+02,2026-10-07 13:41:46.967249+02
20260809,8743,27861.030,2026-10-07 13:41:46.967249+02,2026-10-07 13:41:46.967249+02
20260809,8744,653.640,2026-10-07 13:41:46.967249+02,2026-10-07 13:41:46.967249+02
20260809,8745,804.260,2026-10-07 13:41:46.967249+02,2026-10-07 13:41:46.967249+02
20260810,8741,728025.320,2026-10-07 13:41:46.967249+02,2026-10-07 13:41:46.967249+02
20260810,8742,27448.890,2026-10-07 13:41:46.967249+02,2026-10-07 13:41:46.967249+02
20260810,8743,29770.780,2026-10-07 13:41:46.967249+02,2026-10-07 13:41:46.967249+02
20260810,8744,671.480,2026-10-07 13:41:46.967249+02,2026-10-07 13:41:46.967249+02
20260810,8745,884.190,2026-10-07 13:41:46.967249+02,2026-10-07 13:41:46.967249+02
20260811,8741,730202.040,2026-10-07 13:41:46.967249+02,2026-10-07 13:41:46.967249+02
20260811,8742,27380.660,2026-10-07 13:41:46.967249+02,2026-10-07 13:41:46.967249+02
20260811,8743,30141.580,2026-10-07 13:41:46.967249+02,2026-10-07 13:41:46.967249+02
20260811,8744,659.350,2026-10-07 13:41:46.967249+02,2026-10-07 13:41:46.967249+02
20260811,8745,887.880,2026-10-07 13:41:46.967249+02,2026-10-07 13:41:46.967249+02
20260812,8741,745946.960,2026-10-07 13:41:46.967249+02,2026-10-07 13:41:46.967249+02
20260812,8742,27218.970,2026-10-07 13:41:46.967249+02,2026-10-07 13:41:46.967249+02
20260812,8743,29396.240,2026-10-07 13:41:46.967249+02,2026-10-07 13:41:46.967249+02
20260812,8744,698.030,2026-10-07 13:41:46.967249+02,2026-10-07 13:41:46.967249+02
20260812,8745,946.860,2026-10-07 13:41:46.967249+02,2026-10-07 13:41:46.967249+02
20260813,8741,765722.070,2026-10-07 13:41:46.967249+02,2026-10-07 13:41:46.967249+02
20260813,8742,27607.930,2026-10-07 13:41:46.967249+02,2026-10-07 13:41:46.967249+02
20260813,8743,29390.260,2026-10-07 13:41:46.967249+02,2026-10-07 13:41:46.967249+02
20260813,8744,692.860,2026-10-07 13:41:46.967249+02,2026-10-07 13:41:46.967249+02
20260813,8745,956.460,2026-10-07 13:41:46.967249+02,2026-10-07 13:41:46.967249+02
20260814,8741,756135.770,2026-10-07 13:41:46.967249+02,2026-10-07 13:41:46.967249+02
20260814,8742,27648.240,2026-10-07 13:41:46.967249+02,2026-10-07 13:41:46.967249+02
20260814,8743,28934.260,2026-10-07 13:41:46.967249+02,2026-10-07 13:41:46.967249+02
20260814,8744,682.780,2026-10-07 13:41:46.967249+02,2026-10-07 13:41:46.967249+02
20260814,8745,942.940,2026-10-07 13:41:46.967249+02,2026-10-07 13:41:46.967249+02
20260815,8741,660326.080,2026-10-07 13:41:46.967249+02,2026-10-07 13:41:46.967249+02
20260815,8742,25697.450,2026-10-07 13:41:46.967249+02,2026-10-07 13:41:46.967249+02
20260815,8743,27588.200,2026-10-07 13:41:46.967249+02,2026-10-07 13:41:46.967249+02
20260815,8744,648.310,2026-10-07 13:41:46.967249+02,2026-10-07 13:41:46.967249+02
20260815,8745,878.590,2026-10-07 13:41:46.967249+02,2026-10-07 13:41:46.967249+02
20260816,8741,618543.770,2026-10-07 13:41:46.967249+02,2026-10-07 13:41:46.967249+02
20260816,8742,24739.860,2026-10-07 13:41:46.967249+02,2026-10-07 13:41:46.967249+02
20260816,8743,26820.570,2026-10-07 13:41:46.967249+02,2026-10-07 13:41:46.967249+02
20260816,8744,644.250,2026-10-07 13:41:46.967249+02,2026-10-07 13:41:46.967249+02
20260816,8745,848.280,2026-10-07 13:41:46.967249+02,2026-10-07 13:41:46.967249+02
20260817,8741,726061.880,2026-10-07 13:41:46.967249+02,2026-10-07 13:41:46.967249+02
20260817,8742,27042.920,2026-10-07 13:41:46.967249+02,2026-10-07 13:41:46.967249+02
20260817,8743,28574.340,2026-10-07 13:41:46.967249+02,2026-10-07 13:41:46.967249+02
20260817,8744,681.470,2026-10-07 13:41:46.967249+02,2026-10-07 13:41:46.967249+02
20260817,8745,949.850,2026-10-07 13:41:46.967249+02,2026-10-07 13:41:46.967249+02
20260818,8741,748436.260,2026-10-07 13:41:46.967249+02,2026-10-07 13:41:46.967249+02
20260818,8742,27124.790,2026-10-07 13:41:46.967249+02,2026-10-07 13:41:46.967249+02
20260818,8743,28771.530,2026-10-07 13:41:46.967249+02,2026-10-07 13:41:46.967249+02
20260818,8744,686.430,2026-10-07 13:41:46.967249+02,2026-10-07 13:41:46.967249+02
20260818,8745,940.120,2026-10-07 13:41:46.967249+02,2026-10-07 13:41:46.967249+02
20260819,8741,755080.980,2026-10-07 13:41:46.967249+02,2026-10-07 13:41:46.967249+02
20260819,8742,27566.580,2026-10-07 13:41:46.967249+02,2026-10-07 13:41:46.967249+02
20260819,8743,29391.820,2026-10-07 13:41:46.967249+02,2026-10-07 13:41:46.967249+02
20260819,8744,671.620,2026-10-07 13:41:46.967249+02,2026-10-07 13:41:46.967249+02
20260819,8745,918.240,2026-10-07 13:41:46.967249+02,2026-10-07 13:41:46.967249+02
20260820,8741,731943.950,2026-10-07 13:41:46.967249+02,2026-10-07 13:41:46.967249+02
20260820,8742,27687.510,2026-10-07 13:41:46.967249+02,2026-10-07 13:41:46.967249+02
20260820,8743,29893.060,2026-10-07 13:41:46.967249+02,2026-10-07 13:41:46.967249+02
20260820,8744,675.650,2026-10-07 13:41:46.967249+02,2026-10-07 13:41:46.967249+02
20260820,8745,844.780,2026-10-07 13:41:46.967249+02,2026-10-07 13:41:46.967249+02
20260821,8741,678958.760,2026-10-07 13:41:46.967249+02,2026-10-07 13:41:46.967249+02
20260821,8742,27649.920,2026-10-07 13:41:46.967249+02,2026-10-07 13:41:46.967249+02
20260821,8743,27089.680,2026-10-07 13:41:46.967249+02,2026-10-07 13:41:46.967249+02
20260821,8744,640.860,2026-10-07 13:41:46.967249+02,2026-10-07 13:41:46.967249+02
20260821,8745,813.230,2026-10-07 13:41:46.967249+02,2026-10-07 13:41:46.967249+02
20260822,8741,615969.420,2026-10-07 13:41:46.967249+02,2026-10-07 13:41:46.967249+02
20260822,8742,25979.400,2026-10-07 13:41:46.967249+02,2026-10-07 13:41:46.967249+02
20260822,8743,25552.810,2026-10-07 13:41:46.967249+02,2026-10-07 13:41:46.967249+02
20260822,8744,610.860,2026-10-07 13:41:46.967249+02,2026-10-07 13:41:46.967249+02
20260822,8745,757.620,2026-10-07 13:41:46.967249+02,2026-10-07 13:41:46.967249+02
20260823,8741,590426.940,2026-10-07 13:41:46.967249+02,2026-10-07 13:41:46.967249+02
20260823,8742,24323.460,2026-10-07 13:41:46.967249+02,2026-10-07 13:41:46.967249+02
20260823,8743,24332.810,2026-10-07 13:41:46.967249+02,2026-10-07 13:41:46.967249+02
20260823,8744,577.140,2026-10-07 13:41:46.967249+02,2026-10-07 13:41:46.967249+02
20260823,8745,719.640,2026-10-07 13:41:46.967249+02,2026-10-07 13:41:46.967249+02
20260824,8741,689677.270,2026-10-07 13:41:46.967249+02,2026-10-07 13:41:46.967249+02
20260824,8742,27136.050,2026-10-07 13:41:46.967249+02,2026-10-07 13:41:46.967249+02
20260824,8743,27156.420,2026-10-07 13:41:46.967249+02,2026-10-07 13:41:46.967249+02
20260824,8744,623.120,2026-10-07 13:41:46.967249+02,2026-10-07 13:41:46.967249+02
20260824,8745,796.540,2026-10-07 13:41:46.967249+02,2026-10-07 13:41:46.967249+02
20260825,8741,686580.770,2026-10-07 13:41:46.967249+02,2026-10-07 13:41:46.967249+02
20260825,8742,27226.710,2026-10-07 13:41:46.967249+02,2026-10-07 13:41:46.967249+02
20260825,8743,26046.860,2026-10-07 13:41:46.967249+02,2026-10-07 13:41:46.967249+02
20260825,8744,626.900,2026-10-07 13:41:46.967249+02,2026-10-07 13:41:46.967249+02
20260825,8745,781.580,2026-10-07 13:41:46.967249+02,2026-10-07 13:41:46.967249+02
20260826,8741,705409.150,2026-10-07 13:41:46.967249+02,2026-10-07 13:41:46.967249+02
20260826,8742,26980.310,2026-10-07 13:41:46.967249+02,2026-10-07 13:41:46.967249+02
20260826,8743,26719.760,2026-10-07 13:41:46.967249+02,2026-10-07 13:41:46.967249+02
20260826,8744,629.460,2026-10-07 13:41:46.967249+02,2026-10-07 13:41:46.967249+02
20260826,8745,779.000,2026-10-07 13:41:46.967249+02,2026-10-07 13:41:46.967249+02
20260827,8741,702298.550,2026-10-07 13:41:46.967249+02,2026-10-07 13:41:46.967249+02
20260827,8742,27330.220,2026-10-07 13:41:46.967249+02,2026-10-07 13:41:46.967249+02
20260827,8743,27588.260,2026-10-07 13:41:46.967249+02,2026-10-07 13:41:46.967249+02
20260827,8744,638.920,2026-10-07 13:41:46.967249+02,2026-10-07 13:41:46.967249+02
20260827,8745,757.600,2026-10-07 13:41:46.967249+02,2026-10-07 13:41:46.967249+02
20260828,8741,660018.810,2026-10-07 13:41:46.967249+02,2026-10-07 13:41:46.967249+02
20260828,8742,26581.460,2026-10-07 13:41:46.967249+02,2026-10-07 13:41:46.967249+02
20260828,8743,25824.370,2026-10-07 13:41:46.967249+02,2026-10-07 13:41:46.967249+02
20260828,8744,599.800,2026-10-07 13:41:46.967249+02,2026-10-07 13:41:46.967249+02
20260828,8745,709.760,2026-10-07 13:41:46.967249+02,2026-10-07 13:41:46.967249+02
20260829,8741,582176.070,2026-10-07 13:41:46.967249+02,2026-10-07 13:41:46.967249+02
20260829,8742,25042.720,2026-10-07 13:41:46.967249+02,2026-10-07 13:41:46.967249+02
20260829,8743,23293.560,2026-10-07 13:41:46.967249+02,2026-10-07 13:41:46.967249+02
20260829,8744,586.930,2026-10-07 13:41:46.967249+02,2026-10-07 13:41:46.967249+02
20260829,8745,686.440,2026-10-07 13:41:46.967249+02,2026-10-07 13:41:46.967249+02
20260830,8741,558431.010,2026-10-07 13:41:46.967249+02,2026-10-07 13:41:46.967249+02
20260830,8742,23920.170,2026-10-07 13:41:46.967249+02,2026-10-07 13:41:46.967249+02
20260830,8743,22273.520,2026-10-07 13:41:46.967249+02,2026-10-07 13:41:46.967249+02
20260830,8744,575.140,2026-10-07 13:41:46.967249+02,2026-10-07 13:41:46.967249+02
20260830,8745,684.020,2026-10-07 13:41:46.967249+02,2026-10-07 13:41:46.967249+02
20260831,8741,678762.970,2026-10-07 13:41:46.967249+02,2026-10-07 13:41:46.967249+02
20260831,8742,26365.850,2026-10-07 13:41:46.967249+02,2026-10-07 13:41:46.967249+02
20260831,8743,24602.960,2026-10-07 13:41:46.967249+02,2026-10-07 13:41:46.967249+02
20260831,8744,647.860,2026-10-07 13:41:46.967249+02,2026-10-07 13:41:46.967249+02
20260831,8745,784.300,2026-10-07 13:41:46.967249+02,2026-10-07 13:41:46.967249+02
20260901,8741,725438.290,2026-10-07 13:41:46.967249+02,2026-10-07 13:41:46.967249+02
20260901,8742,26919.230,2026-10-07 13:41:46.967249+02,2026-10-07 13:41:46.967249+02
20260901,8743,25065.820,2026-10-07 13:41:46.967249+02,2026-10-07 13:41:46.967249+02
20260901,8744,664.600,2026-10-07 13:41:46.967249+02,2026-10-07 13:41:46.967249+02
20260901,8745,829.360,2026-10-07 13:41:46.967249+02,2026-10-07 13:41:46.967249+02
20260902,8741,744108.790,2026-10-07 13:41:46.967249+02,2026-10-07 13:41:46.967249+02
20260902,8742,26943.610,2026-10-07 13:41:46.967249+02,2026-10-07 13:41:46.967249+02
20260902,8743,25142.460,2026-10-07 13:41:46.967249+02,2026-10-07 13:41:46.967249+02
20260902,8744,622.940,2026-10-07 13:41:46.967249+02,2026-10-07 13:41:46.967249+02
20260902,8745,860.160,2026-10-07 13:41:46.967249+02,2026-10-07 13:41:46.967249+02
20260903,8741,769962.220,2026-10-07 13:41:46.967249+02,2026-10-07 13:41:46.967249+02
20260903,8742,27316.260,2026-10-07 13:41:46.967249+02,2026-10-07 13:41:46.967249+02
20260903,8743,25356.370,2026-10-07 13:41:46.967249+02,2026-10-07 13:41:46.967249+02
20260903,8744,683.690,2026-10-07 13:41:46.967249+02,2026-10-07 13:41:46.967249+02
20260903,8745,890.350,2026-10-07 13:41:46.967249+02,2026-10-07 13:41:46.967249+02
20260904,8741,781215.880,2026-10-07 13:41:46.967249+02,2026-10-07 13:41:46.967249+02
20260904,8742,27658.860,2026-10-07 13:41:46.967249+02,2026-10-07 13:41:46.967249+02
20260904,8743,25324.980,2026-10-07 13:41:46.967249+02,2026-10-07 13:41:46.967249+02
20260904,8744,669.590,2026-10-07 13:41:46.967249+02,2026-10-07 13:41:46.967249+02
20260904,8745,882.810,2026-10-07 13:41:46.967249+02,2026-10-07 13:41:46.967249+02
20260905,8741,703391.400,2026-10-07 13:41:46.967249+02,2026-10-07 13:41:46.967249+02
20260905,8742,26288.430,2026-10-07 13:41:46.967249+02,2026-10-07 13:41:46.967249+02
20260905,8743,24517.180,2026-10-07 13:41:46.967249+02,2026-10-07 13:41:46.967249+02
20260905,8744,622.500,2026-10-07 13:41:46.967249+02,2026-10-07 13:41:46.967249+02
20260905,8745,838.030,2026-10-07 13:41:46.967249+02,2026-10-07 13:41:46.967249+02
20260906,8741,653319.080,2026-10-07 13:41:46.967249+02,2026-10-07 13:41:46.967249+02
20260906,8742,24687.130,2026-10-07 13:41:46.967249+02,2026-10-07 13:41:46.967249+02
20260906,8743,24151.670,2026-10-07 13:41:46.967249+02,2026-10-07 13:41:46.967249+02
20260906,8744,622.890,2026-10-07 13:41:46.967249+02,2026-10-07 13:41:46.967249+02
20260906,8745,774.090,2026-10-07 13:41:46.967249+02,2026-10-07 13:41:46.967249+02
20260907,8741,766937.270,2026-10-07 13:41:46.967249+02,2026-10-07 13:41:46.967249+02
20260907,8742,27635.450,2026-10-07 13:41:46.967249+02,2026-10-07 13:41:46.967249+02
20260907,8743,26022.550,2026-10-07 13:41:46.967249+02,2026-10-07 13:41:46.967249+02
20260907,8744,690.900,2026-10-07 13:41:46.967249+02,2026-10-07 13:41:46.967249+02
20260907,8745,863.240,2026-10-07 13:41:46.967249+02,2026-10-07 13:41:46.967249+02
20260908,8741,776874.000,2026-10-07 13:41:46.967249+02,2026-10-07 13:41:46.967249+02
20260908,8742,27667.370,2026-10-07 13:41:46.967249+02,2026-10-07 13:41:46.967249+02
20260908,8743,26312.920,2026-10-07 13:41:46.967249+02,2026-10-07 13:41:46.967249+02
20260908,8744,688.760,2026-10-07 13:41:46.967249+02,2026-10-07 13:41:46.967249+02
20260908,8745,791.070,2026-10-07 13:41:46.967249+02,2026-10-07 13:41:46.967249+02
20260909,8741,747701.140,2026-10-07 13:41:46.967249+02,2026-10-07 13:41:46.967249+02
20260909,8742,29020.000,2026-10-07 13:41:46.967249+02,2026-10-07 13:41:46.967249+02
20260909,8743,24530.520,2026-10-07 13:41:46.967249+02,2026-10-07 13:41:46.967249+02
20260909,8744,673.050,2026-10-07 13:41:46.967249+02,2026-10-07 13:41:46.967249+02
20260909,8745,866.980,2026-10-07 13:41:46.967249+02,2026-10-07 13:41:46.967249+02
20260910,8741,695327.710,2026-10-07 13:41:46.967249+02,2026-10-07 13:41:46.967249+02
20260910,8742,28269.730,2026-10-07 13:41:46.967249+02,2026-10-07 13:41:46.967249+02
20260910,8743,20697.770,2026-10-07 13:41:46.967249+02,2026-10-07 13:41:46.967249+02
20260910,8744,662.730,2026-10-07 13:41:46.967249+02,2026-10-07 13:41:46.967249+02
20260910,8745,831.500,2026-10-07 13:41:46.967249+02,2026-10-07 13:41:46.967249+02
20260911,8741,668033.230,2026-10-07 13:41:46.967249+02,2026-10-07 13:41:46.967249+02
20260911,8742,27276.230,2026-10-07 13:41:46.967249+02,2026-10-07 13:41:46.967249+02
20260911,8743,20180.360,2026-10-07 13:41:46.967249+02,2026-10-07 13:41:46.967249+02
20260911,8744,646.300,2026-10-07 13:41:46.967249+02,2026-10-07 13:41:46.967249+02
20260911,8745,813.950,2026-10-07 13:41:46.967249+02,2026-10-07 13:41:46.967249+02
20260912,8741,609788.610,2026-10-07 13:41:46.967249+02,2026-10-07 13:41:46.967249+02
20260912,8742,25965.890,2026-10-07 13:41:46.967249+02,2026-10-07 13:41:46.967249+02
20260912,8743,19358.340,2026-10-07 13:41:46.967249+02,2026-10-07 13:41:46.967249+02
20260912,8744,624.320,2026-10-07 13:41:46.967249+02,2026-10-07 13:41:46.967249+02
20260912,8745,776.990,2026-10-07 13:41:46.967249+02,2026-10-07 13:41:46.967249+02
20260913,8741,580245.840,2026-10-07 13:41:46.967249+02,2026-10-07 13:41:46.967249+02
20260913,8742,25027.410,2026-10-07 13:41:46.967249+02,2026-10-07 13:41:46.967249+02
20260913,8743,18631.800,2026-10-07 13:41:46.967249+02,2026-10-07 13:41:46.967249+02
20260913,8744,613.220,2026-10-07 13:41:46.967249+02,2026-10-07 13:41:46.967249+02
20260913,8745,751.730,2026-10-07 13:41:46.967249+02,2026-10-07 13:41:46.967249+02
20260914,8741,700364.780,2026-10-07 13:41:46.967249+02,2026-10-07 13:41:46.967249+02
20260914,8742,28339.020,2026-10-07 13:41:46.967249+02,2026-10-07 13:41:46.967249+02
20260914,8743,20296.990,2026-10-07 13:41:46.967249+02,2026-10-07 13:41:46.967249+02
20260914,8744,655.270,2026-10-07 13:41:46.967249+02,2026-10-07 13:41:46.967249+02
20260914,8745,786.720,2026-10-07 13:41:46.967249+02,2026-10-07 13:41:46.967249+02
20260915,8741,721237.840,2026-10-07 13:41:46.967249+02,2026-10-07 13:41:46.967249+02
20260915,8742,29580.810,2026-10-07 13:41:46.967249+02,2026-10-07 13:41:46.967249+02
20260915,8743,20967.500,2026-10-07 13:41:46.967249+02,2026-10-07 13:41:46.967249+02
20260915,8744,619.800,2026-10-07 13:41:46.967249+02,2026-10-07 13:41:46.967249+02
20260915,8745,764.370,2026-10-07 13:41:46.967249+02,2026-10-07 13:41:46.967249+02
20260916,8741,717244.130,2026-10-07 13:41:46.967249+02,2026-10-07 13:41:46.967249+02
20260916,8742,29381.190,2026-10-07 13:41:46.967249+02,2026-10-07 13:41:46.967249+02
20260916,8743,21181.950,2026-10-07 13:41:46.967249+02,2026-10-07 13:41:46.967249+02
20260916,8744,605.640,2026-10-07 13:41:46.967249+02,2026-10-07 13:41:46.967249+02
20260916,8745,748.790,2026-10-07 13:41:46.967249+02,2026-10-07 13:41:46.967249+02
20260917,8741,685295.080,2026-10-07 13:41:46.967249+02,2026-10-07 13:41:46.967249+02
20260917,8742,28337.350,2026-10-07 13:41:46.967249+02,2026-10-07 13:41:46.967249+02
20260917,8743,19802.040,2026-10-07 13:41:46.967249+02,2026-10-07 13:41:46.967249+02
20260917,8744,597.640,2026-10-07 13:41:46.967249+02,2026-10-07 13:41:46.967249+02
20260917,8745,671.030,2026-10-07 13:41:46.967249+02,2026-10-07 13:41:46.967249+02
20260918,8741,675304.360,2026-10-07 13:41:46.967249+02,2026-10-07 13:41:46.967249+02
20260918,8742,27188.990,2026-10-07 13:41:46.967249+02,2026-10-07 13:41:46.967249+02
20260918,8743,19251.480,2026-10-07 13:41:46.967249+02,2026-10-07 13:41:46.967249+02
20260918,8744,623.060,2026-10-07 13:41:46.967249+02,2026-10-07 13:41:46.967249+02
20260918,8745,737.950,2026-10-07 13:41:46.967249+02,2026-10-07 13:41:46.967249+02
20260919,8741,594044.110,2026-10-07 13:41:46.967249+02,2026-10-07 13:41:46.967249+02
20260919,8742,25554.340,2026-10-07 13:41:46.967249+02,2026-10-07 13:41:46.967249+02
20260919,8743,18059.000,2026-10-07 13:41:46.967249+02,2026-10-07 13:41:46.967249+02
20260919,8744,597.300,2026-10-07 13:41:46.967249+02,2026-10-07 13:41:46.967249+02
20260919,8745,712.460,2026-10-07 13:41:46.967249+02,2026-10-07 13:41:46.967249+02
20260920,8741,559579.740,2026-10-07 13:41:46.967249+02,2026-10-07 13:41:46.967249+02
20260920,8742,24424.590,2026-10-07 13:41:46.967249+02,2026-10-07 13:41:46.967249+02
20260920,8743,17569.220,2026-10-07 13:41:46.967249+02,2026-10-07 13:41:46.967249+02
20260920,8744,572.650,2026-10-07 13:41:46.967249+02,2026-10-07 13:41:46.967249+02
20260920,8745,676.660,2026-10-07 13:41:46.967249+02,2026-10-07 13:41:46.967249+02
20260921,8741,669388.640,2026-10-07 13:41:46.967249+02,2026-10-07 13:41:46.967249+02
20260921,8742,27114.210,2026-10-07 13:41:46.967249+02,2026-10-07 13:41:46.967249+02
20260921,8743,19186.440,2026-10-07 13:41:46.967249+02,2026-10-07 13:41:46.967249+02
20260921,8744,631.460,2026-10-07 13:41:46.967249+02,2026-10-07 13:41:46.967249+02
20260921,8745,729.990,2026-10-07 13:41:46.967249+02,2026-10-07 13:41:46.967249+02
20260922,8741,679631.420,2026-10-07 13:41:46.967249+02,2026-10-07 13:41:46.967249+02
20260922,8742,27788.850,2026-10-07 13:41:46.967249+02,2026-10-07 13:41:46.967249+02
20260922,8743,18585.520,2026-10-07 13:41:46.967249+02,2026-10-07 13:41:46.967249+02
20260922,8744,653.070,2026-10-07 13:41:46.967249+02,2026-10-07 13:41:46.967249+02
20260922,8745,717.090,2026-10-07 13:41:46.967249+02,2026-10-07 13:41:46.967249+02
20260923,8741,688775.700,2026-10-07 13:41:46.967249+02,2026-10-07 13:41:46.967249+02
20260923,8742,28616.220,2026-10-07 13:41:46.967249+02,2026-10-07 13:41:46.967249+02
20260923,8743,19385.010,2026-10-07 13:41:46.967249+02,2026-10-07 13:41:46.967249+02
20260923,8744,643.740,2026-10-07 13:41:46.967249+02,2026-10-07 13:41:46.967249+02
20260923,8745,730.580,2026-10-07 13:41:46.967249+02,2026-10-07 13:41:46.967249+02
20260924,8741,690708.400,2026-10-07 13:41:46.967249+02,2026-10-07 13:41:46.967249+02
20260924,8742,29502.940,2026-10-07 13:41:46.967249+02,2026-10-07 13:41:46.967249+02
20260924,8743,19513.160,2026-10-07 13:41:46.967249+02,2026-10-07 13:41:46.967249+02
20260924,8744,655.440,2026-10-07 13:41:46.967249+02,2026-10-07 13:41:46.967249+02
20260924,8745,726.350,2026-10-07 13:41:46.967249+02,2026-10-07 13:41:46.967249+02
20260925,8741,694075.100,2026-10-07 13:41:46.967249+02,2026-10-07 13:41:46.967249+02
20260925,8742,29755.840,2026-10-07 13:41:46.967249+02,2026-10-07 13:41:46.967249+02
20260925,8743,19807.000,2026-10-07 13:41:46.967249+02,2026-10-07 13:41:46.967249+02
20260925,8744,644.610,2026-10-07 13:41:46.967249+02,2026-10-07 13:41:46.967249+02
20260925,8745,714.420,2026-10-07 13:41:46.967249+02,2026-10-07 13:41:46.967249+02
20260926,8741,606749.000,2026-10-07 13:41:46.967249+02,2026-10-07 13:41:46.967249+02
20260926,8742,27918.970,2026-10-07 13:41:46.967249+02,2026-10-07 13:41:46.967249+02
20260926,8743,19183.500,2026-10-07 13:41:46.967249+02,2026-10-07 13:41:46.967249+02
20260926,8744,613.570,2026-10-07 13:41:46.967249+02,2026-10-07 13:41:46.967249+02
20260926,8745,681.660,2026-10-07 13:41:46.967249+02,2026-10-07 13:41:46.967249+02
20260927,8741,564637.500,2026-10-07 13:41:46.967249+02,2026-10-07 13:41:46.967249+02
20260927,8742,26422.450,2026-10-07 13:41:46.967249+02,2026-10-07 13:41:46.967249+02
20260927,8743,18581.660,2026-10-07 13:41:46.967249+02,2026-10-07 13:41:46.967249+02
20260927,8744,584.970,2026-10-07 13:41:46.967249+02,2026-10-07 13:41:46.967249+02
20260927,8745,640.070,2026-10-07 13:41:46.967249+02,2026-10-07 13:41:46.967249+02
20260928,8741,672681.100,2026-10-07 13:41:46.967249+02,2026-10-07 13:41:46.967249+02
20260928,8742,28164.210,2026-10-07 13:41:46.967249+02,2026-10-07 13:41:46.967249+02
20260928,8743,20417.600,2026-10-07 13:41:46.967249+02,2026-10-07 13:41:46.967249+02
20260928,8744,644.020,2026-10-07 13:41:46.967249+02,2026-10-07 13:41:46.967249+02
20260928,8745,731.270,2026-10-07 13:41:46.967249+02,2026-10-07 13:41:46.967249+02
20260929,8741,676894.000,2026-10-07 13:41:46.967249+02,2026-10-07 13:41:46.967249+02
20260929,8742,28271.300,2026-10-07 13:41:46.967249+02,2026-10-07 13:41:46.967249+02
20260929,8743,21033.720,2026-10-07 13:41:46.967249+02,2026-10-07 13:41:46.967249+02
20260929,8744,644.800,2026-10-07 13:41:46.967249+02,2026-10-07 13:41:46.967249+02
20260929,8745,733.120,2026-10-07 13:41:46.967249+02,2026-10-07 13:41:46.967249+02
20260930,8741,688085.900,2026-10-07 13:41:46.967249+02,2026-10-07 13:41:46.967249+02
20260930,8742,28282.440,2026-10-07 13:41:46.967249+02,2026-10-07 13:41:46.967249+02
20260930,8743,21584.000,2026-10-07 13:41:46.967249+02,2026-10-07 13:41:46.967249+02
20260930,8744,639.650,2026-10-07 13:41:46.967249+02,2026-10-07 13:41:46.967249+02
20260930,8745,734.130,2026-10-07 13:41:46.967249+02,2026-10-07 13:41:46.967249+02
20261001,8741,670458.400,2026-10-07 13:41:46.967249+02,2026-10-07 13:41:46.967249+02
20261001,8742,28470.690,2026-10-07 13:41:46.967249+02,2026-10-07 13:41:46.967249+02
20261001,8743,21777.410,2026-10-07 13:41:46.967249+02,2026-10-07 13:41:46.967249+02
20261001,8744,655.620,2026-10-07 13:41:46.967249+02,2026-10-07 13:41:46.967249+02
20261001,8745,720.570,2026-10-07 13:41:46.967249+02,2026-10-07 13:41:46.967249+02
20261002,8741,670580.400,2026-10-07 13:41:46.967249+02,2026-10-07 13:41:46.967249+02
20261002,8742,27866.480,2026-10-07 13:41:46.967249+02,2026-10-07 13:41:46.967249+02
20261002,8743,20669.880,2026-10-07 13:41:46.967249+02,2026-10-07 13:41:46.967249+02
20261002,8744,652.030,2026-10-07 13:41:46.967249+02,2026-10-07 13:41:46.967249+02
20261002,8745,729.640,2026-10-07 13:41:46.967249+02,2026-10-07 13:41:46.967249+02
20261003,8741,583385.500,2026-10-07 13:41:46.967249+02,2026-10-07 13:41:46.967249+02
20261003,8742,25859.750,2026-10-07 13:41:46.967249+02,2026-10-07 13:41:46.967249+02
20261003,8743,19292.400,2026-10-07 13:41:46.967249+02,2026-10-07 13:41:46.967249+02
20261003,8744,605.930,2026-10-07 13:41:46.967249+02,2026-10-07 13:41:46.967249+02
20261003,8745,706.310,2026-10-07 13:41:46.967249+02,2026-10-07 13:41:46.967249+02
20261004,8741,544195.500,2026-10-07 13:41:46.967249+02,2026-10-07 13:41:46.967249+02
20261004,8742,24747.560,2026-10-07 13:41:46.967249+02,2026-10-07 13:41:46.967249+02
20261004,8743,18569.810,2026-10-07 13:41:46.967249+02,2026-10-07 13:41:46.967249+02
20261004,8744,589.250,2026-10-07 13:41:46.967249+02,2026-10-07 13:41:46.967249+02
20261004,8745,679.760,2026-10-07 13:41:46.967249+02,2026-10-07 13:41:46.967249+02
20261005,8741,649565.900,2026-10-07 13:41:46.967249+02,2026-10-07 13:41:46.967249+02
20261005,8742,27666.830,2026-10-07 13:41:46.967249+02,2026-10-07 13:41:46.967249+02
20261005,8743,20004.890,2026-10-07 13:41:46.967249+02,2026-10-07 13:41:46.967249+02
20261005,8744,657.150,2026-10-07 13:41:46.967249+02,2026-10-07 13:41:46.967249+02
20261005,8745,755.450,2026-10-07 13:41:46.967249+02,2026-10-07 13:41:46.967249+02
20261006,8741,665168.600,2026-10-07 13:41:46.967249+02,2026-10-07 13:41:46.967249+02
20261006,8742,28182.020,2026-10-07 13:41:46.967249+02,2026-10-07 13:41:46.967249+02
20261006,8743,19371.550,2026-10-07 13:41:46.967249+02,2026-10-07 13:41:46.967249+02
20261006,8744,648.910,2026-10-07 13:41:46.967249+02,2026-10-07 13:41:46.967249+02
20261006,8745,735.550,2026-10-07 13:41:46.967249+02,2026-10-07 13:41:46.967249+02
