fecha_id,sistema_id,mwh_total,cargado_en,actualizado_en
20230101,8741,517019.085,2026-10-07 13:41:46.967249+02,2026-10-07 13:41:46.967249+02
20230101,8742,21303.671,2026-10-07 13:41:46.967249+02,2026-10-07 13:41:46.967249+02
20230101,8743,8824.156,2026-10-07 13:41:46.967249+02,2026-10-07 13:41:46.967249+02
20230101,8744,479.291,2026-10-07 13:41:46.967249+02,2026-10-07 13:41:46.967249+02
20230101,8745,450.267,2026-10-07 13:41:46.967249+02,2026-10-07 13:41:46.967249+02
20230102,8741,616530.488,2026-10-07 13:41:46.967249+02,2026-10-07 13:41:46.967249+02
20230102,8742,24089.629,2026-10-07 13:41:46.967249+02,2026-10-07 13:41:46.967249+02
20230102,8743,10858.021,2026-10-07 13:41:46.967249+02,2026-10-07 13:41:46.967249+02
20230102,8744,498.515,2026-10-07 13:41:46.967249+02,2026-10-07 13:41:46.967249+02
20230102,8745,494.890,2026-10-07 13:41:46.967249+02,2026-10-07 13:41:46.967249+02
20230103,8741,660832.156,2026-10-07 13:41:46.967249+02,2026-10-07 13:41:46.967249+02
20230103,8742,24240.365,2026-10-07 13:41:46.967249+02,2026-10-07 13:41:46.967249+02
20230103,8743,11876.929,2026-10-07 13:41:46.967249+02,2026-10-07 13:41:46.967249+02
20230103,8744,519.854,2026-10-07 13:41:46.967249+02,2026-10-07 13:41:46.967249+02
20230103,8745,506.152,2026-10-07 13:41:46.967249+02,2026-10-07 13:41:46.967249+02
20230104,8741,618657.022,2026-10-07 13:41:46.967249+02,2026-10-07 13:41:46.967249+02
20230104,8742,24285.837,2026-10-07 13:41:46.967249+02,2026-10-07 13:41:46.967249+02
20230104,8743,10761.661,2026-10-07 13:41:46.967249+02,2026-10-07 13:41:46.967249+02
20230104,8744,481.818,2026-10-07 13:41:46.967249+02,2026-10-07 13:41:46.967249+02
20230104,8745,509.722,2026-10-07 13:41:46.967249+02,2026-10-07 13:41:46.967249+02
20230105,8741,627267.423,2026-10-07 13:41:46.967249+02,2026-10-07 13:41:46.967249+02
20230105,8742,23719.537,2026-10-07 13:41:46.967249+02,2026-10-07 13:41:46.967249+02
20230105,8743,9754.937,2026-10-07 13:41:46.967249+02,2026-10-07 13:41:46.967249+02
20230105,8744,486.998,2026-10-07 13:41:46.967249+02,2026-10-07 13:41:46.967249+02
20230105,8745,498.424,2026-10-07 13:41:46.967249+02,2026-10-07 13:41:46.967249+02
20230106,8741,590113.988,2026-10-07 13:41:46.967249+02,2026-10-07 13:41:46.967249+02
20230106,8742,21235.106,2026-10-07 13:41:46.967249+02,2026-10-07 13:41:46.967249+02
20230106,8743,9145.588,2026-10-07 13:41:46.967249+02,2026-10-07 13:41:46.967249+02
20230106,8744,491.385,2026-10-07 13:41:46.967249+02,2026-10-07 13:41:46.967249+02
20230106,8745,461.145,2026-10-07 13:41:46.967249+02,2026-10-07 13:41:46.967249+02
20230107,8741,650327.281,2026-10-07 13:41:46.967249+02,2026-10-07 13:41:46.967249+02
20230107,8742,22738.866,2026-10-07 13:41:46.967249+02,2026-10-07 13:41:46.967249+02
20230107,8743,9381.670,2026-10-07 13:41:46.967249+02,2026-10-07 13:41:46.967249+02
20230107,8744,498.903,2026-10-07 13:41:46.967249+02,2026-10-07 13:41:46.967249+02
20230107,8745,485.649,2026-10-07 13:41:46.967249+02,2026-10-07 13:41:46.967249+02
20230108,8741,684414.531,2026-10-07 13:41:46.967249+02,2026-10-07 13:41:46.967249+02
20230108,8742,21817.901,2026-10-07 13:41:46.967249+02,2026-10-07 13:41:46.967249+02
20230108,8743,8921.954,2026-10-07 13:41:46.967249+02,2026-10-07 13:41:46.967249+02
20230108,8744,464.101,2026-10-07 13:41:46.967249+02,2026-10-07 13:41:46.967249+02
20230108,8745,492.066,2026-10-07 13:41:46.967249+02,2026-10-07 13:41:46.967249+02
20230109,8741,734121.249,2026-10-07 13:41:46.967249+02,2026-10-07 13:41:46.967249+02
20230109,8742,23869.203,2026-10-07 13:41:46.967249+02,2026-10-07 13:41:46.967249+02
20230109,8743,8950.457,2026-10-07 13:41:46.967249+02,2026-10-07 13:41:46.967249+02
20230109,8744,513.085,2026-10-07 13:41:46.967249+02,2026-10-07 13:41:46.967249+02
20230109,8745,524.619,2026-10-07 13:41:46.967249+02,2026-10-07 13:41:46.967249+02
20230110,8741,729458.898,2026-10-07 13:41:46.967249+02,2026-10-07 13:41:46.967249+02
20230110,8742,24335.536,2026-10-07 13:41:46.967249+02,2026-10-07 13:41:46.967249+02
20230110,8743,9165.603,2026-10-07 13:41:46.967249+02,2026-10-07 13:41:46.967249+02
20230110,8744,521.401,2026-10-07 13:41:46.967249+02,2026-10-07 13:41:46.967249+02
20230110,8745,520.310,2026-10-07 13:41:46.967249+02,2026-10-07 13:41:46.967249+02
20230111,8741,711097.938,2026-10-07 13:41:46.967249+02,2026-10-07 13:41:46.967249+02
20230111,8742,24325.473,2026-10-07 13:41:46.967249+02,2026-10-07 13:41:46.967249+02
20230111,8743,9321.040,2026-10-07 13:41:46.967249+02,2026-10-07 13:41:46.967249+02
20230111,8744,511.272,2026-10-07 13:41:46.967249+02,2026-10-07 13:41:46.967249+02
20230111,8745,516.491,2026-10-07 13:41:46.967249+02,2026-10-07 13:41:46.967249+02
20230112,8741,702004.594,2026-10-07 13:41:46.967249+02,2026-10-07 13:41:46.967249+02
20230112,8742,24323.913,2026-10-07 13:41:46.967249+02,2026-10-07 13:41:46.967249+02
20230112,8743,9343.794,2026-10-07 13:41:46.967249+02,2026-10-07 13:41:46.967249+02
20230112,8744,529.220,2026-10-07 13:41:46.967249+02,2026-10-07 13:41:46.967249+02
20230112,8745,521.074,2026-10-07 13:41:46.967249+02,2026-10-07 13:41:46.967249+02
20230113,8741,701926.309,2026-10-07 13:41:46.967249+02,2026-10-07 13:41:46.967249+02
20230113,8742,24152.972,2026-10-07 13:41:46.967249+02,2026-10-07 13:41:46.967249+02
20230113,8743,9213.615,2026-10-07 13:41:46.967249+02,2026-10-07 13:41:46.967249+02
20230113,8744,536.604,2026-10-07 13:41:46.967249+02,2026-10-07 13:41:46.967249+02
20230113,8745,515.603,2026-10-07 13:41:46.967249+02,2026-10-07 13:41:46.967249+02
20230114,8741,658879.066,2026-10-07 13:41:46.967249+02,2026-10-07 13:41:46.967249+02
20230114,8742,22938.582,2026-10-07 13:41:46.967249+02,2026-10-07 13:41:46.967249+02
20230114,8743,8873.439,2026-10-07 13:41:46.967249+02,2026-10-07 13:41:46.967249+02
20230114,8744,509.510,2026-10-07 13:41:46.967249+02,2026-10-07 13:41:46.967249+02
20230114,8745,494.039,2026-10-07 13:41:46.967249+02,2026-10-07 13:41:46.967249+02
20230115,8741,668498.515,2026-10-07 13:41:46.967249+02,2026-10-07 13:41:46.967249+02
20230115,8742,21729.681,2026-10-07 13:41:46.967249+02,2026-10-07 13:41:46.967249+02
20230115,8743,8825.830,2026-10-07 13:41:46.967249+02,2026-10-07 13:41:46.967249+02
20230115,8744,487.000,2026-10-07 13:41:46.967249+02,2026-10-07 13:41:46.967249+02
20230115,8745,479.969,2026-10-07 13:41:46.967249+02,2026-10-07 13:41:46.967249+02
20230116,8741,766434.900,2026-10-07 13:41:46.967249+02,2026-10-07 13:41:46.967249+02
20230116,8742,23845.320,2026-10-07 13:41:46.967249+02,2026-10-07 13:41:46.967249+02
20230116,8743,9540.446,2026-10-07 13:41:46.967249+02,2026-10-07 13:41:46.967249+02
20230116,8744,526.596,2026-10-07 13:41:46.967249+02,2026-10-07 13:41:46.967249+02
20230116,8745,526.318,2026-10-07 13:41:46.967249+02,2026-10-07 13:41:46.967249+02
20230117,8741,750002.042,2026-10-07 13:41:46.967249+02,2026-10-07 13:41:46.967249+02
20230117,8742,24131.719,2026-10-07 13:41:46.967249+02,2026-10-07 13:41:46.967249+02
20230117,8743,9250.320,2026-10-07 13:41:46.967249+02,2026-10-07 13:41:46.967249+02
20230117,8744,550.588,2026-10-07 13:41:46.967249+02,2026-10-07 13:41:46.967249+02
20230117,8745,470.086,2026-10-07 13:41:46.967249+02,2026-10-07 13:41:46.967249+02
20230118,8741,766422.571,2026-10-07 13:41:46.967249+02,2026-10-07 13:41:46.967249+02
20230118,8742,24079.213,2026-10-07 13:41:46.967249+02,2026-10-07 13:41:46.967249+02
20230118,8743,10102.217,2026-10-07 13:41:46.967249+02,2026-10-07 13:41:46.967249+02
20230118,8744,556.473,2026-10-07 13:41:46.967249+02,2026-10-07 13:41:46.967249+02
20230118,8745,458.491,2026-10-07 13:41:46.967249+02,2026-10-07 13:41:46.967249+02
20230119,8741,801267.915,2026-10-07 13:41:46.967249+02,2026-10-07 13:41:46.967249+02
20230119,8742,24212.847,2026-10-07 13:41:46.967249+02,2026-10-07 13:41:46.967249+02
20230119,8743,10394.211,2026-10-07 13:41:46.967249+02,2026-10-07 13:41:46.967249+02
20230119,8744,558.096,2026-10-07 13:41:46.967249+02,2026-10-07 13:41:46.967249+02
20230119,8745,492.167,2026-10-07 13:41:46.967249+02,2026-10-07 13:41:46.967249+02
20230120,8741,771897.660,2026-10-07 13:41:46.967249+02,2026-10-07 13:41:46.967249+02
20230120,8742,24033.235,2026-10-07 13:41:46.967249+02,2026-10-07 13:41:46.967249+02
20230120,8743,10239.909,2026-10-07 13:41:46.967249+02,2026-10-07 13:41:46.967249+02
20230120,8744,530.278,2026-10-07 13:41:46.967249+02,2026-10-07 13:41:46.967249+02
20230120,8745,535.816,2026-10-07 13:41:46.967249+02,2026-10-07 13:41:46.967249+02
20230121,8741,711682.724,2026-10-07 13:41:46.967249+02,2026-10-07 13:41:46.967249+02
20230121,8742,22944.509,2026-10-07 13:41:46.967249+02,2026-10-07 13:41:46.967249+02
20230121,8743,10247.197,2026-10-07 13:41:46.967249+02,2026-10-07 13:41:46.967249+02
20230121,8744,542.863,2026-10-07 13:41:46.967249+02,2026-10-07 13:41:46.967249+02
20230121,8745,501.544,2026-10-07 13:41:46.967249+02,2026-10-07 13:41:46.967249+02
20230122,8741,739261.711,2026-10-07 13:41:46.967249+02,2026-10-07 13:41:46.967249+02
20230122,8742,21946.528,2026-10-07 13:41:46.967249+02,2026-10-07 13:41:46.967249+02
20230122,8743,10392.052,2026-10-07 13:41:46.967249+02,2026-10-07 13:41:46.967249+02
20230122,8744,533.758,2026-10-07 13:41:46.967249+02,2026-10-07 13:41:46.967249+02
20230122,8745,500.143,2026-10-07 13:41:46.967249+02,2026-10-07 13:41:46.967249+02
20230123,8741,817225.069,2026-10-07 13:41:46.967249+02,2026-10-07 13:41:46.967249+02
20230123,8742,23889.762,2026-10-07 13:41:46.967249+02,2026-10-07 13:41:46.967249+02
20230123,8743,12068.364,2026-10-07 13:41:46.967249+02,2026-10-07 13:41:46.967249+02
20230123,8744,535.480,2026-10-07 13:41:46.967249+02,2026-10-07 13:41:46.967249+02
20230123,8745,571.031,2026-10-07 13:41:46.967249+02,2026-10-07 13:41:46.967249+02
20230124,8741,798647.175,2026-10-07 13:41:46.967249+02,2026-10-07 13:41:46.967249+02
20230124,8742,23910.679,2026-10-07 13:41:46.967249+02,2026-10-07 13:41:46.967249+02
20230124,8743,12204.749,2026-10-07 13:41:46.967249+02,2026-10-07 13:41:46.967249+02
20230124,8744,589.692,2026-10-07 13:41:46.967249+02,2026-10-07 13:41:46.967249+02
20230124,8745,596.036,2026-10-07 13:41:46.967249+02,2026-10-07 13:41:46.967249+02
20230125,8741,797013.411,2026-10-07 13:41:46.967249+02,2026-10-07 13:41:46.967249+02
20230125,8742,23975.582,2026-10-07 13:41:46.967249+02,2026-10-07 13:41:46.967249+02
20230125,8743,12340.486,2026-10-07 13:41:46.967249+02,2026-10-07 13:41:46.967249+02
20230125,8744,616.622,2026-10-07 13:41:46.967249+02,2026-10-07 13:41:46.967249+02
20230125,8745,622.291,2026-10-07 13:41:46.967249+02,2026-10-07 13:41:46.967249+02
20230126,8741,838249.054,2026-10-07 13:41:46.967249+02,2026-10-07 13:41:46.967249+02
20230126,8742,23888.514,2026-10-07 13:41:46.967249+02,2026-10-07 13:41:46.967249+02
20230126,8743,11818.027,2026-10-07 13:41:46.967249+02,2026-10-07 13:41:46.967249+02
20230126,8744,628.659,2026-10-07 13:41:46.967249+02,2026-10-07 13:41:46.967249+02
20230126,8745,612.778,2026-10-07 13:41:46.967249+02,2026-10-07 13:41:46.967249+02
20230127,8741,853436.282,2026-10-07 13:41:46.967249+02,2026-10-07 13:41:46.967249+02
20230127,8742,23955.881,2026-10-07 13:41:46.967249+02,2026-10-07 13:41:46.967249+02
20230127,8743,12957.366,2026-10-07 13:41:46.967249+02,2026-10-07 13:41:46.967249+02
20230127,8744,566.989,2026-10-07 13:41:46.967249+02,2026-10-07 13:41:46.967249+02
20230127,8745,592.816,2026-10-07 13:41:46.967249+02,2026-10-07 13:41:46.967249+02
20230128,8741,773886.696,2026-10-07 13:41:46.967249+02,2026-10-07 13:41:46.967249+02
20230128,8742,23246.638,2026-10-07 13:41:46.967249+02,2026-10-07 13:41:46.967249+02
20230128,8743,14146.083,2026-10-07 13:41:46.967249+02,2026-10-07 13:41:46.967249+02
20230128,8744,559.635,2026-10-07 13:41:46.967249+02,2026-10-07 13:41:46.967249+02
20230128,8745,558.728,2026-10-07 13:41:46.967249+02,2026-10-07 13:41:46.967249+02
20230129,8741,719697.152,2026-10-07 13:41:46.967249+02,2026-10-07 13:41:46.967249+02
20230129,8742,22288.440,2026-10-07 13:41:46.967249+02,2026-10-07 13:41:46.967249+02
20230129,8743,13285.957,2026-10-07 13:41:46.967249+02,2026-10-07 13:41:46.967249+02
20230129,8744,570.916,2026-10-07 13:41:46.967249+02,2026-10-07 13:41:46.967249+02
20230129,8745,566.934,2026-10-07 13:41:46.967249+02,2026-10-07 13:41:46.967249+02
20230130,8741,775777.266,2026-10-07 13:41:46.967249+02,2026-10-07 13:41:46.967249+02
20230130,8742,24260.733,2026-10-07 13:41:46.967249+02,2026-10-07 13:41:46.967249+02
20230130,8743,14091.709,2026-10-07 13:41:46.967249+02,2026-10-07 13:41:46.967249+02
20230130,8744,628.531,2026-10-07 13:41:46.967249+02,2026-10-07 13:41:46.967249+02
20230130,8745,602.775,2026-10-07 13:41:46.967249+02,2026-10-07 13:41:46.967249+02
20230131,8741,819611.235,2026-10-07 13:41:46.967249+02,2026-10-07 13:41:46.967249+02
20230131,8742,24219.467,2026-10-07 13:41:46.967249+02,2026-10-07 13:41:46.967249+02
20230131,8743,13807.829,2026-10-07 13:41:46.967249+02,2026-10-07 13:41:46.967249+02
20230131,8744,618.099,2026-10-07 13:41:46.967249+02,2026-10-07 13:41:46.967249+02
20230131,8745,579.902,2026-10-07 13:41:46.967249+02,2026-10-07 13:41:46.967249+02
20230201,8741,798718.447,2026-10-07 13:41:46.967249+02,2026-10-07 13:41:46.967249+02
20230201,8742,24195.313,2026-10-07 13:41:46.967249+02,2026-10-07 13:41:46.967249+02
20230201,8743,13282.802,2026-10-07 13:41:46.967249+02,2026-10-07 13:41:46.967249+02
20230201,8744,598.929,2026-10-07 13:41:46.967249+02,2026-10-07 13:41:46.967249+02
20230201,8745,590.336,2026-10-07 13:41:46.967249+02,2026-10-07 13:41:46.967249+02
20230202,8741,760456.946,2026-10-07 13:41:46.967249+02,2026-10-07 13:41:46.967249+02
20230202,8742,23313.592,2026-10-07 13:41:46.967249+02,2026-10-07 13:41:46.967249+02
20230202,8743,11083.030,2026-10-07 13:41:46.967249+02,2026-10-07 13:41:46.967249+02
20230202,8744,583.731,2026-10-07 13:41:46.967249+02,2026-10-07 13:41:46.967249+02
20230202,8745,600.064,2026-10-07 13:41:46.967249+02,2026-10-07 13:41:46.967249+02
20230203,8741,737665.182,2026-10-07 13:41:46.967249+02,2026-10-07 13:41:46.967249+02
20230203,8742,23983.134,2026-10-07 13:41:46.967249+02,2026-10-07 13:41:46.967249+02
20230203,8743,11942.641,2026-10-07 13:41:46.967249+02,2026-10-07 13:41:46.967249+02
20230203,8744,556.023,2026-10-07 13:41:46.967249+02,2026-10-07 13:41:46.967249+02
20230203,8745,573.721,2026-10-07 13:41:46.967249+02,2026-10-07 13:41:46.967249+02
20230204,8741,721197.264,2026-10-07 13:41:46.967249+02,2026-10-07 13:41:46.967249+02
20230204,8742,23326.639,2026-10-07 13:41:46.967249+02,2026-10-07 13:41:46.967249+02
20230204,8743,10438.107,2026-10-07 13:41:46.967249+02,2026-10-07 13:41:46.967249+02
20230204,8744,561.028,2026-10-07 13:41:46.967249+02,2026-10-07 13:41:46.967249+02
20230204,8745,536.800,2026-10-07 13:41:46.967249+02,2026-10-07 13:41:46.967249+02
20230205,8741,756517.775,2026-10-07 13:41:46.967249+02,2026-10-07 13:41:46.967249+02
20230205,8742,22237.269,2026-10-07 13:41:46.967249+02,2026-10-07 13:41:46.967249+02
20230205,8743,10345.195,2026-10-07 13:41:46.967249+02,2026-10-07 13:41:46.967249+02
20230205,8744,533.375,2026-10-07 13:41:46.967249+02,2026-10-07 13:41:46.967249+02
20230205,8745,522.078,2026-10-07 13:41:46.967249+02,2026-10-07 13:41:46.967249+02
20230206,8741,786498.903,2026-10-07 13:41:46.967249+02,2026-10-07 13:41:46.967249+02
20230206,8742,24082.293,2026-10-07 13:41:46.967249+02,2026-10-07 13:41:46.967249+02
20230206,8743,14062.051,2026-10-07 13:41:46.967249+02,2026-10-07 13:41:46.967249+02
20230206,8744,538.983,2026-10-07 13:41:46.967249+02,2026-10-07 13:41:46.967249+02
20230206,8745,552.757,2026-10-07 13:41:46.967249+02,2026-10-07 13:41:46.967249+02
20230207,8741,778490.657,2026-10-07 13:41:46.967249+02,2026-10-07 13:41:46.967249+02
20230207,8742,24465.052,2026-10-07 13:41:46.967249+02,2026-10-07 13:41:46.967249+02
20230207,8743,13012.233,2026-10-07 13:41:46.967249+02,2026-10-07 13:41:46.967249+02
20230207,8744,575.321,2026-10-07 13:41:46.967249+02,2026-10-07 13:41:46.967249+02
20230207,8745,565.084,2026-10-07 13:41:46.967249+02,2026-10-07 13:41:46.967249+02
20230208,8741,769433.194,2026-10-07 13:41:46.967249+02,2026-10-07 13:41:46.967249+02
20230208,8742,24442.924,2026-10-07 13:41:46.967249+02,2026-10-07 13:41:46.967249+02
20230208,8743,12672.947,2026-10-07 13:41:46.967249+02,2026-10-07 13:41:46.967249+02
20230208,8744,580.533,2026-10-07 13:41:46.967249+02,2026-10-07 13:41:46.967249+02
20230208,8745,563.417,2026-10-07 13:41:46.967249+02,2026-10-07 13:41:46.967249+02
20230209,8741,779937.543,2026-10-07 13:41:46.967249+02,2026-10-07 13:41:46.967249+02
20230209,8742,24769.635,2026-10-07 13:41:46.967249+02,2026-10-07 13:41:46.967249+02
20230209,8743,13463.756,2026-10-07 13:41:46.967249+02,2026-10-07 13:41:46.967249+02
20230209,8744,597.293,2026-10-07 13:41:46.967249+02,2026-10-07 13:41:46.967249+02
20230209,8745,576.349,2026-10-07 13:41:46.967249+02,2026-10-07 13:41:46.967249+02
20230210,8741,762090.617,2026-10-07 13:41:46.967249+02,2026-10-07 13:41:46.967249+02
20230210,8742,24382.130,2026-10-07 13:41:46.967249+02,2026-10-07 13:41:46.967249+02
20230210,8743,12701.281,2026-10-07 13:41:46.967249+02,2026-10-07 13:41:46.967249+02
20230210,8744,581.665,2026-10-07 13:41:46.967249+02,2026-10-07 13:41:46.967249+02
20230210,8745,567.178,2026-10-07 13:41:46.967249+02,2026-10-07 13:41:46.967249+02
20230211,8741,691321.347,2026-10-07 13:41:46.967249+02,2026-10-07 13:41:46.967249+02
20230211,8742,23110.813,2026-10-07 13:41:46.967249+02,2026-10-07 13:41:46.967249+02
20230211,8743,11329.381,2026-10-07 13:41:46.967249+02,2026-10-07 13:41:46.967249+02
20230211,8744,581.650,2026-10-07 13:41:46.967249+02,2026-10-07 13:41:46.967249+02
20230211,8745,530.758,2026-10-07 13:41:46.967249+02,2026-10-07 13:41:46.967249+02
20230212,8741,653881.833,2026-10-07 13:41:46.967249+02,2026-10-07 13:41:46.967249+02
20230212,8742,21897.054,2026-10-07 13:41:46.967249+02,2026-10-07 13:41:46.967249+02
20230212,8743,11330.579,2026-10-07 13:41:46.967249+02,2026-10-07 13:41:46.967249+02
20230212,8744,569.743,2026-10-07 13:41:46.967249+02,2026-10-07 13:41:46.967249+02
20230212,8745,502.343,2026-10-07 13:41:46.967249+02,2026-10-07 13:41:46.967249+02
20230213,8741,757474.072,2026-10-07 13:41:46.967249+02,2026-10-07 13:41:46.967249+02
20230213,8742,23710.250,2026-10-07 13:41:46.967249+02,2026-10-07 13:41:46.967249+02
20230213,8743,12411.377,2026-10-07 13:41:46.967249+02,2026-10-07 13:41:46.967249+02
20230213,8744,573.537,2026-10-07 13:41:46.967249+02,2026-10-07 13:41:46.967249+02
20230213,8745,533.482,2026-10-07 13:41:46.967249+02,2026-10-07 13:41:46.967249+02
20230214,8741,779381.696,2026-10-07 13:41:46.967249+02,2026-10-07 13:41:46.967249+02
20230214,8742,24074.081,2026-10-07 13:41:46.967249+02,2026-10-07 13:41:46.967249+02
20230214,8743,12701.543,2026-10-07 13:41:46.967249+02,2026-10-07 13:41:46.967249+02
20230214,8744,590.817,2026-10-07 13:41:46.967249+02,2026-10-07 13:41:46.967249+02
20230214,8745,529.371,2026-10-07 13:41:46.967249+02,2026-10-07 13:41:46.967249+02
20230215,8741,752163.477,2026-10-07 13:41:46.967249+02,2026-10-07 13:41:46.967249+02
20230215,8742,24301.138,2026-10-07 13:41:46.967249+02,2026-10-07 13:41:46.967249+02
20230215,8743,13056.789,2026-10-07 13:41:46.967249+02,2026-10-07 13:41:46.967249+02
20230215,8744,576.303,2026-10-07 13:41:46.967249+02,2026-10-07 13:41:46.967249+02
20230215,8745,528.762,2026-10-07 13:41:46.967249+02,2026-10-07 13:41:46.967249+02
20230216,8741,719717.225,2026-10-07 13:41:46.967249+02,2026-10-07 13:41:46.967249+02
20230216,8742,24213.397,2026-10-07 13:41:46.967249+02,2026-10-07 13:41:46.967249+02
20230216,8743,13172.248,2026-10-07 13:41:46.967249+02,2026-10-07 13:41:46.967249+02
20230216,8744,567.311,2026-10-07 13:41:46.967249+02,2026-10-07 13:41:46.967249+02
20230216,8745,537.213,2026-10-07 13:41:46.967249+02,2026-10-07 13:41:46.967249+02
20230217,8741,703147.503,2026-10-07 13:41:46.967249+02,2026-10-07 13:41:46.967249+02
20230217,8742,24239.503,2026-10-07 13:41:46.967249+02,2026-10-07 13:41:46.967249+02
20230217,8743,12432.632,2026-10-07 13:41:46.967249+02,2026-10-07 13:41:46.967249+02
20230217,8744,541.790,2026-10-07 13:41:46.967249+02,2026-10-07 13:41:46.967249+02
20230217,8745,530.047,2026-10-07 13:41:46.967249+02,2026-10-07 13:41:46.967249+02
20230218,8741,596805.640,2026-10-07 13:41:46.967249+02,2026-10-07 13:41:46.967249+02
20230218,8742,23093.201,2026-10-07 13:41:46.967249+02,2026-10-07 13:41:46.967249+02
20230218,8743,11840.907,2026-10-07 13:41:46.967249+02,2026-10-07 13:41:46.967249+02
20230218,8744,526.987,2026-10-07 13:41:46.967249+02,2026-10-07 13:41:46.967249+02
20230218,8745,489.485,2026-10-07 13:41:46.967249+02,2026-10-07 13:41:46.967249+02
20230219,8741,612034.015,2026-10-07 13:41:46.967249+02,2026-10-07 13:41:46.967249+02
20230219,8742,21746.130,2026-10-07 13:41:46.967249+02,2026-10-07 13:41:46.967249+02
20230219,8743,11035.164,2026-10-07 13:41:46.967249+02,2026-10-07 13:41:46.967249+02
20230219,8744,516.786,2026-10-07 13:41:46.967249+02,2026-10-07 13:41:46.967249+02
20230219,8745,439.111,2026-10-07 13:41:46.967249+02,2026-10-07 13:41:46.967249+02
20230220,8741,691548.836,2026-10-07 13:41:46.967249+02,2026-10-07 13:41:46.967249+02
20230220,8742,23166.619,2026-10-07 13:41:46.967249+02,2026-10-07 13:41:46.967249+02
20230220,8743,12605.682,2026-10-07 13:41:46.967249+02,2026-10-07 13:41:46.967249+02
20230220,8744,555.891,2026-10-07 13:41:46.967249+02,2026-10-07 13:41:46.967249+02
20230220,8745,457.386,2026-10-07 13:41:46.967249+02,2026-10-07 13:41:46.967249+02
20230221,8741,703248.158,2026-10-07 13:41:46.967249+02,2026-10-07 13:41:46.967249+02
20230221,8742,22141.310,2026-10-07 13:41:46.967249+02,2026-10-07 13:41:46.967249+02
20230221,8743,12528.067,2026-10-07 13:41:46.967249+02,2026-10-07 13:41:46.967249+02
20230221,8744,561.897,2026-10-07 13:41:46.967249+02,2026-10-07 13:41:46.967249+02
20230221,8745,512.160,2026-10-07 13:41:46.967249+02,2026-10-07 13:41:46.967249+02
20230222,8741,708523.664,2026-10-07 13:41:46.967249+02,2026-10-07 13:41:46.967249+02
20230222,8742,23880.736,2026-10-07 13:41:46.967249+02,2026-10-07 13:41:46.967249+02
20230222,8743,12531.333,2026-10-07 13:41:46.967249+02,2026-10-07 13:41:46.967249+02
20230222,8744,537.417,2026-10-07 13:41:46.967249+02,2026-10-07 13:41:46.967249+02
20230222,8745,516.286,2026-10-07 13:41:46.967249+02,2026-10-07 13:41:46.967249+02
20230223,8741,716698.853,2026-10-07 13:41:46.967249+02,2026-10-07 13:41:46.967249+02
20230223,8742,23847.947,2026-10-07 13:41:46.967249+02,2026-10-07 13:41:46.967249+02
20230223,8743,12963.218,2026-10-07 13:41:46.967249+02,2026-10-07 13:41:46.967249+02
20230223,8744,551.281,2026-10-07 13:41:46.967249+02,2026-10-07 13:41:46.967249+02
20230223,8745,525.564,2026-10-07 13:41:46.967249+02,2026-10-07 13:41:46.967249+02
20230224,8741,717593.414,2026-10-07 13:41:46.967249+02,2026-10-07 13:41:46.967249+02
20230224,8742,23758.145,2026-10-07 13:41:46.967249+02,2026-10-07 13:41:46.967249+02
20230224,8743,12660.112,2026-10-07 13:41:46.967249+02,2026-10-07 13:41:46.967249+02
20230224,8744,539.433,2026-10-07 13:41:46.967249+02,2026-10-07 13:41:46.967249+02
20230224,8745,539.081,2026-10-07 13:41:46.967249+02,2026-10-07 13:41:46.967249+02
20230225,8741,646756.649,2026-10-07 13:41:46.967249+02,2026-10-07 13:41:46.967249+02
20230225,8742,22431.514,2026-10-07 13:41:46.967249+02,2026-10-07 13:41:46.967249+02
20230225,8743,12559.518,2026-10-07 13:41:46.967249+02,2026-10-07 13:41:46.967249+02
20230225,8744,546.639,2026-10-07 13:41:46.967249+02,2026-10-07 13:41:46.967249+02
20230225,8745,530.137,2026-10-07 13:41:46.967249+02,2026-10-07 13:41:46.967249+02
20230226,8741,771285.869,2026-10-07 13:41:46.967249+02,2026-10-07 13:41:46.967249+02
20230226,8742,21550.578,2026-10-07 13:41:46.967249+02,2026-10-07 13:41:46.967249+02
20230226,8743,9470.384,2026-10-07 13:41:46.967249+02,2026-10-07 13:41:46.967249+02
20230226,8744,532.799,2026-10-07 13:41:46.967249+02,2026-10-07 13:41:46.967249+02
20230226,8745,510.558,2026-10-07 13:41:46.967249+02,2026-10-07 13:41:46.967249+02
20230227,8741,874762.026,2026-10-07 13:41:46.967249+02,2026-10-07 13:41:46.967249+02
20230227,8742,23544.624,2026-10-07 13:41:46.967249+02,2026-10-07 13:41:46.967249+02
20230227,8743,13383.089,2026-10-07 13:41:46.967249+02,2026-10-07 13:41:46.967249+02
20230227,8744,568.481,2026-10-07 13:41:46.967249+02,2026-10-07 13:41:46.967249+02
20230227,8745,546.313,2026-10-07 13:41:46.967249+02,2026-10-07 13:41:46.967249+02
20230228,8741,841016.667,2026-10-07 13:41:46.967249+02,2026-10-07 13:41:46.967249+02
20230228,8742,23614.640,2026-10-07 13:41:46.967249+02,2026-10-07 13:41:46.967249+02
20230228,8743,13927.466,2026-10-07 13:41:46.967249+02,2026-10-07 13:41:46.967249+02
20230228,8744,554.600,2026-10-07 13:41:46.967249+02,2026-10-07 13:41:46.967249+02
20230228,8745,494.830,2026-10-07 13:41:46.967249+02,2026-10-07 13:41:46.967249+02
20230301,8741,822993.428,2026-10-07 13:41:46.967249+02,2026-10-07 13:41:46.967249+02
20230301,8742,23980.474,2026-10-07 13:41:46.967249+02,2026-10-07 13:41:46.967249+02
20230301,8743,12459.469,2026-10-07 13:41:46.967249+02,2026-10-07 13:41:46.967249+02
20230301,8744,557.664,2026-10-07 13:41:46.967249+02,2026-10-07 13:41:46.967249+02
20230301,8745,455.095,2026-10-07 13:41:46.967249+02,2026-10-07 13:41:46.967249+02
20230302,8741,853698.735,2026-10-07 13:41:46.967249+02,2026-10-07 13:41:46.967249+02
20230302,8742,23952.315,2026-10-07 13:41:46.967249+02,2026-10-07 13:41:46.967249+02
20230302,8743,13625.085,2026-10-07 13:41:46.967249+02,2026-10-07 13:41:46.967249+02
20230302,8744,558.621,2026-10-07 13:41:46.967249+02,2026-10-07 13:41:46.967249+02
20230302,8745,474.880,2026-10-07 13:41:46.967249+02,2026-10-07 13:41:46.967249+02
20230303,8741,826077.110,2026-10-07 13:41:46.967249+02,2026-10-07 13:41:46.967249+02
20230303,8742,23974.055,2026-10-07 13:41:46.967249+02,2026-10-07 13:41:46.967249+02
20230303,8743,13359.865,2026-10-07 13:41:46.967249+02,2026-10-07 13:41:46.967249+02
20230303,8744,529.860,2026-10-07 13:41:46.967249+02,2026-10-07 13:41:46.967249+02
20230303,8745,503.204,2026-10-07 13:41:46.967249+02,2026-10-07 13:41:46.967249+02
20230304,8741,705869.143,2026-10-07 13:41:46.967249+02,2026-10-07 13:41:46.967249+02
20230304,8742,22500.293,2026-10-07 13:41:46.967249+02,2026-10-07 13:41:46.967249+02
20230304,8743,13568.617,2026-10-07 13:41:46.967249+02,2026-10-07 13:41:46.967249+02
20230304,8744,510.203,2026-10-07 13:41:46.967249+02,2026-10-07 13:41:46.967249+02
20230304,8745,488.977,2026-10-07 13:41:46.967249+02,2026-10-07 13:41:46.967249+02
20230305,8741,671200.132,2026-10-07 13:41:46.967249+02,2026-10-07 13:41:46.967249+02
20230305,8742,21456.264,2026-10-07 13:41:46.967249+02,2026-10-07 13:41:46.967249+02
20230305,8743,13082.714,2026-10-07 13:41:46.967249+02,2026-10-07 13:41:46.967249+02
20230305,8744,500.251,2026-10-07 13:41:46.967249+02,2026-10-07 13:41:46.967249+02
20230305,8745,495.511,2026-10-07 13:41:46.967249+02,2026-10-07 13:41:46.967249+02
20230306,8741,777959.977,2026-10-07 13:41:46.967249+02,2026-10-07 13:41:46.967249+02
20230306,8742,23527.445,2026-10-07 13:41:46.967249+02,2026-10-07 13:41:46.967249+02
20230306,8743,13892.997,2026-10-07 13:41:46.967249+02,2026-10-07 13:41:46.967249+02
20230306,8744,550.122,2026-10-07 13:41:46.967249+02,2026-10-07 13:41:46.967249+02
20230306,8745,533.272,2026-10-07 13:41:46.967249+02,2026-10-07 13:41:46.967249+02
20230307,8741,779738.653,2026-10-07 13:41:46.967249+02,2026-10-07 13:41:46.967249+02
20230307,8742,23570.992,2026-10-07 13:41:46.967249+02,2026-10-07 13:41:46.967249+02
20230307,8743,13147.020,2026-10-07 13:41:46.967249+02,2026-10-07 13:41:46.967249+02
20230307,8744,557.962,2026-10-07 13:41:46.967249+02,2026-10-07 13:41:46.967249+02
20230307,8745,526.722,2026-10-07 13:41:46.967249+02,2026-10-07 13:41:46.967249+02
20230308,8741,804335.955,2026-10-07 13:41:46.967249+02,2026-10-07 13:41:46.967249+02
20230308,8742,23604.379,2026-10-07 13:41:46.967249+02,2026-10-07 13:41:46.967249+02
20230308,8743,11670.172,2026-10-07 13:41:46.967249+02,2026-10-07 13:41:46.967249+02
20230308,8744,522.051,2026-10-07 13:41:46.967249+02,2026-10-07 13:41:46.967249+02
20230308,8745,522.177,2026-10-07 13:41:46.967249+02,2026-10-07 13:41:46.967249+02
20230309,8741,792707.986,2026-10-07 13:41:46.967249+02,2026-10-07 13:41:46.967249+02
20230309,8742,23589.490,2026-10-07 13:41:46.967249+02,2026-10-07 13:41:46.967249+02
20230309,8743,10891.972,2026-10-07 13:41:46.967249+02,2026-10-07 13:41:46.967249+02
20230309,8744,518.107,2026-10-07 13:41:46.967249+02,2026-10-07 13:41:46.967249+02
20230309,8745,519.877,2026-10-07 13:41:46.967249+02,2026-10-07 13:41:46.967249+02
20230310,8741,806445.591,2026-10-07 13:41:46.967249+02,2026-10-07 13:41:46.967249+02
20230310,8742,23526.254,2026-10-07 13:41:46.967249+02,2026-10-07 13:41:46.967249+02
20230310,8743,10029.636,2026-10-07 13:41:46.967249+02,2026-10-07 13:41:46.967249+02
20230310,8744,513.503,2026-10-07 13:41:46.967249+02,2026-10-07 13:41:46.967249+02
20230310,8745,505.938,2026-10-07 13:41:46.967249+02,2026-10-07 13:41:46.967249+02
20230311,8741,735022.321,2026-10-07 13:41:46.967249+02,2026-10-07 13:41:46.967249+02
20230311,8742,22440.305,2026-10-07 13:41:46.967249+02,2026-10-07 13:41:46.967249+02
20230311,8743,9137.515,2026-10-07 13:41:46.967249+02,2026-10-07 13:41:46.967249+02
20230311,8744,480.658,2026-10-07 13:41:46.967249+02,2026-10-07 13:41:46.967249+02
20230311,8745,474.676,2026-10-07 13:41:46.967249+02,2026-10-07 13:41:46.967249+02
20230312,8741,655272.772,2026-10-07 13:41:46.967249+02,2026-10-07 13:41:46.967249+02
20230312,8742,21644.842,2026-10-07 13:41:46.967249+02,2026-10-07 13:41:46.967249+02
20230312,8743,8780.488,2026-10-07 13:41:46.967249+02,2026-10-07 13:41:46.967249+02
20230312,8744,466.047,2026-10-07 13:41:46.967249+02,2026-10-07 13:41:46.967249+02
20230312,8745,446.402,2026-10-07 13:41:46.967249+02,2026-10-07 13:41:46.967249+02
20230313,8741,719021.510,2026-10-07 13:41:46.967249+02,2026-10-07 13:41:46.967249+02
20230313,8742,23478.580,2026-10-07 13:41:46.967249+02,2026-10-07 13:41:46.967249+02
20230313,8743,8970.878,2026-10-07 13:41:46.967249+02,2026-10-07 13:41:46.967249+02
20230313,8744,508.549,2026-10-07 13:41:46.967249+02,2026-10-07 13:41:46.967249+02
20230313,8745,459.711,2026-10-07 13:41:46.967249+02,2026-10-07 13:41:46.967249+02
20230314,8741,760320.246,2026-10-07 13:41:46.967249+02,2026-10-07 13:41:46.967249+02
20230314,8742,23443.216,2026-10-07 13:41:46.967249+02,2026-10-07 13:41:46.967249+02
20230314,8743,9929.634,2026-10-07 13:41:46.967249+02,2026-10-07 13:41:46.967249+02
20230314,8744,493.078,2026-10-07 13:41:46.967249+02,2026-10-07 13:41:46.967249+02
20230314,8745,495.192,2026-10-07 13:41:46.967249+02,2026-10-07 13:41:46.967249+02
20230315,8741,713442.149,2026-10-07 13:41:46.967249+02,2026-10-07 13:41:46.967249+02
20230315,8742,23534.698,2026-10-07 13:41:46.967249+02,2026-10-07 13:41:46.967249+02
20230315,8743,11160.410,2026-10-07 13:41:46.967249+02,2026-10-07 13:41:46.967249+02
20230315,8744,510.043,2026-10-07 13:41:46.967249+02,2026-10-07 13:41:46.967249+02
20230315,8745,503.027,2026-10-07 13:41:46.967249+02,2026-10-07 13:41:46.967249+02
20230316,8741,736667.835,2026-10-07 13:41:46.967249+02,2026-10-07 13:41:46.967249+02
20230316,8742,23673.545,2026-10-07 13:41:46.967249+02,2026-10-07 13:41:46.967249+02
20230316,8743,9907.735,2026-10-07 13:41:46.967249+02,2026-10-07 13:41:46.967249+02
20230316,8744,514.372,2026-10-07 13:41:46.967249+02,2026-10-07 13:41:46.967249+02
20230316,8745,506.138,2026-10-07 13:41:46.967249+02,2026-10-07 13:41:46.967249+02
20230317,8741,741143.995,2026-10-07 13:41:46.967249+02,2026-10-07 13:41:46.967249+02
20230317,8742,23781.705,2026-10-07 13:41:46.967249+02,2026-10-07 13:41:46.967249+02
20230317,8743,10124.129,2026-10-07 13:41:46.967249+02,2026-10-07 13:41:46.967249+02
20230317,8744,474.211,2026-10-07 13:41:46.967249+02,2026-10-07 13:41:46.967249+02
20230317,8745,504.312,2026-10-07 13:41:46.967249+02,2026-10-07 13:41:46.967249+02
20230318,8741,652970.357,2026-10-07 13:41:46.967249+02,2026-10-07 13:41:46.967249+02
20230318,8742,22491.300,2026-10-07 13:41:46.967249+02,2026-10-07 13:41:46.967249+02
20230318,8743,9543.153,2026-10-07 13:41:46.967249+02,2026-10-07 13:41:46.967249+02
20230318,8744,472.570,2026-10-07 13:41:46.967249+02,2026-10-07 13:41:46.967249+02
20230318,8745,479.841,2026-10-07 13:41:46.967249+02,2026-10-07 13:41:46.967249+02
20230319,8741,642806.922,2026-10-07 13:41:46.967249+02,2026-10-07 13:41:46.967249+02
20230319,8742,21339.706,2026-10-07 13:41:46.967249+02,2026-10-07 13:41:46.967249+02
20230319,8743,9227.935,2026-10-07 13:41:46.967249+02,2026-10-07 13:41:46.967249+02
20230319,8744,457.213,2026-10-07 13:41:46.967249+02,2026-10-07 13:41:46.967249+02
20230319,8745,451.506,2026-10-07 13:41:46.967249+02,2026-10-07 13:41:46.967249+02
20230320,8741,691062.153,2026-10-07 13:41:46.967249+02,2026-10-07 13:41:46.967249+02
20230320,8742,23306.273,2026-10-07 13:41:46.967249+02,2026-10-07 13:41:46.967249+02
20230320,8743,10029.350,2026-10-07 13:41:46.967249+02,2026-10-07 13:41:46.967249+02
20230320,8744,509.498,2026-10-07 13:41:46.967249+02,2026-10-07 13:41:46.967249+02
20230320,8745,501.099,2026-10-07 13:41:46.967249+02,2026-10-07 13:41:46.967249+02
20230321,8741,671321.284,2026-10-07 13:41:46.967249+02,2026-10-07 13:41:46.967249+02
20230321,8742,23486.615,2026-10-07 13:41:46.967249+02,2026-10-07 13:41:46.967249+02
20230321,8743,10140.247,2026-10-07 13:41:46.967249+02,2026-10-07 13:41:46.967249+02
20230321,8744,515.818,2026-10-07 13:41:46.967249+02,2026-10-07 13:41:46.967249+02
20230321,8745,501.953,2026-10-07 13:41:46.967249+02,2026-10-07 13:41:46.967249+02
20230322,8741,677067.497,2026-10-07 13:41:46.967249+02,2026-10-07 13:41:46.967249+02
20230322,8742,23638.793,2026-10-07 13:41:46.967249+02,2026-10-07 13:41:46.967249+02
20230322,8743,10877.547,2026-10-07 13:41:46.967249+02,2026-10-07 13:41:46.967249+02
20230322,8744,484.510,2026-10-07 13:41:46.967249+02,2026-10-07 13:41:46.967249+02
20230322,8745,502.606,2026-10-07 13:41:46.967249+02,2026-10-07 13:41:46.967249+02
20230323,8741,703683.654,2026-10-07 13:41:46.967249+02,2026-10-07 13:41:46.967249+02
20230323,8742,23819.777,2026-10-07 13:41:46.967249+02,2026-10-07 13:41:46.967249+02
20230323,8743,10363.791,2026-10-07 13:41:46.967249+02,2026-10-07 13:41:46.967249+02
20230323,8744,483.394,2026-10-07 13:41:46.967249+02,2026-10-07 13:41:46.967249+02
20230323,8745,477.766,2026-10-07 13:41:46.967249+02,2026-10-07 13:41:46.967249+02
20230324,8741,707478.611,2026-10-07 13:41:46.967249+02,2026-10-07 13:41:46.967249+02
20230324,8742,23762.885,2026-10-07 13:41:46.967249+02,2026-10-07 13:41:46.967249+02
20230324,8743,9960.280,2026-10-07 13:41:46.967249+02,2026-10-07 13:41:46.967249+02
20230324,8744,501.845,2026-10-07 13:41:46.967249+02,2026-10-07 13:41:46.967249+02
20230324,8745,488.780,2026-10-07 13:41:46.967249+02,2026-10-07 13:41:46.967249+02
20230325,8741,621796.455,2026-10-07 13:41:46.967249+02,2026-10-07 13:41:46.967249+02
20230325,8742,22754.086,2026-10-07 13:41:46.967249+02,2026-10-07 13:41:46.967249+02
20230325,8743,9879.032,2026-10-07 13:41:46.967249+02,2026-10-07 13:41:46.967249+02
20230325,8744,472.004,2026-10-07 13:41:46.967249+02,2026-10-07 13:41:46.967249+02
20230325,8745,479.587,2026-10-07 13:41:46.967249+02,2026-10-07 13:41:46.967249+02
20230326,8741,650114.198,2026-10-07 13:41:46.967249+02,2026-10-07 13:41:46.967249+02
20230326,8742,20606.510,2026-10-07 13:41:46.967249+02,2026-10-07 13:41:46.967249+02
20230326,8743,8884.038,2026-10-07 13:41:46.967249+02,2026-10-07 13:41:46.967249+02
20230326,8744,439.255,2026-10-07 13:41:46.967249+02,2026-10-07 13:41:46.967249+02
20230326,8745,452.032,2026-10-07 13:41:46.967249+02,2026-10-07 13:41:46.967249+02
20230327,8741,717213.993,2026-10-07 13:41:46.967249+02,2026-10-07 13:41:46.967249+02
20230327,8742,23507.049,2026-10-07 13:41:46.967249+02,2026-10-07 13:41:46.967249+02
20230327,8743,10757.028,2026-10-07 13:41:46.967249+02,2026-10-07 13:41:46.967249+02
20230327,8744,465.039,2026-10-07 13:41:46.967249+02,2026-10-07 13:41:46.967249+02
20230327,8745,493.712,2026-10-07 13:41:46.967249+02,2026-10-07 13:41:46.967249+02
20230328,8741,702669.240,2026-10-07 13:41:46.967249+02,2026-10-07 13:41:46.967249+02
20230328,8742,23823.209,2026-10-07 13:41:46.967249+02,2026-10-07 13:41:46.967249+02
20230328,8743,11123.633,2026-10-07 13:41:46.967249+02,2026-10-07 13:41:46.967249+02
20230328,8744,464.552,2026-10-07 13:41:46.967249+02,2026-10-07 13:41:46.967249+02
20230328,8745,492.622,2026-10-07 13:41:46.967249+02,2026-10-07 13:41:46.967249+02
20230329,8741,705889.601,2026-10-07 13:41:46.967249+02,2026-10-07 13:41:46.967249+02
20230329,8742,24173.209,2026-10-07 13:41:46.967249+02,2026-10-07 13:41:46.967249+02
20230329,8743,10270.214,2026-10-07 13:41:46.967249+02,2026-10-07 13:41:46.967249+02
20230329,8744,460.232,2026-10-07 13:41:46.967249+02,2026-10-07 13:41:46.967249+02
20230329,8745,488.730,2026-10-07 13:41:46.967249+02,2026-10-07 13:41:46.967249+02
20230330,8741,714521.766,2026-10-07 13:41:46.967249+02,2026-10-07 13:41:46.967249+02
20230330,8742,24799.524,2026-10-07 13:41:46.967249+02,2026-10-07 13:41:46.967249+02
20230330,8743,10297.064,2026-10-07 13:41:46.967249+02,2026-10-07 13:41:46.967249+02
20230330,8744,450.672,2026-10-07 13:41:46.967249+02,2026-10-07 13:41:46.967249+02
20230330,8745,488.405,2026-10-07 13:41:46.967249+02,2026-10-07 13:41:46.967249+02
20230331,8741,754510.587,2026-10-07 13:41:46.967249+02,2026-10-07 13:41:46.967249+02
20230331,8742,25091.295,2026-10-07 13:41:46.967249+02,2026-10-07 13:41:46.967249+02
20230331,8743,10018.935,2026-10-07 13:41:46.967249+02,2026-10-07 13:41:46.967249+02
20230331,8744,444.431,2026-10-07 13:41:46.967249+02,2026-10-07 13:41:46.967249+02
20230331,8745,486.897,2026-10-07 13:41:46.967249+02,2026-10-07 13:41:46.967249+02
20230401,8741,664572.158,2026-10-07 13:41:46.967249+02,2026-10-07 13:41:46.967249+02
20230401,8742,23379.554,2026-10-07 13:41:46.967249+02,2026-10-07 13:41:46.967249+02
20230401,8743,10029.903,2026-10-07 13:41:46.967249+02,2026-10-07 13:41:46.967249+02
20230401,8744,460.369,2026-10-07 13:41:46.967249+02,2026-10-07 13:41:46.967249+02
20230401,8745,468.849,2026-10-07 13:41:46.967249+02,2026-10-07 13:41:46.967249+02
20230402,8741,644144.106,2026-10-07 13:41:46.967249+02,2026-10-07 13:41:46.967249+02
20230402,8742,21677.576,2026-10-07 13:41:46.967249+02,2026-10-07 13:41:46.967249+02
20230402,8743,9997.108,2026-10-07 13:41:46.967249+02,2026-10-07 13:41:46.967249+02
20230402,8744,447.602,2026-10-07 13:41:46.967249+02,2026-10-07 13:41:46.967249+02
20230402,8745,443.946,2026-10-07 13:41:46.967249+02,2026-10-07 13:41:46.967249+02
20230403,8741,685248.798,2026-10-07 13:41:46.967249+02,2026-10-07 13:41:46.967249+02
20230403,8742,23533.672,2026-10-07 13:41:46.967249+02,2026-10-07 13:41:46.967249+02
20230403,8743,11160.524,2026-10-07 13:41:46.967249+02,2026-10-07 13:41:46.967249+02
20230403,8744,468.196,2026-10-07 13:41:46.967249+02,2026-10-07 13:41:46.967249+02
20230403,8745,480.025,2026-10-07 13:41:46.967249+02,2026-10-07 13:41:46.967249+02
20230404,8741,718818.866,2026-10-07 13:41:46.967249+02,2026-10-07 13:41:46.967249+02
20230404,8742,23186.823,2026-10-07 13:41:46.967249+02,2026-10-07 13:41:46.967249+02
20230404,8743,10105.881,2026-10-07 13:41:46.967249+02,2026-10-07 13:41:46.967249+02
20230404,8744,444.325,2026-10-07 13:41:46.967249+02,2026-10-07 13:41:46.967249+02
20230404,8745,481.102,2026-10-07 13:41:46.967249+02,2026-10-07 13:41:46.967249+02
20230405,8741,682912.209,2026-10-07 13:41:46.967249+02,2026-10-07 13:41:46.967249+02
20230405,8742,23157.523,2026-10-07 13:41:46.967249+02,2026-10-07 13:41:46.967249+02
20230405,8743,12116.848,2026-10-07 13:41:46.967249+02,2026-10-07 13:41:46.967249+02
20230405,8744,438.190,2026-10-07 13:41:46.967249+02,2026-10-07 13:41:46.967249+02
20230405,8745,474.726,2026-10-07 13:41:46.967249+02,2026-10-07 13:41:46.967249+02
20230406,8741,652375.288,2026-10-07 13:41:46.967249+02,2026-10-07 13:41:46.967249+02
20230406,8742,21776.879,2026-10-07 13:41:46.967249+02,2026-10-07 13:41:46.967249+02
20230406,8743,11682.201,2026-10-07 13:41:46.967249+02,2026-10-07 13:41:46.967249+02
20230406,8744,423.459,2026-10-07 13:41:46.967249+02,2026-10-07 13:41:46.967249+02
20230406,8745,429.099,2026-10-07 13:41:46.967249+02,2026-10-07 13:41:46.967249+02
20230407,8741,611987.656,2026-10-07 13:41:46.967249+02,2026-10-07 13:41:46.967249+02
20230407,8742,21004.403,2026-10-07 13:41:46.967249+02,2026-10-07 13:41:46.967249+02
20230407,8743,10976.014,2026-10-07 13:41:46.967249+02,2026-10-07 13:41:46.967249+02
20230407,8744,420.537,2026-10-07 13:41:46.967249+02,2026-10-07 13:41:46.967249+02
20230407,8745,442.466,2026-10-07 13:41:46.967249+02,2026-10-07 13:41:46.967249+02
20230408,8741,619105.794,2026-10-07 13:41:46.967249+02,2026-10-07 13:41:46.967249+02
20230408,8742,21725.395,2026-10-07 13:41:46.967249+02,2026-10-07 13:41:46.967249+02
20230408,8743,10357.547,2026-10-07 13:41:46.967249+02,2026-10-07 13:41:46.967249+02
20230408,8744,443.983,2026-10-07 13:41:46.967249+02,2026-10-07 13:41:46.967249+02
20230408,8745,454.305,2026-10-07 13:41:46.967249+02,2026-10-07 13:41:46.967249+02
20230409,8741,577079.854,2026-10-07 13:41:46.967249+02,2026-10-07 13:41:46.967249+02
20230409,8742,20474.902,2026-10-07 13:41:46.967249+02,2026-10-07 13:41:46.967249+02
20230409,8743,9514.667,2026-10-07 13:41:46.967249+02,2026-10-07 13:41:46.967249+02
20230409,8744,454.731,2026-10-07 13:41:46.967249+02,2026-10-07 13:41:46.967249+02
20230409,8745,446.374,2026-10-07 13:41:46.967249+02,2026-10-07 13:41:46.967249+02
20230410,8741,590988.703,2026-10-07 13:41:46.967249+02,2026-10-07 13:41:46.967249+02
20230410,8742,22903.180,2026-10-07 13:41:46.967249+02,2026-10-07 13:41:46.967249+02
20230410,8743,9788.164,2026-10-07 13:41:46.967249+02,2026-10-07 13:41:46.967249+02
20230410,8744,482.007,2026-10-07 13:41:46.967249+02,2026-10-07 13:41:46.967249+02
20230410,8745,491.663,2026-10-07 13:41:46.967249+02,2026-10-07 13:41:46.967249+02
20230411,8741,669252.956,2026-10-07 13:41:46.967249+02,2026-10-07 13:41:46.967249+02
20230411,8742,23386.751,2026-10-07 13:41:46.967249+02,2026-10-07 13:41:46.967249+02
20230411,8743,10753.423,2026-10-07 13:41:46.967249+02,2026-10-07 13:41:46.967249+02
20230411,8744,486.655,2026-10-07 13:41:46.967249+02,2026-10-07 13:41:46.967249+02
20230411,8745,499.329,2026-10-07 13:41:46.967249+02,2026-10-07 13:41:46.967249+02
20230412,8741,749798.007,2026-10-07 13:41:46.967249+02,2026-10-07 13:41:46.967249+02
20230412,8742,23428.428,2026-10-07 13:41:46.967249+02,2026-10-07 13:41:46.967249+02
20230412,8743,9658.111,2026-10-07 13:41:46.967249+02,2026-10-07 13:41:46.967249+02
20230412,8744,482.409,2026-10-07 13:41:46.967249+02,2026-10-07 13:41:46.967249+02
20230412,8745,505.663,2026-10-07 13:41:46.967249+02,2026-10-07 13:41:46.967249+02
20230413,8741,726893.440,2026-10-07 13:41:46.967249+02,2026-10-07 13:41:46.967249+02
20230413,8742,23823.377,2026-10-07 13:41:46.967249+02,2026-10-07 13:41:46.967249+02
20230413,8743,9987.053,2026-10-07 13:41:46.967249+02,2026-10-07 13:41:46.967249+02
20230413,8744,478.632,2026-10-07 13:41:46.967249+02,2026-10-07 13:41:46.967249+02
20230413,8745,501.521,2026-10-07 13:41:46.967249+02,2026-10-07 13:41:46.967249+02
20230414,8741,738628.531,2026-10-07 13:41:46.967249+02,2026-10-07 13:41:46.967249+02
20230414,8742,23614.425,2026-10-07 13:41:46.967249+02,2026-10-07 13:41:46.967249+02
20230414,8743,9759.445,2026-10-07 13:41:46.967249+02,2026-10-07 13:41:46.967249+02
20230414,8744,460.286,2026-10-07 13:41:46.967249+02,2026-10-07 13:41:46.967249+02
20230414,8745,500.589,2026-10-07 13:41:46.967249+02,2026-10-07 13:41:46.967249+02
20230415,8741,714366.814,2026-10-07 13:41:46.967249+02,2026-10-07 13:41:46.967249+02
20230415,8742,22427.234,2026-10-07 13:41:46.967249+02,2026-10-07 13:41:46.967249+02
20230415,8743,9393.462,2026-10-07 13:41:46.967249+02,2026-10-07 13:41:46.967249+02
20230415,8744,475.161,2026-10-07 13:41:46.967249+02,2026-10-07 13:41:46.967249+02
20230415,8745,481.011,2026-10-07 13:41:46.967249+02,2026-10-07 13:41:46.967249+02
20230416,8741,639822.889,2026-10-07 13:41:46.967249+02,2026-10-07 13:41:46.967249+02
20230416,8742,21372.977,2026-10-07 13:41:46.967249+02,2026-10-07 13:41:46.967249+02
20230416,8743,9286.641,2026-10-07 13:41:46.967249+02,2026-10-07 13:41:46.967249+02
20230416,8744,463.601,2026-10-07 13:41:46.967249+02,2026-10-07 13:41:46.967249+02
20230416,8745,463.372,2026-10-07 13:41:46.967249+02,2026-10-07 13:41:46.967249+02
20230417,8741,697092.634,2026-10-07 13:41:46.967249+02,2026-10-07 13:41:46.967249+02
20230417,8742,23633.031,2026-10-07 13:41:46.967249+02,2026-10-07 13:41:46.967249+02
20230417,8743,9705.957,2026-10-07 13:41:46.967249+02,2026-10-07 13:41:46.967249+02
20230417,8744,489.366,2026-10-07 13:41:46.967249+02,2026-10-07 13:41:46.967249+02
20230417,8745,503.132,2026-10-07 13:41:46.967249+02,2026-10-07 13:41:46.967249+02
20230418,8741,706547.014,2026-10-07 13:41:46.967249+02,2026-10-07 13:41:46.967249+02
20230418,8742,23674.151,2026-10-07 13:41:46.967249+02,2026-10-07 13:41:46.967249+02
20230418,8743,10523.404,2026-10-07 13:41:46.967249+02,2026-10-07 13:41:46.967249+02
20230418,8744,480.966,2026-10-07 13:41:46.967249+02,2026-10-07 13:41:46.967249+02
20230418,8745,507.275,2026-10-07 13:41:46.967249+02,2026-10-07 13:41:46.967249+02
20230419,8741,664616.254,2026-10-07 13:41:46.967249+02,2026-10-07 13:41:46.967249+02
20230419,8742,23677.276,2026-10-07 13:41:46.967249+02,2026-10-07 13:41:46.967249+02
20230419,8743,11359.286,2026-10-07 13:41:46.967249+02,2026-10-07 13:41:46.967249+02
20230419,8744,466.808,2026-10-07 13:41:46.967249+02,2026-10-07 13:41:46.967249+02
20230419,8745,508.719,2026-10-07 13:41:46.967249+02,2026-10-07 13:41:46.967249+02
20230420,8741,658407.580,2026-10-07 13:41:46.967249+02,2026-10-07 13:41:46.967249+02
20230420,8742,23643.013,2026-10-07 13:41:46.967249+02,2026-10-07 13:41:46.967249+02
20230420,8743,10980.298,2026-10-07 13:41:46.967249+02,2026-10-07 13:41:46.967249+02
20230420,8744,475.234,2026-10-07 13:41:46.967249+02,2026-10-07 13:41:46.967249+02
20230420,8745,496.333,2026-10-07 13:41:46.967249+02,2026-10-07 13:41:46.967249+02
20230421,8741,679686.662,2026-10-07 13:41:46.967249+02,2026-10-07 13:41:46.967249+02
20230421,8742,23544.733,2026-10-07 13:41:46.967249+02,2026-10-07 13:41:46.967249+02
20230421,8743,10966.046,2026-10-07 13:41:46.967249+02,2026-10-07 13:41:46.967249+02
20230421,8744,455.971,2026-10-07 13:41:46.967249+02,2026-10-07 13:41:46.967249+02
20230421,8745,460.031,2026-10-07 13:41:46.967249+02,2026-10-07 13:41:46.967249+02
20230422,8741,613678.800,2026-10-07 13:41:46.967249+02,2026-10-07 13:41:46.967249+02
20230422,8742,22536.376,2026-10-07 13:41:46.967249+02,2026-10-07 13:41:46.967249+02
20230422,8743,9611.330,2026-10-07 13:41:46.967249+02,2026-10-07 13:41:46.967249+02
20230422,8744,454.198,2026-10-07 13:41:46.967249+02,2026-10-07 13:41:46.967249+02
20230422,8745,458.018,2026-10-07 13:41:46.967249+02,2026-10-07 13:41:46.967249+02
20230423,8741,633104.165,2026-10-07 13:41:46.967249+02,2026-10-07 13:41:46.967249+02
20230423,8742,21084.249,2026-10-07 13:41:46.967249+02,2026-10-07 13:41:46.967249+02
20230423,8743,9128.072,2026-10-07 13:41:46.967249+02,2026-10-07 13:41:46.967249+02
20230423,8744,426.513,2026-10-07 13:41:46.967249+02,2026-10-07 13:41:46.967249+02
20230423,8745,439.187,2026-10-07 13:41:46.967249+02,2026-10-07 13:41:46.967249+02
20230424,8741,655706.844,2026-10-07 13:41:46.967249+02,2026-10-07 13:41:46.967249+02
20230424,8742,23132.646,2026-10-07 13:41:46.967249+02,2026-10-07 13:41:46.967249+02
20230424,8743,10503.411,2026-10-07 13:41:46.967249+02,2026-10-07 13:41:46.967249+02
20230424,8744,459.723,2026-10-07 13:41:46.967249+02,2026-10-07 13:41:46.967249+02
20230424,8745,495.832,2026-10-07 13:41:46.967249+02,2026-10-07 13:41:46.967249+02
20230425,8741,685578.797,2026-10-07 13:41:46.967249+02,2026-10-07 13:41:46.967249+02
20230425,8742,23392.758,2026-10-07 13:41:46.967249+02,2026-10-07 13:41:46.967249+02
20230425,8743,10711.241,2026-10-07 13:41:46.967249+02,2026-10-07 13:41:46.967249+02
20230425,8744,469.156,2026-10-07 13:41:46.967249+02,2026-10-07 13:41:46.967249+02
20230425,8745,502.447,2026-10-07 13:41:46.967249+02,2026-10-07 13:41:46.967249+02
20230426,8741,684749.460,2026-10-07 13:41:46.967249+02,2026-10-07 13:41:46.967249+02
20230426,8742,23455.049,2026-10-07 13:41:46.967249+02,2026-10-07 13:41:46.967249+02
20230426,8743,10597.978,2026-10-07 13:41:46.967249+02,2026-10-07 13:41:46.967249+02
20230426,8744,479.112,2026-10-07 13:41:46.967249+02,2026-10-07 13:41:46.967249+02
20230426,8745,520.024,2026-10-07 13:41:46.967249+02,2026-10-07 13:41:46.967249+02
20230427,8741,683702.962,2026-10-07 13:41:46.967249+02,2026-10-07 13:41:46.967249+02
20230427,8742,23702.604,2026-10-07 13:41:46.967249+02,2026-10-07 13:41:46.967249+02
20230427,8743,10599.780,2026-10-07 13:41:46.967249+02,2026-10-07 13:41:46.967249+02
20230427,8744,477.834,2026-10-07 13:41:46.967249+02,2026-10-07 13:41:46.967249+02
20230427,8745,520.131,2026-10-07 13:41:46.967249+02,2026-10-07 13:41:46.967249+02
20230428,8741,678598.587,2026-10-07 13:41:46.967249+02,2026-10-07 13:41:46.967249+02
20230428,8742,23585.950,2026-10-07 13:41:46.967249+02,2026-10-07 13:41:46.967249+02
20230428,8743,11020.859,2026-10-07 13:41:46.967249+02,2026-10-07 13:41:46.967249+02
20230428,8744,463.549,2026-10-07 13:41:46.967249+02,2026-10-07 13:41:46.967249+02
20230428,8745,517.248,2026-10-07 13:41:46.967249+02,2026-10-07 13:41:46.967249+02
20230429,8741,629620.933,2026-10-07 13:41:46.967249+02,2026-10-07 13:41:46.967249+02
20230429,8742,22296.415,2026-10-07 13:41:46.967249+02,2026-10-07 13:41:46.967249+02
20230429,8743,10088.776,2026-10-07 13:41:46.967249+02,2026-10-07 13:41:46.967249+02
20230429,8744,438.590,2026-10-07 13:41:46.967249+02,2026-10-07 13:41:46.967249+02
20230429,8745,491.722,2026-10-07 13:41:46.967249+02,2026-10-07 13:41:46.967249+02
20230430,8741,615423.722,2026-10-07 13:41:46.967249+02,2026-10-07 13:41:46.967249+02
20230430,8742,21469.201,2026-10-07 13:41:46.967249+02,2026-10-07 13:41:46.967249+02
20230430,8743,9841.764,2026-10-07 13:41:46.967249+02,2026-10-07 13:41:46.967249+02
20230430,8744,413.792,2026-10-07 13:41:46.967249+02,2026-10-07 13:41:46.967249+02
20230430,8745,477.205,2026-10-07 13:41:46.967249+02,2026-10-07 13:41:46.967249+02
20230501,8741,593922.607,2026-10-07 13:41:46.967249+02,2026-10-07 13:41:46.967249+02
20230501,8742,21457.062,2026-10-07 13:41:46.967249+02,2026-10-07 13:41:46.967249+02
20230501,8743,10273.421,2026-10-07 13:41:46.967249+02,2026-10-07 13:41:46.967249+02
20230501,8744,412.335,2026-10-07 13:41:46.967249+02,2026-10-07 13:41:46.967249+02
20230501,8745,469.349,2026-10-07 13:41:46.967249+02,2026-10-07 13:41:46.967249+02
20230502,8741,629971.233,2026-10-07 13:41:46.967249+02,2026-10-07 13:41:46.967249+02
20230502,8742,23804.083,2026-10-07 13:41:46.967249+02,2026-10-07 13:41:46.967249+02
20230502,8743,11098.355,2026-10-07 13:41:46.967249+02,2026-10-07 13:41:46.967249+02
20230502,8744,468.388,2026-10-07 13:41:46.967249+02,2026-10-07 13:41:46.967249+02
20230502,8745,520.700,2026-10-07 13:41:46.967249+02,2026-10-07 13:41:46.967249+02
20230503,8741,681730.359,2026-10-07 13:41:46.967249+02,2026-10-07 13:41:46.967249+02
20230503,8742,23920.481,2026-10-07 13:41:46.967249+02,2026-10-07 13:41:46.967249+02
20230503,8743,10322.528,2026-10-07 13:41:46.967249+02,2026-10-07 13:41:46.967249+02
20230503,8744,462.117,2026-10-07 13:41:46.967249+02,2026-10-07 13:41:46.967249+02
20230503,8745,505.982,2026-10-07 13:41:46.967249+02,2026-10-07 13:41:46.967249+02
20230504,8741,657955.062,2026-10-07 13:41:46.967249+02,2026-10-07 13:41:46.967249+02
20230504,8742,23948.548,2026-10-07 13:41:46.967249+02,2026-10-07 13:41:46.967249+02
20230504,8743,10933.285,2026-10-07 13:41:46.967249+02,2026-10-07 13:41:46.967249+02
20230504,8744,465.858,2026-10-07 13:41:46.967249+02,2026-10-07 13:41:46.967249+02
20230504,8745,519.143,2026-10-07 13:41:46.967249+02,2026-10-07 13:41:46.967249+02
20230505,8741,652480.334,2026-10-07 13:41:46.967249+02,2026-10-07 13:41:46.967249+02
20230505,8742,23692.413,2026-10-07 13:41:46.967249+02,2026-10-07 13:41:46.967249+02
20230505,8743,11546.918,2026-10-07 13:41:46.967249+02,2026-10-07 13:41:46.967249+02
20230505,8744,468.517,2026-10-07 13:41:46.967249+02,2026-10-07 13:41:46.967249+02
20230505,8745,516.509,2026-10-07 13:41:46.967249+02,2026-10-07 13:41:46.967249+02
20230506,8741,609303.604,2026-10-07 13:41:46.967249+02,2026-10-07 13:41:46.967249+02
20230506,8742,22606.432,2026-10-07 13:41:46.967249+02,2026-10-07 13:41:46.967249+02
20230506,8743,10733.935,2026-10-07 13:41:46.967249+02,2026-10-07 13:41:46.967249+02
20230506,8744,439.176,2026-10-07 13:41:46.967249+02,2026-10-07 13:41:46.967249+02
20230506,8745,493.607,2026-10-07 13:41:46.967249+02,2026-10-07 13:41:46.967249+02
20230507,8741,608266.994,2026-10-07 13:41:46.967249+02,2026-10-07 13:41:46.967249+02
20230507,8742,21167.680,2026-10-07 13:41:46.967249+02,2026-10-07 13:41:46.967249+02
20230507,8743,10358.717,2026-10-07 13:41:46.967249+02,2026-10-07 13:41:46.967249+02
20230507,8744,427.848,2026-10-07 13:41:46.967249+02,2026-10-07 13:41:46.967249+02
20230507,8745,465.747,2026-10-07 13:41:46.967249+02,2026-10-07 13:41:46.967249+02
20230508,8741,637620.836,2026-10-07 13:41:46.967249+02,2026-10-07 13:41:46.967249+02
20230508,8742,23446.858,2026-10-07 13:41:46.967249+02,2026-10-07 13:41:46.967249+02
20230508,8743,11164.376,2026-10-07 13:41:46.967249+02,2026-10-07 13:41:46.967249+02
20230508,8744,475.520,2026-10-07 13:41:46.967249+02,2026-10-07 13:41:46.967249+02
20230508,8745,522.588,2026-10-07 13:41:46.967249+02,2026-10-07 13:41:46.967249+02
20230509,8741,676352.346,2026-10-07 13:41:46.967249+02,2026-10-07 13:41:46.967249+02
20230509,8742,23946.132,2026-10-07 13:41:46.967249+02,2026-10-07 13:41:46.967249+02
20230509,8743,12534.420,2026-10-07 13:41:46.967249+02,2026-10-07 13:41:46.967249+02
20230509,8744,488.557,2026-10-07 13:41:46.967249+02,2026-10-07 13:41:46.967249+02
20230509,8745,545.002,2026-10-07 13:41:46.967249+02,2026-10-07 13:41:46.967249+02
20230510,8741,714095.272,2026-10-07 13:41:46.967249+02,2026-10-07 13:41:46.967249+02
20230510,8742,23985.358,2026-10-07 13:41:46.967249+02,2026-10-07 13:41:46.967249+02
20230510,8743,11225.995,2026-10-07 13:41:46.967249+02,2026-10-07 13:41:46.967249+02
20230510,8744,487.344,2026-10-07 13:41:46.967249+02,2026-10-07 13:41:46.967249+02
20230510,8745,551.834,2026-10-07 13:41:46.967249+02,2026-10-07 13:41:46.967249+02
20230511,8741,708415.895,2026-10-07 13:41:46.967249+02,2026-10-07 13:41:46.967249+02
20230511,8742,23845.419,2026-10-07 13:41:46.967249+02,2026-10-07 13:41:46.967249+02
20230511,8743,10755.422,2026-10-07 13:41:46.967249+02,2026-10-07 13:41:46.967249+02
20230511,8744,488.190,2026-10-07 13:41:46.967249+02,2026-10-07 13:41:46.967249+02
20230511,8745,540.435,2026-10-07 13:41:46.967249+02,2026-10-07 13:41:46.967249+02
20230512,8741,698440.664,2026-10-07 13:41:46.967249+02,2026-10-07 13:41:46.967249+02
20230512,8742,23693.847,2026-10-07 13:41:46.967249+02,2026-10-07 13:41:46.967249+02
20230512,8743,10407.333,2026-10-07 13:41:46.967249+02,2026-10-07 13:41:46.967249+02
20230512,8744,479.248,2026-10-07 13:41:46.967249+02,2026-10-07 13:41:46.967249+02
20230512,8745,533.602,2026-10-07 13:41:46.967249+02,2026-10-07 13:41:46.967249+02
20230513,8741,666834.807,2026-10-07 13:41:46.967249+02,2026-10-07 13:41:46.967249+02
20230513,8742,22277.786,2026-10-07 13:41:46.967249+02,2026-10-07 13:41:46.967249+02
20230513,8743,11740.651,2026-10-07 13:41:46.967249+02,2026-10-07 13:41:46.967249+02
20230513,8744,438.944,2026-10-07 13:41:46.967249+02,2026-10-07 13:41:46.967249+02
20230513,8745,474.504,2026-10-07 13:41:46.967249+02,2026-10-07 13:41:46.967249+02
20230514,8741,625491.320,2026-10-07 13:41:46.967249+02,2026-10-07 13:41:46.967249+02
20230514,8742,20934.227,2026-10-07 13:41:46.967249+02,2026-10-07 13:41:46.967249+02
20230514,8743,10758.941,2026-10-07 13:41:46.967249+02,2026-10-07 13:41:46.967249+02
20230514,8744,419.737,2026-10-07 13:41:46.967249+02,2026-10-07 13:41:46.967249+02
20230514,8745,447.789,2026-10-07 13:41:46.967249+02,2026-10-07 13:41:46.967249+02
20230515,8741,718599.655,2026-10-07 13:41:46.967249+02,2026-10-07 13:41:46.967249+02
20230515,8742,23011.841,2026-10-07 13:41:46.967249+02,2026-10-07 13:41:46.967249+02
20230515,8743,10139.180,2026-10-07 13:41:46.967249+02,2026-10-07 13:41:46.967249+02
20230515,8744,477.253,2026-10-07 13:41:46.967249+02,2026-10-07 13:41:46.967249+02
20230515,8745,516.283,2026-10-07 13:41:46.967249+02,2026-10-07 13:41:46.967249+02
20230516,8741,746057.135,2026-10-07 13:41:46.967249+02,2026-10-07 13:41:46.967249+02
20230516,8742,23431.782,2026-10-07 13:41:46.967249+02,2026-10-07 13:41:46.967249+02
20230516,8743,11416.952,2026-10-07 13:41:46.967249+02,2026-10-07 13:41:46.967249+02
20230516,8744,471.286,2026-10-07 13:41:46.967249+02,2026-10-07 13:41:46.967249+02
20230516,8745,529.148,2026-10-07 13:41:46.967249+02,2026-10-07 13:41:46.967249+02
20230517,8741,723896.642,2026-10-07 13:41:46.967249+02,2026-10-07 13:41:46.967249+02
20230517,8742,23377.935,2026-10-07 13:41:46.967249+02,2026-10-07 13:41:46.967249+02
20230517,8743,10730.525,2026-10-07 13:41:46.967249+02,2026-10-07 13:41:46.967249+02
20230517,8744,474.346,2026-10-07 13:41:46.967249+02,2026-10-07 13:41:46.967249+02
20230517,8745,515.215,2026-10-07 13:41:46.967249+02,2026-10-07 13:41:46.967249+02
20230518,8741,721318.850,2026-10-07 13:41:46.967249+02,2026-10-07 13:41:46.967249+02
20230518,8742,23484.645,2026-10-07 13:41:46.967249+02,2026-10-07 13:41:46.967249+02
20230518,8743,10549.088,2026-10-07 13:41:46.967249+02,2026-10-07 13:41:46.967249+02
20230518,8744,468.724,2026-10-07 13:41:46.967249+02,2026-10-07 13:41:46.967249+02
20230518,8745,513.850,2026-10-07 13:41:46.967249+02,2026-10-07 13:41:46.967249+02
20230519,8741,714085.373,2026-10-07 13:41:46.967249+02,2026-10-07 13:41:46.967249+02
20230519,8742,23322.615,2026-10-07 13:41:46.967249+02,2026-10-07 13:41:46.967249+02
20230519,8743,11072.442,2026-10-07 13:41:46.967249+02,2026-10-07 13:41:46.967249+02
20230519,8744,455.879,2026-10-07 13:41:46.967249+02,2026-10-07 13:41:46.967249+02
20230519,8745,504.364,2026-10-07 13:41:46.967249+02,2026-10-07 13:41:46.967249+02
20230520,8741,609170.722,2026-10-07 13:41:46.967249+02,2026-10-07 13:41:46.967249+02
20230520,8742,22208.125,2026-10-07 13:41:46.967249+02,2026-10-07 13:41:46.967249+02
20230520,8743,10423.278,2026-10-07 13:41:46.967249+02,2026-10-07 13:41:46.967249+02
20230520,8744,424.292,2026-10-07 13:41:46.967249+02,2026-10-07 13:41:46.967249+02
20230520,8745,477.682,2026-10-07 13:41:46.967249+02,2026-10-07 13:41:46.967249+02
20230521,8741,580307.574,2026-10-07 13:41:46.967249+02,2026-10-07 13:41:46.967249+02
20230521,8742,21015.523,2026-10-07 13:41:46.967249+02,2026-10-07 13:41:46.967249+02
20230521,8743,9876.433,2026-10-07 13:41:46.967249+02,2026-10-07 13:41:46.967249+02
20230521,8744,419.850,2026-10-07 13:41:46.967249+02,2026-10-07 13:41:46.967249+02
20230521,8745,457.936,2026-10-07 13:41:46.967249+02,2026-10-07 13:41:46.967249+02
20230522,8741,623141.097,2026-10-07 13:41:46.967249+02,2026-10-07 13:41:46.967249+02
20230522,8742,23141.241,2026-10-07 13:41:46.967249+02,2026-10-07 13:41:46.967249+02
20230522,8743,10663.434,2026-10-07 13:41:46.967249+02,2026-10-07 13:41:46.967249+02
20230522,8744,444.645,2026-10-07 13:41:46.967249+02,2026-10-07 13:41:46.967249+02
20230522,8745,495.961,2026-10-07 13:41:46.967249+02,2026-10-07 13:41:46.967249+02
20230523,8741,647134.303,2026-10-07 13:41:46.967249+02,2026-10-07 13:41:46.967249+02
20230523,8742,23370.701,2026-10-07 13:41:46.967249+02,2026-10-07 13:41:46.967249+02
20230523,8743,12446.373,2026-10-07 13:41:46.967249+02,2026-10-07 13:41:46.967249+02
20230523,8744,451.950,2026-10-07 13:41:46.967249+02,2026-10-07 13:41:46.967249+02
20230523,8745,498.019,2026-10-07 13:41:46.967249+02,2026-10-07 13:41:46.967249+02
20230524,8741,646391.062,2026-10-07 13:41:46.967249+02,2026-10-07 13:41:46.967249+02
20230524,8742,23461.461,2026-10-07 13:41:46.967249+02,2026-10-07 13:41:46.967249+02
20230524,8743,12676.670,2026-10-07 13:41:46.967249+02,2026-10-07 13:41:46.967249+02
20230524,8744,466.862,2026-10-07 13:41:46.967249+02,2026-10-07 13:41:46.967249+02
20230524,8745,505.754,2026-10-07 13:41:46.967249+02,2026-10-07 13:41:46.967249+02
20230525,8741,675905.159,2026-10-07 13:41:46.967249+02,2026-10-07 13:41:46.967249+02
20230525,8742,23528.669,2026-10-07 13:41:46.967249+02,2026-10-07 13:41:46.967249+02
20230525,8743,12770.475,2026-10-07 13:41:46.967249+02,2026-10-07 13:41:46.967249+02
20230525,8744,471.635,2026-10-07 13:41:46.967249+02,2026-10-07 13:41:46.967249+02
20230525,8745,506.639,2026-10-07 13:41:46.967249+02,2026-10-07 13:41:46.967249+02
20230526,8741,634218.756,2026-10-07 13:41:46.967249+02,2026-10-07 13:41:46.967249+02
20230526,8742,23478.261,2026-10-07 13:41:46.967249+02,2026-10-07 13:41:46.967249+02
20230526,8743,11097.695,2026-10-07 13:41:46.967249+02,2026-10-07 13:41:46.967249+02
20230526,8744,454.376,2026-10-07 13:41:46.967249+02,2026-10-07 13:41:46.967249+02
20230526,8745,500.183,2026-10-07 13:41:46.967249+02,2026-10-07 13:41:46.967249+02
20230527,8741,544581.714,2026-10-07 13:41:46.967249+02,2026-10-07 13:41:46.967249+02
20230527,8742,22342.810,2026-10-07 13:41:46.967249+02,2026-10-07 13:41:46.967249+02
20230527,8743,10528.032,2026-10-07 13:41:46.967249+02,2026-10-07 13:41:46.967249+02
20230527,8744,438.504,2026-10-07 13:41:46.967249+02,2026-10-07 13:41:46.967249+02
20230527,8745,491.814,2026-10-07 13:41:46.967249+02,2026-10-07 13:41:46.967249+02
20230528,8741,511835.863,2026-10-07 13:41:46.967249+02,2026-10-07 13:41:46.967249+02
20230528,8742,20991.715,2026-10-07 13:41:46.967249+02,2026-10-07 13:41:46.967249+02
20230528,8743,10844.301,2026-10-07 13:41:46.967249+02,2026-10-07 13:41:46.967249+02
20230528,8744,422.460,2026-10-07 13:41:46.967249+02,2026-10-07 13:41:46.967249+02
20230528,8745,463.930,2026-10-07 13:41:46.967249+02,2026-10-07 13:41:46.967249+02
20230529,8741,585895.838,2026-10-07 13:41:46.967249+02,2026-10-07 13:41:46.967249+02
20230529,8742,23011.900,2026-10-07 13:41:46.967249+02,2026-10-07 13:41:46.967249+02
20230529,8743,12198.293,2026-10-07 13:41:46.967249+02,2026-10-07 13:41:46.967249+02
20230529,8744,467.269,2026-10-07 13:41:46.967249+02,2026-10-07 13:41:46.967249+02
20230529,8745,513.714,2026-10-07 13:41:46.967249+02,2026-10-07 13:41:46.967249+02
20230530,8741,610890.606,2026-10-07 13:41:46.967249+02,2026-10-07 13:41:46.967249+02
20230530,8742,21390.980,2026-10-07 13:41:46.967249+02,2026-10-07 13:41:46.967249+02
20230530,8743,12767.146,2026-10-07 13:41:46.967249+02,2026-10-07 13:41:46.967249+02
20230530,8744,461.431,2026-10-07 13:41:46.967249+02,2026-10-07 13:41:46.967249+02
20230530,8745,463.375,2026-10-07 13:41:46.967249+02,2026-10-07 13:41:46.967249+02
20230531,8741,623301.207,2026-10-07 13:41:46.967249+02,2026-10-07 13:41:46.967249+02
20230531,8742,23469.163,2026-10-07 13:41:46.967249+02,2026-10-07 13:41:46.967249+02
20230531,8743,11536.866,2026-10-07 13:41:46.967249+02,2026-10-07 13:41:46.967249+02
20230531,8744,479.972,2026-10-07 13:41:46.967249+02,2026-10-07 13:41:46.967249+02
20230531,8745,443.334,2026-10-07 13:41:46.967249+02,2026-10-07 13:41:46.967249+02
20230601,8741,617172.069,2026-10-07 13:41:46.967249+02,2026-10-07 13:41:46.967249+02
20230601,8742,24006.106,2026-10-07 13:41:46.967249+02,2026-10-07 13:41:46.967249+02
20230601,8743,11812.211,2026-10-07 13:41:46.967249+02,2026-10-07 13:41:46.967249+02
20230601,8744,478.708,2026-10-07 13:41:46.967249+02,2026-10-07 13:41:46.967249+02
20230601,8745,445.613,2026-10-07 13:41:46.967249+02,2026-10-07 13:41:46.967249+02
20230602,8741,591084.497,2026-10-07 13:41:46.967249+02,2026-10-07 13:41:46.967249+02
20230602,8742,23994.251,2026-10-07 13:41:46.967249+02,2026-10-07 13:41:46.967249+02
20230602,8743,11811.969,2026-10-07 13:41:46.967249+02,2026-10-07 13:41:46.967249+02
20230602,8744,474.821,2026-10-07 13:41:46.967249+02,2026-10-07 13:41:46.967249+02
20230602,8745,439.080,2026-10-07 13:41:46.967249+02,2026-10-07 13:41:46.967249+02
20230603,8741,555841.604,2026-10-07 13:41:46.967249+02,2026-10-07 13:41:46.967249+02
20230603,8742,22740.405,2026-10-07 13:41:46.967249+02,2026-10-07 13:41:46.967249+02
20230603,8743,12160.199,2026-10-07 13:41:46.967249+02,2026-10-07 13:41:46.967249+02
20230603,8744,462.172,2026-10-07 13:41:46.967249+02,2026-10-07 13:41:46.967249+02
20230603,8745,414.080,2026-10-07 13:41:46.967249+02,2026-10-07 13:41:46.967249+02
20230604,8741,525660.235,2026-10-07 13:41:46.967249+02,2026-10-07 13:41:46.967249+02
20230604,8742,21604.425,2026-10-07 13:41:46.967249+02,2026-10-07 13:41:46.967249+02
20230604,8743,11619.007,2026-10-07 13:41:46.967249+02,2026-10-07 13:41:46.967249+02
20230604,8744,450.565,2026-10-07 13:41:46.967249+02,2026-10-07 13:41:46.967249+02
20230604,8745,438.067,2026-10-07 13:41:46.967249+02,2026-10-07 13:41:46.967249+02
20230605,8741,622110.712,2026-10-07 13:41:46.967249+02,2026-10-07 13:41:46.967249+02
20230605,8742,24062.858,2026-10-07 13:41:46.967249+02,2026-10-07 13:41:46.967249+02
20230605,8743,12867.810,2026-10-07 13:41:46.967249+02,2026-10-07 13:41:46.967249+02
20230605,8744,499.502,2026-10-07 13:41:46.967249+02,2026-10-07 13:41:46.967249+02
20230605,8745,530.969,2026-10-07 13:41:46.967249+02,2026-10-07 13:41:46.967249+02
20230606,8741,657181.813,2026-10-07 13:41:46.967249+02,2026-10-07 13:41:46.967249+02
20230606,8742,24400.871,2026-10-07 13:41:46.967249+02,2026-10-07 13:41:46.967249+02
20230606,8743,12638.713,2026-10-07 13:41:46.967249+02,2026-10-07 13:41:46.967249+02
20230606,8744,507.666,2026-10-07 13:41:46.967249+02,2026-10-07 13:41:46.967249+02
20230606,8745,539.853,2026-10-07 13:41:46.967249+02,2026-10-07 13:41:46.967249+02
20230607,8741,620665.317,2026-10-07 13:41:46.967249+02,2026-10-07 13:41:46.967249+02
20230607,8742,24512.711,2026-10-07 13:41:46.967249+02,2026-10-07 13:41:46.967249+02
20230607,8743,12888.605,2026-10-07 13:41:46.967249+02,2026-10-07 13:41:46.967249+02
20230607,8744,489.065,2026-10-07 13:41:46.967249+02,2026-10-07 13:41:46.967249+02
20230607,8745,544.088,2026-10-07 13:41:46.967249+02,2026-10-07 13:41:46.967249+02
20230608,8741,608124.800,2026-10-07 13:41:46.967249+02,2026-10-07 13:41:46.967249+02
20230608,8742,24252.098,2026-10-07 13:41:46.967249+02,2026-10-07 13:41:46.967249+02
20230608,8743,12394.427,2026-10-07 13:41:46.967249+02,2026-10-07 13:41:46.967249+02
20230608,8744,492.282,2026-10-07 13:41:46.967249+02,2026-10-07 13:41:46.967249+02
20230608,8745,542.542,2026-10-07 13:41:46.967249+02,2026-10-07 13:41:46.967249+02
20230609,8741,664645.433,2026-10-07 13:41:46.967249+02,2026-10-07 13:41:46.967249+02
20230609,8742,24192.695,2026-10-07 13:41:46.967249+02,2026-10-07 13:41:46.967249+02
20230609,8743,12609.941,2026-10-07 13:41:46.967249+02,2026-10-07 13:41:46.967249+02
20230609,8744,492.318,2026-10-07 13:41:46.967249+02,2026-10-07 13:41:46.967249+02
20230609,8745,541.707,2026-10-07 13:41:46.967249+02,2026-10-07 13:41:46.967249+02
20230610,8741,563559.185,2026-10-07 13:41:46.967249+02,2026-10-07 13:41:46.967249+02
20230610,8742,22832.249,2026-10-07 13:41:46.967249+02,2026-10-07 13:41:46.967249+02
20230610,8743,11809.630,2026-10-07 13:41:46.967249+02,2026-10-07 13:41:46.967249+02
20230610,8744,462.815,2026-10-07 13:41:46.967249+02,2026-10-07 13:41:46.967249+02
20230610,8745,508.481,2026-10-07 13:41:46.967249+02,2026-10-07 13:41:46.967249+02
20230611,8741,561231.186,2026-10-07 13:41:46.967249+02,2026-10-07 13:41:46.967249+02
20230611,8742,21390.646,2026-10-07 13:41:46.967249+02,2026-10-07 13:41:46.967249+02
20230611,8743,12047.322,2026-10-07 13:41:46.967249+02,2026-10-07 13:41:46.967249+02
20230611,8744,446.057,2026-10-07 13:41:46.967249+02,2026-10-07 13:41:46.967249+02
20230611,8745,483.540,2026-10-07 13:41:46.967249+02,2026-10-07 13:41:46.967249+02
20230612,8741,654884.131,2026-10-07 13:41:46.967249+02,2026-10-07 13:41:46.967249+02
20230612,8742,24154.160,2026-10-07 13:41:46.967249+02,2026-10-07 13:41:46.967249+02
20230612,8743,13377.966,2026-10-07 13:41:46.967249+02,2026-10-07 13:41:46.967249+02
20230612,8744,492.997,2026-10-07 13:41:46.967249+02,2026-10-07 13:41:46.967249+02
20230612,8745,556.098,2026-10-07 13:41:46.967249+02,2026-10-07 13:41:46.967249+02
20230613,8741,670207.976,2026-10-07 13:41:46.967249+02,2026-10-07 13:41:46.967249+02
20230613,8742,23951.876,2026-10-07 13:41:46.967249+02,2026-10-07 13:41:46.967249+02
20230613,8743,14662.434,2026-10-07 13:41:46.967249+02,2026-10-07 13:41:46.967249+02
20230613,8744,453.680,2026-10-07 13:41:46.967249+02,2026-10-07 13:41:46.967249+02
20230613,8745,554.617,2026-10-07 13:41:46.967249+02,2026-10-07 13:41:46.967249+02
20230614,8741,713029.713,2026-10-07 13:41:46.967249+02,2026-10-07 13:41:46.967249+02
20230614,8742,23869.897,2026-10-07 13:41:46.967249+02,2026-10-07 13:41:46.967249+02
20230614,8743,14306.649,2026-10-07 13:41:46.967249+02,2026-10-07 13:41:46.967249+02
20230614,8744,494.749,2026-10-07 13:41:46.967249+02,2026-10-07 13:41:46.967249+02
20230614,8745,562.749,2026-10-07 13:41:46.967249+02,2026-10-07 13:41:46.967249+02
20230615,8741,701530.953,2026-10-07 13:41:46.967249+02,2026-10-07 13:41:46.967249+02
20230615,8742,24073.754,2026-10-07 13:41:46.967249+02,2026-10-07 13:41:46.967249+02
20230615,8743,13841.918,2026-10-07 13:41:46.967249+02,2026-10-07 13:41:46.967249+02
20230615,8744,524.095,2026-10-07 13:41:46.967249+02,2026-10-07 13:41:46.967249+02
20230615,8745,574.671,2026-10-07 13:41:46.967249+02,2026-10-07 13:41:46.967249+02
20230616,8741,694027.906,2026-10-07 13:41:46.967249+02,2026-10-07 13:41:46.967249+02
20230616,8742,24307.889,2026-10-07 13:41:46.967249+02,2026-10-07 13:41:46.967249+02
20230616,8743,14451.896,2026-10-07 13:41:46.967249+02,2026-10-07 13:41:46.967249+02
20230616,8744,522.527,2026-10-07 13:41:46.967249+02,2026-10-07 13:41:46.967249+02
20230616,8745,583.757,2026-10-07 13:41:46.967249+02,2026-10-07 13:41:46.967249+02
20230617,8741,637444.134,2026-10-07 13:41:46.967249+02,2026-10-07 13:41:46.967249+02
20230617,8742,23088.330,2026-10-07 13:41:46.967249+02,2026-10-07 13:41:46.967249+02
20230617,8743,12931.440,2026-10-07 13:41:46.967249+02,2026-10-07 13:41:46.967249+02
20230617,8744,510.841,2026-10-07 13:41:46.967249+02,2026-10-07 13:41:46.967249+02
20230617,8745,553.383,2026-10-07 13:41:46.967249+02,2026-10-07 13:41:46.967249+02
20230618,8741,637212.713,2026-10-07 13:41:46.967249+02,2026-10-07 13:41:46.967249+02
20230618,8742,21900.107,2026-10-07 13:41:46.967249+02,2026-10-07 13:41:46.967249+02
20230618,8743,12427.317,2026-10-07 13:41:46.967249+02,2026-10-07 13:41:46.967249+02
20230618,8744,474.187,2026-10-07 13:41:46.967249+02,2026-10-07 13:41:46.967249+02
20230618,8745,519.762,2026-10-07 13:41:46.967249+02,2026-10-07 13:41:46.967249+02
20230619,8741,697396.919,2026-10-07 13:41:46.967249+02,2026-10-07 13:41:46.967249+02
20230619,8742,24824.674,2026-10-07 13:41:46.967249+02,2026-10-07 13:41:46.967249+02
20230619,8743,15382.489,2026-10-07 13:41:46.967249+02,2026-10-07 13:41:46.967249+02
20230619,8744,495.537,2026-10-07 13:41:46.967249+02,2026-10-07 13:41:46.967249+02
20230619,8745,591.074,2026-10-07 13:41:46.967249+02,2026-10-07 13:41:46.967249+02
20230620,8741,711052.003,2026-10-07 13:41:46.967249+02,2026-10-07 13:41:46.967249+02
20230620,8742,24976.835,2026-10-07 13:41:46.967249+02,2026-10-07 13:41:46.967249+02
20230620,8743,16680.888,2026-10-07 13:41:46.967249+02,2026-10-07 13:41:46.967249+02
20230620,8744,519.434,2026-10-07 13:41:46.967249+02,2026-10-07 13:41:46.967249+02
20230620,8745,605.351,2026-10-07 13:41:46.967249+02,2026-10-07 13:41:46.967249+02
20230621,8741,695455.815,2026-10-07 13:41:46.967249+02,2026-10-07 13:41:46.967249+02
20230621,8742,25112.077,2026-10-07 13:41:46.967249+02,2026-10-07 13:41:46.967249+02
20230621,8743,16060.980,2026-10-07 13:41:46.967249+02,2026-10-07 13:41:46.967249+02
20230621,8744,526.617,2026-10-07 13:41:46.967249+02,2026-10-07 13:41:46.967249+02
20230621,8745,610.939,2026-10-07 13:41:46.967249+02,2026-10-07 13:41:46.967249+02
20230622,8741,718959.756,2026-10-07 13:41:46.967249+02,2026-10-07 13:41:46.967249+02
20230622,8742,25086.176,2026-10-07 13:41:46.967249+02,2026-10-07 13:41:46.967249+02
20230622,8743,16974.919,2026-10-07 13:41:46.967249+02,2026-10-07 13:41:46.967249+02
20230622,8744,534.706,2026-10-07 13:41:46.967249+02,2026-10-07 13:41:46.967249+02
20230622,8745,603.854,2026-10-07 13:41:46.967249+02,2026-10-07 13:41:46.967249+02
20230623,8741,708754.985,2026-10-07 13:41:46.967249+02,2026-10-07 13:41:46.967249+02
20230623,8742,24857.273,2026-10-07 13:41:46.967249+02,2026-10-07 13:41:46.967249+02
20230623,8743,16276.459,2026-10-07 13:41:46.967249+02,2026-10-07 13:41:46.967249+02
20230623,8744,525.343,2026-10-07 13:41:46.967249+02,2026-10-07 13:41:46.967249+02
20230623,8745,622.636,2026-10-07 13:41:46.967249+02,2026-10-07 13:41:46.967249+02
20230624,8741,650362.291,2026-10-07 13:41:46.967249+02,2026-10-07 13:41:46.967249+02
20230624,8742,22990.515,2026-10-07 13:41:46.967249+02,2026-10-07 13:41:46.967249+02
20230624,8743,14130.502,2026-10-07 13:41:46.967249+02,2026-10-07 13:41:46.967249+02
20230624,8744,504.980,2026-10-07 13:41:46.967249+02,2026-10-07 13:41:46.967249+02
20230624,8745,592.145,2026-10-07 13:41:46.967249+02,2026-10-07 13:41:46.967249+02
20230625,8741,635148.275,2026-10-07 13:41:46.967249+02,2026-10-07 13:41:46.967249+02
20230625,8742,22186.219,2026-10-07 13:41:46.967249+02,2026-10-07 13:41:46.967249+02
20230625,8743,14008.313,2026-10-07 13:41:46.967249+02,2026-10-07 13:41:46.967249+02
20230625,8744,509.318,2026-10-07 13:41:46.967249+02,2026-10-07 13:41:46.967249+02
20230625,8745,568.952,2026-10-07 13:41:46.967249+02,2026-10-07 13:41:46.967249+02
20230626,8741,772518.589,2026-10-07 13:41:46.967249+02,2026-10-07 13:41:46.967249+02
20230626,8742,25110.638,2026-10-07 13:41:46.967249+02,2026-10-07 13:41:46.967249+02
20230626,8743,16628.697,2026-10-07 13:41:46.967249+02,2026-10-07 13:41:46.967249+02
20230626,8744,564.161,2026-10-07 13:41:46.967249+02,2026-10-07 13:41:46.967249+02
20230626,8745,632.478,2026-10-07 13:41:46.967249+02,2026-10-07 13:41:46.967249+02
20230627,8741,786452.330,2026-10-07 13:41:46.967249+02,2026-10-07 13:41:46.967249+02
20230627,8742,25541.051,2026-10-07 13:41:46.967249+02,2026-10-07 13:41:46.967249+02
20230627,8743,16564.281,2026-10-07 13:41:46.967249+02,2026-10-07 13:41:46.967249+02
20230627,8744,550.569,2026-10-07 13:41:46.967249+02,2026-10-07 13:41:46.967249+02
20230627,8745,647.139,2026-10-07 13:41:46.967249+02,2026-10-07 13:41:46.967249+02
20230628,8741,766318.569,2026-10-07 13:41:46.967249+02,2026-10-07 13:41:46.967249+02
20230628,8742,26247.478,2026-10-07 13:41:46.967249+02,2026-10-07 13:41:46.967249+02
20230628,8743,18210.879,2026-10-07 13:41:46.967249+02,2026-10-07 13:41:46.967249+02
20230628,8744,542.407,2026-10-07 13:41:46.967249+02,2026-10-07 13:41:46.967249+02
20230628,8745,646.150,2026-10-07 13:41:46.967249+02,2026-10-07 13:41:46.967249+02
20230629,8741,784926.408,2026-10-07 13:41:46.967249+02,2026-10-07 13:41:46.967249+02
20230629,8742,26208.897,2026-10-07 13:41:46.967249+02,2026-10-07 13:41:46.967249+02
20230629,8743,18301.458,2026-10-07 13:41:46.967249+02,2026-10-07 13:41:46.967249+02
20230629,8744,474.908,2026-10-07 13:41:46.967249+02,2026-10-07 13:41:46.967249+02
20230629,8745,560.214,2026-10-07 13:41:46.967249+02,2026-10-07 13:41:46.967249+02
20230630,8741,750414.928,2026-10-07 13:41:46.967249+02,2026-10-07 13:41:46.967249+02
20230630,8742,25794.677,2026-10-07 13:41:46.967249+02,2026-10-07 13:41:46.967249+02
20230630,8743,17019.104,2026-10-07 13:41:46.967249+02,2026-10-07 13:41:46.967249+02
20230630,8744,522.278,2026-10-07 13:41:46.967249+02,2026-10-07 13:41:46.967249+02
20230630,8745,632.958,2026-10-07 13:41:46.967249+02,2026-10-07 13:41:46.967249+02
20230701,8741,642579.933,2026-10-07 13:41:46.967249+02,2026-10-07 13:41:46.967249+02
20230701,8742,23817.454,2026-10-07 13:41:46.967249+02,2026-10-07 13:41:46.967249+02
20230701,8743,14801.804,2026-10-07 13:41:46.967249+02,2026-10-07 13:41:46.967249+02
20230701,8744,496.872,2026-10-07 13:41:46.967249+02,2026-10-07 13:41:46.967249+02
20230701,8745,600.898,2026-10-07 13:41:46.967249+02,2026-10-07 13:41:46.967249+02
20230702,8741,636583.980,2026-10-07 13:41:46.967249+02,2026-10-07 13:41:46.967249+02
20230702,8742,22311.827,2026-10-07 13:41:46.967249+02,2026-10-07 13:41:46.967249+02
20230702,8743,14284.299,2026-10-07 13:41:46.967249+02,2026-10-07 13:41:46.967249+02
20230702,8744,497.062,2026-10-07 13:41:46.967249+02,2026-10-07 13:41:46.967249+02
20230702,8745,566.289,2026-10-07 13:41:46.967249+02,2026-10-07 13:41:46.967249+02
20230703,8741,688614.627,2026-10-07 13:41:46.967249+02,2026-10-07 13:41:46.967249+02
20230703,8742,25134.450,2026-10-07 13:41:46.967249+02,2026-10-07 13:41:46.967249+02
20230703,8743,18121.900,2026-10-07 13:41:46.967249+02,2026-10-07 13:41:46.967249+02
20230703,8744,562.819,2026-10-07 13:41:46.967249+02,2026-10-07 13:41:46.967249+02
20230703,8745,658.611,2026-10-07 13:41:46.967249+02,2026-10-07 13:41:46.967249+02
20230704,8741,715885.255,2026-10-07 13:41:46.967249+02,2026-10-07 13:41:46.967249+02
20230704,8742,25411.951,2026-10-07 13:41:46.967249+02,2026-10-07 13:41:46.967249+02
20230704,8743,16838.293,2026-10-07 13:41:46.967249+02,2026-10-07 13:41:46.967249+02
20230704,8744,542.907,2026-10-07 13:41:46.967249+02,2026-10-07 13:41:46.967249+02
20230704,8745,690.579,2026-10-07 13:41:46.967249+02,2026-10-07 13:41:46.967249+02
20230705,8741,689211.972,2026-10-07 13:41:46.967249+02,2026-10-07 13:41:46.967249+02
20230705,8742,25559.935,2026-10-07 13:41:46.967249+02,2026-10-07 13:41:46.967249+02
20230705,8743,17377.102,2026-10-07 13:41:46.967249+02,2026-10-07 13:41:46.967249+02
20230705,8744,564.495,2026-10-07 13:41:46.967249+02,2026-10-07 13:41:46.967249+02
20230705,8745,695.402,2026-10-07 13:41:46.967249+02,2026-10-07 13:41:46.967249+02
20230706,8741,721908.874,2026-10-07 13:41:46.967249+02,2026-10-07 13:41:46.967249+02
20230706,8742,25518.309,2026-10-07 13:41:46.967249+02,2026-10-07 13:41:46.967249+02
20230706,8743,17758.921,2026-10-07 13:41:46.967249+02,2026-10-07 13:41:46.967249+02
20230706,8744,559.778,2026-10-07 13:41:46.967249+02,2026-10-07 13:41:46.967249+02
20230706,8745,693.615,2026-10-07 13:41:46.967249+02,2026-10-07 13:41:46.967249+02
20230707,8741,742794.369,2026-10-07 13:41:46.967249+02,2026-10-07 13:41:46.967249+02
20230707,8742,25216.791,2026-10-07 13:41:46.967249+02,2026-10-07 13:41:46.967249+02
20230707,8743,17540.130,2026-10-07 13:41:46.967249+02,2026-10-07 13:41:46.967249+02
20230707,8744,558.063,2026-10-07 13:41:46.967249+02,2026-10-07 13:41:46.967249+02
20230707,8745,697.394,2026-10-07 13:41:46.967249+02,2026-10-07 13:41:46.967249+02
20230708,8741,674798.730,2026-10-07 13:41:46.967249+02,2026-10-07 13:41:46.967249+02
20230708,8742,23749.059,2026-10-07 13:41:46.967249+02,2026-10-07 13:41:46.967249+02
20230708,8743,17212.258,2026-10-07 13:41:46.967249+02,2026-10-07 13:41:46.967249+02
20230708,8744,500.461,2026-10-07 13:41:46.967249+02,2026-10-07 13:41:46.967249+02
20230708,8745,643.854,2026-10-07 13:41:46.967249+02,2026-10-07 13:41:46.967249+02
20230709,8741,634101.289,2026-10-07 13:41:46.967249+02,2026-10-07 13:41:46.967249+02
20230709,8742,22271.194,2026-10-07 13:41:46.967249+02,2026-10-07 13:41:46.967249+02
20230709,8743,16797.926,2026-10-07 13:41:46.967249+02,2026-10-07 13:41:46.967249+02
20230709,8744,490.768,2026-10-07 13:41:46.967249+02,2026-10-07 13:41:46.967249+02
20230709,8745,626.793,2026-10-07 13:41:46.967249+02,2026-10-07 13:41:46.967249+02
20230710,8741,763026.398,2026-10-07 13:41:46.967249+02,2026-10-07 13:41:46.967249+02
20230710,8742,25208.206,2026-10-07 13:41:46.967249+02,2026-10-07 13:41:46.967249+02
20230710,8743,19846.608,2026-10-07 13:41:46.967249+02,2026-10-07 13:41:46.967249+02
20230710,8744,575.752,2026-10-07 13:41:46.967249+02,2026-10-07 13:41:46.967249+02
20230710,8745,735.622,2026-10-07 13:41:46.967249+02,2026-10-07 13:41:46.967249+02
20230711,8741,789329.340,2026-10-07 13:41:46.967249+02,2026-10-07 13:41:46.967249+02
20230711,8742,25706.039,2026-10-07 13:41:46.967249+02,2026-10-07 13:41:46.967249+02
20230711,8743,20788.052,2026-10-07 13:41:46.967249+02,2026-10-07 13:41:46.967249+02
20230711,8744,582.015,2026-10-07 13:41:46.967249+02,2026-10-07 13:41:46.967249+02
20230711,8745,753.983,2026-10-07 13:41:46.967249+02,2026-10-07 13:41:46.967249+02
20230712,8741,777772.995,2026-10-07 13:41:46.967249+02,2026-10-07 13:41:46.967249+02
20230712,8742,26379.303,2026-10-07 13:41:46.967249+02,2026-10-07 13:41:46.967249+02
20230712,8743,20809.204,2026-10-07 13:41:46.967249+02,2026-10-07 13:41:46.967249+02
20230712,8744,581.543,2026-10-07 13:41:46.967249+02,2026-10-07 13:41:46.967249+02
20230712,8745,768.340,2026-10-07 13:41:46.967249+02,2026-10-07 13:41:46.967249+02
20230713,8741,777222.002,2026-10-07 13:41:46.967249+02,2026-10-07 13:41:46.967249+02
20230713,8742,27256.908,2026-10-07 13:41:46.967249+02,2026-10-07 13:41:46.967249+02
20230713,8743,18812.627,2026-10-07 13:41:46.967249+02,2026-10-07 13:41:46.967249+02
20230713,8744,590.992,2026-10-07 13:41:46.967249+02,2026-10-07 13:41:46.967249+02
20230713,8745,812.974,2026-10-07 13:41:46.967249+02,2026-10-07 13:41:46.967249+02
20230714,8741,793449.522,2026-10-07 13:41:46.967249+02,2026-10-07 13:41:46.967249+02
20230714,8742,27465.571,2026-10-07 13:41:46.967249+02,2026-10-07 13:41:46.967249+02
20230714,8743,18250.762,2026-10-07 13:41:46.967249+02,2026-10-07 13:41:46.967249+02
20230714,8744,585.984,2026-10-07 13:41:46.967249+02,2026-10-07 13:41:46.967249+02
20230714,8745,781.151,2026-10-07 13:41:46.967249+02,2026-10-07 13:41:46.967249+02
20230715,8741,678594.816,2026-10-07 13:41:46.967249+02,2026-10-07 13:41:46.967249+02
20230715,8742,25252.377,2026-10-07 13:41:46.967249+02,2026-10-07 13:41:46.967249+02
20230715,8743,17318.534,2026-10-07 13:41:46.967249+02,2026-10-07 13:41:46.967249+02
20230715,8744,519.282,2026-10-07 13:41:46.967249+02,2026-10-07 13:41:46.967249+02
20230715,8745,703.719,2026-10-07 13:41:46.967249+02,2026-10-07 13:41:46.967249+02
20230716,8741,613303.214,2026-10-07 13:41:46.967249+02,2026-10-07 13:41:46.967249+02
20230716,8742,22993.691,2026-10-07 13:41:46.967249+02,2026-10-07 13:41:46.967249+02
20230716,8743,17395.989,2026-10-07 13:41:46.967249+02,2026-10-07 13:41:46.967249+02
20230716,8744,498.625,2026-10-07 13:41:46.967249+02,2026-10-07 13:41:46.967249+02
20230716,8745,646.187,2026-10-07 13:41:46.967249+02,2026-10-07 13:41:46.967249+02
20230717,8741,757243.124,2026-10-07 13:41:46.967249+02,2026-10-07 13:41:46.967249+02
20230717,8742,25264.767,2026-10-07 13:41:46.967249+02,2026-10-07 13:41:46.967249+02
20230717,8743,19998.647,2026-10-07 13:41:46.967249+02,2026-10-07 13:41:46.967249+02
20230717,8744,587.315,2026-10-07 13:41:46.967249+02,2026-10-07 13:41:46.967249+02
20230717,8745,772.136,2026-10-07 13:41:46.967249+02,2026-10-07 13:41:46.967249+02
20230718,8741,804896.185,2026-10-07 13:41:46.967249+02,2026-10-07 13:41:46.967249+02
20230718,8742,25524.350,2026-10-07 13:41:46.967249+02,2026-10-07 13:41:46.967249+02
20230718,8743,20538.814,2026-10-07 13:41:46.967249+02,2026-10-07 13:41:46.967249+02
20230718,8744,603.973,2026-10-07 13:41:46.967249+02,2026-10-07 13:41:46.967249+02
20230718,8745,786.549,2026-10-07 13:41:46.967249+02,2026-10-07 13:41:46.967249+02
20230719,8741,813621.669,2026-10-07 13:41:46.967249+02,2026-10-07 13:41:46.967249+02
20230719,8742,25722.933,2026-10-07 13:41:46.967249+02,2026-10-07 13:41:46.967249+02
20230719,8743,20883.086,2026-10-07 13:41:46.967249+02,2026-10-07 13:41:46.967249+02
20230719,8744,613.890,2026-10-07 13:41:46.967249+02,2026-10-07 13:41:46.967249+02
20230719,8745,826.749,2026-10-07 13:41:46.967249+02,2026-10-07 13:41:46.967249+02
20230720,8741,786490.150,2026-10-07 13:41:46.967249+02,2026-10-07 13:41:46.967249+02
20230720,8742,25712.143,2026-10-07 13:41:46.967249+02,2026-10-07 13:41:46.967249+02
20230720,8743,21746.732,2026-10-07 13:41:46.967249+02,2026-10-07 13:41:46.967249+02
20230720,8744,579.222,2026-10-07 13:41:46.967249+02,2026-10-07 13:41:46.967249+02
20230720,8745,831.120,2026-10-07 13:41:46.967249+02,2026-10-07 13:41:46.967249+02
20230721,8741,745724.589,2026-10-07 13:41:46.967249+02,2026-10-07 13:41:46.967249+02
20230721,8742,25461.919,2026-10-07 13:41:46.967249+02,2026-10-07 13:41:46.967249+02
20230721,8743,20167.493,2026-10-07 13:41:46.967249+02,2026-10-07 13:41:46.967249+02
20230721,8744,533.589,2026-10-07 13:41:46.967249+02,2026-10-07 13:41:46.967249+02
20230721,8745,769.701,2026-10-07 13:41:46.967249+02,2026-10-07 13:41:46.967249+02
20230722,8741,637976.516,2026-10-07 13:41:46.967249+02,2026-10-07 13:41:46.967249+02
20230722,8742,24028.118,2026-10-07 13:41:46.967249+02,2026-10-07 13:41:46.967249+02
20230722,8743,18105.853,2026-10-07 13:41:46.967249+02,2026-10-07 13:41:46.967249+02
20230722,8744,511.596,2026-10-07 13:41:46.967249+02,2026-10-07 13:41:46.967249+02
20230722,8745,689.464,2026-10-07 13:41:46.967249+02,2026-10-07 13:41:46.967249+02
20230723,8741,620404.716,2026-10-07 13:41:46.967249+02,2026-10-07 13:41:46.967249+02
20230723,8742,22541.691,2026-10-07 13:41:46.967249+02,2026-10-07 13:41:46.967249+02
20230723,8743,18347.719,2026-10-07 13:41:46.967249+02,2026-10-07 13:41:46.967249+02
20230723,8744,494.659,2026-10-07 13:41:46.967249+02,2026-10-07 13:41:46.967249+02
20230723,8745,664.429,2026-10-07 13:41:46.967249+02,2026-10-07 13:41:46.967249+02
20230724,8741,741762.320,2026-10-07 13:41:46.967249+02,2026-10-07 13:41:46.967249+02
20230724,8742,25048.521,2026-10-07 13:41:46.967249+02,2026-10-07 13:41:46.967249+02
20230724,8743,21499.028,2026-10-07 13:41:46.967249+02,2026-10-07 13:41:46.967249+02
20230724,8744,560.082,2026-10-07 13:41:46.967249+02,2026-10-07 13:41:46.967249+02
20230724,8745,741.072,2026-10-07 13:41:46.967249+02,2026-10-07 13:41:46.967249+02
20230725,8741,728615.621,2026-10-07 13:41:46.967249+02,2026-10-07 13:41:46.967249+02
20230725,8742,25162.911,2026-10-07 13:41:46.967249+02,2026-10-07 13:41:46.967249+02
20230725,8743,18674.567,2026-10-07 13:41:46.967249+02,2026-10-07 13:41:46.967249+02
20230725,8744,553.390,2026-10-07 13:41:46.967249+02,2026-10-07 13:41:46.967249+02
20230725,8745,713.440,2026-10-07 13:41:46.967249+02,2026-10-07 13:41:46.967249+02
20230726,8741,703235.627,2026-10-07 13:41:46.967249+02,2026-10-07 13:41:46.967249+02
20230726,8742,25276.228,2026-10-07 13:41:46.967249+02,2026-10-07 13:41:46.967249+02
20230726,8743,17168.890,2026-10-07 13:41:46.967249+02,2026-10-07 13:41:46.967249+02
20230726,8744,551.092,2026-10-07 13:41:46.967249+02,2026-10-07 13:41:46.967249+02
20230726,8745,715.351,2026-10-07 13:41:46.967249+02,2026-10-07 13:41:46.967249+02
20230727,8741,714685.381,2026-10-07 13:41:46.967249+02,2026-10-07 13:41:46.967249+02
20230727,8742,25233.172,2026-10-07 13:41:46.967249+02,2026-10-07 13:41:46.967249+02
20230727,8743,18632.102,2026-10-07 13:41:46.967249+02,2026-10-07 13:41:46.967249+02
20230727,8744,532.255,2026-10-07 13:41:46.967249+02,2026-10-07 13:41:46.967249+02
20230727,8745,682.077,2026-10-07 13:41:46.967249+02,2026-10-07 13:41:46.967249+02
20230728,8741,730153.493,2026-10-07 13:41:46.967249+02,2026-10-07 13:41:46.967249+02
20230728,8742,25298.611,2026-10-07 13:41:46.967249+02,2026-10-07 13:41:46.967249+02
20230728,8743,19348.804,2026-10-07 13:41:46.967249+02,2026-10-07 13:41:46.967249+02
20230728,8744,520.475,2026-10-07 13:41:46.967249+02,2026-10-07 13:41:46.967249+02
20230728,8745,664.970,2026-10-07 13:41:46.967249+02,2026-10-07 13:41:46.967249+02
20230729,8741,649808.311,2026-10-07 13:41:46.967249+02,2026-10-07 13:41:46.967249+02
20230729,8742,23869.707,2026-10-07 13:41:46.967249+02,2026-10-07 13:41:46.967249+02
20230729,8743,18219.821,2026-10-07 13:41:46.967249+02,2026-10-07 13:41:46.967249+02
20230729,8744,528.118,2026-10-07 13:41:46.967249+02,2026-10-07 13:41:46.967249+02
20230729,8745,637.468,2026-10-07 13:41:46.967249+02,2026-10-07 13:41:46.967249+02
20230730,8741,625793.964,2026-10-07 13:41:46.967249+02,2026-10-07 13:41:46.967249+02
20230730,8742,22410.969,2026-10-07 13:41:46.967249+02,2026-10-07 13:41:46.967249+02
20230730,8743,17053.653,2026-10-07 13:41:46.967249+02,2026-10-07 13:41:46.967249+02
20230730,8744,543.764,2026-10-07 13:41:46.967249+02,2026-10-07 13:41:46.967249+02
20230730,8745,636.918,2026-10-07 13:41:46.967249+02,2026-10-07 13:41:46.967249+02
20230731,8741,689413.210,2026-10-07 13:41:46.967249+02,2026-10-07 13:41:46.967249+02
20230731,8742,25388.617,2026-10-07 13:41:46.967249+02,2026-10-07 13:41:46.967249+02
20230731,8743,18714.329,2026-10-07 13:41:46.967249+02,2026-10-07 13:41:46.967249+02
20230731,8744,605.874,2026-10-07 13:41:46.967249+02,2026-10-07 13:41:46.967249+02
20230731,8745,741.083,2026-10-07 13:41:46.967249+02,2026-10-07 13:41:46.967249+02
20230801,8741,738351.285,2026-10-07 13:41:46.967249+02,2026-10-07 13:41:46.967249+02
20230801,8742,26051.532,2026-10-07 13:41:46.967249+02,2026-10-07 13:41:46.967249+02
20230801,8743,18682.398,2026-10-07 13:41:46.967249+02,2026-10-07 13:41:46.967249+02
20230801,8744,574.964,2026-10-07 13:41:46.967249+02,2026-10-07 13:41:46.967249+02
20230801,8745,738.540,2026-10-07 13:41:46.967249+02,2026-10-07 13:41:46.967249+02
20230802,8741,734939.694,2026-10-07 13:41:46.967249+02,2026-10-07 13:41:46.967249+02
20230802,8742,25987.669,2026-10-07 13:41:46.967249+02,2026-10-07 13:41:46.967249+02
20230802,8743,18900.160,2026-10-07 13:41:46.967249+02,2026-10-07 13:41:46.967249+02
20230802,8744,592.150,2026-10-07 13:41:46.967249+02,2026-10-07 13:41:46.967249+02
20230802,8745,741.083,2026-10-07 13:41:46.967249+02,2026-10-07 13:41:46.967249+02
20230803,8741,747002.913,2026-10-07 13:41:46.967249+02,2026-10-07 13:41:46.967249+02
20230803,8742,26096.571,2026-10-07 13:41:46.967249+02,2026-10-07 13:41:46.967249+02
20230803,8743,18596.504,2026-10-07 13:41:46.967249+02,2026-10-07 13:41:46.967249+02
20230803,8744,585.964,2026-10-07 13:41:46.967249+02,2026-10-07 13:41:46.967249+02
20230803,8745,761.287,2026-10-07 13:41:46.967249+02,2026-10-07 13:41:46.967249+02
20230804,8741,744953.195,2026-10-07 13:41:46.967249+02,2026-10-07 13:41:46.967249+02
20230804,8742,25846.976,2026-10-07 13:41:46.967249+02,2026-10-07 13:41:46.967249+02
20230804,8743,15280.311,2026-10-07 13:41:46.967249+02,2026-10-07 13:41:46.967249+02
20230804,8744,577.042,2026-10-07 13:41:46.967249+02,2026-10-07 13:41:46.967249+02
20230804,8745,721.272,2026-10-07 13:41:46.967249+02,2026-10-07 13:41:46.967249+02
20230805,8741,674690.003,2026-10-07 13:41:46.967249+02,2026-10-07 13:41:46.967249+02
20230805,8742,24052.072,2026-10-07 13:41:46.967249+02,2026-10-07 13:41:46.967249+02
20230805,8743,13006.099,2026-10-07 13:41:46.967249+02,2026-10-07 13:41:46.967249+02
20230805,8744,544.130,2026-10-07 13:41:46.967249+02,2026-10-07 13:41:46.967249+02
20230805,8745,671.073,2026-10-07 13:41:46.967249+02,2026-10-07 13:41:46.967249+02
20230806,8741,665506.740,2026-10-07 13:41:46.967249+02,2026-10-07 13:41:46.967249+02
20230806,8742,22755.775,2026-10-07 13:41:46.967249+02,2026-10-07 13:41:46.967249+02
20230806,8743,12873.954,2026-10-07 13:41:46.967249+02,2026-10-07 13:41:46.967249+02
20230806,8744,517.782,2026-10-07 13:41:46.967249+02,2026-10-07 13:41:46.967249+02
20230806,8745,613.809,2026-10-07 13:41:46.967249+02,2026-10-07 13:41:46.967249+02
20230807,8741,677187.819,2026-10-07 13:41:46.967249+02,2026-10-07 13:41:46.967249+02
20230807,8742,25461.670,2026-10-07 13:41:46.967249+02,2026-10-07 13:41:46.967249+02
20230807,8743,13889.731,2026-10-07 13:41:46.967249+02,2026-10-07 13:41:46.967249+02
20230807,8744,562.753,2026-10-07 13:41:46.967249+02,2026-10-07 13:41:46.967249+02
20230807,8745,703.064,2026-10-07 13:41:46.967249+02,2026-10-07 13:41:46.967249+02
20230808,8741,676773.254,2026-10-07 13:41:46.967249+02,2026-10-07 13:41:46.967249+02
20230808,8742,25717.374,2026-10-07 13:41:46.967249+02,2026-10-07 13:41:46.967249+02
20230808,8743,14449.765,2026-10-07 13:41:46.967249+02,2026-10-07 13:41:46.967249+02
20230808,8744,575.935,2026-10-07 13:41:46.967249+02,2026-10-07 13:41:46.967249+02
20230808,8745,698.205,2026-10-07 13:41:46.967249+02,2026-10-07 13:41:46.967249+02
20230809,8741,717616.694,2026-10-07 13:41:46.967249+02,2026-10-07 13:41:46.967249+02
20230809,8742,25891.445,2026-10-07 13:41:46.967249+02,2026-10-07 13:41:46.967249+02
20230809,8743,15381.904,2026-10-07 13:41:46.967249+02,2026-10-07 13:41:46.967249+02
20230809,8744,563.087,2026-10-07 13:41:46.967249+02,2026-10-07 13:41:46.967249+02
20230809,8745,716.853,2026-10-07 13:41:46.967249+02,2026-10-07 13:41:46.967249+02
20230810,8741,738046.304,2026-10-07 13:41:46.967249+02,2026-10-07 13:41:46.967249+02
20230810,8742,26837.293,2026-10-07 13:41:46.967249+02,2026-10-07 13:41:46.967249+02
20230810,8743,17757.847,2026-10-07 13:41:46.967249+02,2026-10-07 13:41:46.967249+02
20230810,8744,576.047,2026-10-07 13:41:46.967249+02,2026-10-07 13:41:46.967249+02
20230810,8745,737.303,2026-10-07 13:41:46.967249+02,2026-10-07 13:41:46.967249+02
20230811,8741,690420.713,2026-10-07 13:41:46.967249+02,2026-10-07 13:41:46.967249+02
20230811,8742,27987.213,2026-10-07 13:41:46.967249+02,2026-10-07 13:41:46.967249+02
20230811,8743,18016.648,2026-10-07 13:41:46.967249+02,2026-10-07 13:41:46.967249+02
20230811,8744,557.524,2026-10-07 13:41:46.967249+02,2026-10-07 13:41:46.967249+02
20230811,8745,769.122,2026-10-07 13:41:46.967249+02,2026-10-07 13:41:46.967249+02
20230812,8741,639665.675,2026-10-07 13:41:46.967249+02,2026-10-07 13:41:46.967249+02
20230812,8742,27125.381,2026-10-07 13:41:46.967249+02,2026-10-07 13:41:46.967249+02
20230812,8743,16897.277,2026-10-07 13:41:46.967249+02,2026-10-07 13:41:46.967249+02
20230812,8744,525.978,2026-10-07 13:41:46.967249+02,2026-10-07 13:41:46.967249+02
20230812,8745,697.668,2026-10-07 13:41:46.967249+02,2026-10-07 13:41:46.967249+02
20230813,8741,629697.392,2026-10-07 13:41:46.967249+02,2026-10-07 13:41:46.967249+02
20230813,8742,25447.905,2026-10-07 13:41:46.967249+02,2026-10-07 13:41:46.967249+02
20230813,8743,15167.960,2026-10-07 13:41:46.967249+02,2026-10-07 13:41:46.967249+02
20230813,8744,502.577,2026-10-07 13:41:46.967249+02,2026-10-07 13:41:46.967249+02
20230813,8745,640.990,2026-10-07 13:41:46.967249+02,2026-10-07 13:41:46.967249+02
20230814,8741,667855.483,2026-10-07 13:41:46.967249+02,2026-10-07 13:41:46.967249+02
20230814,8742,27515.236,2026-10-07 13:41:46.967249+02,2026-10-07 13:41:46.967249+02
20230814,8743,17272.757,2026-10-07 13:41:46.967249+02,2026-10-07 13:41:46.967249+02
20230814,8744,557.496,2026-10-07 13:41:46.967249+02,2026-10-07 13:41:46.967249+02
20230814,8745,719.535,2026-10-07 13:41:46.967249+02,2026-10-07 13:41:46.967249+02
20230815,8741,639933.977,2026-10-07 13:41:46.967249+02,2026-10-07 13:41:46.967249+02
20230815,8742,24942.142,2026-10-07 13:41:46.967249+02,2026-10-07 13:41:46.967249+02
20230815,8743,16474.151,2026-10-07 13:41:46.967249+02,2026-10-07 13:41:46.967249+02
20230815,8744,511.920,2026-10-07 13:41:46.967249+02,2026-10-07 13:41:46.967249+02
20230815,8745,665.880,2026-10-07 13:41:46.967249+02,2026-10-07 13:41:46.967249+02
20230816,8741,688114.793,2026-10-07 13:41:46.967249+02,2026-10-07 13:41:46.967249+02
20230816,8742,26385.936,2026-10-07 13:41:46.967249+02,2026-10-07 13:41:46.967249+02
20230816,8743,18456.170,2026-10-07 13:41:46.967249+02,2026-10-07 13:41:46.967249+02
20230816,8744,537.605,2026-10-07 13:41:46.967249+02,2026-10-07 13:41:46.967249+02
20230816,8745,745.993,2026-10-07 13:41:46.967249+02,2026-10-07 13:41:46.967249+02
20230817,8741,690390.643,2026-10-07 13:41:46.967249+02,2026-10-07 13:41:46.967249+02
20230817,8742,26456.580,2026-10-07 13:41:46.967249+02,2026-10-07 13:41:46.967249+02
20230817,8743,19749.223,2026-10-07 13:41:46.967249+02,2026-10-07 13:41:46.967249+02
20230817,8744,538.964,2026-10-07 13:41:46.967249+02,2026-10-07 13:41:46.967249+02
20230817,8745,732.237,2026-10-07 13:41:46.967249+02,2026-10-07 13:41:46.967249+02
20230818,8741,713168.749,2026-10-07 13:41:46.967249+02,2026-10-07 13:41:46.967249+02
20230818,8742,26399.160,2026-10-07 13:41:46.967249+02,2026-10-07 13:41:46.967249+02
20230818,8743,19770.734,2026-10-07 13:41:46.967249+02,2026-10-07 13:41:46.967249+02
20230818,8744,529.828,2026-10-07 13:41:46.967249+02,2026-10-07 13:41:46.967249+02
20230818,8745,718.700,2026-10-07 13:41:46.967249+02,2026-10-07 13:41:46.967249+02
20230819,8741,644812.407,2026-10-07 13:41:46.967249+02,2026-10-07 13:41:46.967249+02
20230819,8742,25588.909,2026-10-07 13:41:46.967249+02,2026-10-07 13:41:46.967249+02
20230819,8743,19267.009,2026-10-07 13:41:46.967249+02,2026-10-07 13:41:46.967249+02
20230819,8744,524.587,2026-10-07 13:41:46.967249+02,2026-10-07 13:41:46.967249+02
20230819,8745,695.967,2026-10-07 13:41:46.967249+02,2026-10-07 13:41:46.967249+02
20230820,8741,660051.374,2026-10-07 13:41:46.967249+02,2026-10-07 13:41:46.967249+02
20230820,8742,24381.045,2026-10-07 13:41:46.967249+02,2026-10-07 13:41:46.967249+02
20230820,8743,18417.474,2026-10-07 13:41:46.967249+02,2026-10-07 13:41:46.967249+02
20230820,8744,509.547,2026-10-07 13:41:46.967249+02,2026-10-07 13:41:46.967249+02
20230820,8745,655.775,2026-10-07 13:41:46.967249+02,2026-10-07 13:41:46.967249+02
20230821,8741,770386.753,2026-10-07 13:41:46.967249+02,2026-10-07 13:41:46.967249+02
20230821,8742,27525.007,2026-10-07 13:41:46.967249+02,2026-10-07 13:41:46.967249+02
20230821,8743,20286.179,2026-10-07 13:41:46.967249+02,2026-10-07 13:41:46.967249+02
20230821,8744,563.242,2026-10-07 13:41:46.967249+02,2026-10-07 13:41:46.967249+02
20230821,8745,760.103,2026-10-07 13:41:46.967249+02,2026-10-07 13:41:46.967249+02
20230822,8741,788294.145,2026-10-07 13:41:46.967249+02,2026-10-07 13:41:46.967249+02
20230822,8742,27888.335,2026-10-07 13:41:46.967249+02,2026-10-07 13:41:46.967249+02
20230822,8743,20509.953,2026-10-07 13:41:46.967249+02,2026-10-07 13:41:46.967249+02
20230822,8744,573.001,2026-10-07 13:41:46.967249+02,2026-10-07 13:41:46.967249+02
20230822,8745,764.478,2026-10-07 13:41:46.967249+02,2026-10-07 13:41:46.967249+02
20230823,8741,819314.124,2026-10-07 13:41:46.967249+02,2026-10-07 13:41:46.967249+02
20230823,8742,28085.348,2026-10-07 13:41:46.967249+02,2026-10-07 13:41:46.967249+02
20230823,8743,21855.168,2026-10-07 13:41:46.967249+02,2026-10-07 13:41:46.967249+02
20230823,8744,594.623,2026-10-07 13:41:46.967249+02,2026-10-07 13:41:46.967249+02
20230823,8745,761.870,2026-10-07 13:41:46.967249+02,2026-10-07 13:41:46.967249+02
20230824,8741,811613.799,2026-10-07 13:41:46.967249+02,2026-10-07 13:41:46.967249+02
20230824,8742,27610.747,2026-10-07 13:41:46.967249+02,2026-10-07 13:41:46.967249+02
20230824,8743,21829.327,2026-10-07 13:41:46.967249+02,2026-10-07 13:41:46.967249+02
20230824,8744,586.742,2026-10-07 13:41:46.967249+02,2026-10-07 13:41:46.967249+02
20230824,8745,767.472,2026-10-07 13:41:46.967249+02,2026-10-07 13:41:46.967249+02
20230825,8741,810112.523,2026-10-07 13:41:46.967249+02,2026-10-07 13:41:46.967249+02
20230825,8742,27727.886,2026-10-07 13:41:46.967249+02,2026-10-07 13:41:46.967249+02
20230825,8743,18369.488,2026-10-07 13:41:46.967249+02,2026-10-07 13:41:46.967249+02
20230825,8744,591.890,2026-10-07 13:41:46.967249+02,2026-10-07 13:41:46.967249+02
20230825,8745,759.437,2026-10-07 13:41:46.967249+02,2026-10-07 13:41:46.967249+02
20230826,8741,673268.951,2026-10-07 13:41:46.967249+02,2026-10-07 13:41:46.967249+02
20230826,8742,26638.230,2026-10-07 13:41:46.967249+02,2026-10-07 13:41:46.967249+02
20230826,8743,19087.565,2026-10-07 13:41:46.967249+02,2026-10-07 13:41:46.967249+02
20230826,8744,539.229,2026-10-07 13:41:46.967249+02,2026-10-07 13:41:46.967249+02
20230826,8745,717.377,2026-10-07 13:41:46.967249+02,2026-10-07 13:41:46.967249+02
20230827,8741,683251.003,2026-10-07 13:41:46.967249+02,2026-10-07 13:41:46.967249+02
20230827,8742,24655.308,2026-10-07 13:41:46.967249+02,2026-10-07 13:41:46.967249+02
20230827,8743,16957.863,2026-10-07 13:41:46.967249+02,2026-10-07 13:41:46.967249+02
20230827,8744,481.709,2026-10-07 13:41:46.967249+02,2026-10-07 13:41:46.967249+02
20230827,8745,629.061,2026-10-07 13:41:46.967249+02,2026-10-07 13:41:46.967249+02
20230828,8741,729529.274,2026-10-07 13:41:46.967249+02,2026-10-07 13:41:46.967249+02
20230828,8742,25897.831,2026-10-07 13:41:46.967249+02,2026-10-07 13:41:46.967249+02
20230828,8743,13166.460,2026-10-07 13:41:46.967249+02,2026-10-07 13:41:46.967249+02
20230828,8744,531.264,2026-10-07 13:41:46.967249+02,2026-10-07 13:41:46.967249+02
20230828,8745,657.784,2026-10-07 13:41:46.967249+02,2026-10-07 13:41:46.967249+02
20230829,8741,697472.179,2026-10-07 13:41:46.967249+02,2026-10-07 13:41:46.967249+02
20230829,8742,26017.434,2026-10-07 13:41:46.967249+02,2026-10-07 13:41:46.967249+02
20230829,8743,14231.257,2026-10-07 13:41:46.967249+02,2026-10-07 13:41:46.967249+02
20230829,8744,528.683,2026-10-07 13:41:46.967249+02,2026-10-07 13:41:46.967249+02
20230829,8745,627.114,2026-10-07 13:41:46.967249+02,2026-10-07 13:41:46.967249+02
20230830,8741,669381.330,2026-10-07 13:41:46.967249+02,2026-10-07 13:41:46.967249+02
20230830,8742,26044.336,2026-10-07 13:41:46.967249+02,2026-10-07 13:41:46.967249+02
20230830,8743,15267.607,2026-10-07 13:41:46.967249+02,2026-10-07 13:41:46.967249+02
20230830,8744,560.630,2026-10-07 13:41:46.967249+02,2026-10-07 13:41:46.967249+02
20230830,8745,572.748,2026-10-07 13:41:46.967249+02,2026-10-07 13:41:46.967249+02
20230831,8741,671361.755,2026-10-07 13:41:46.967249+02,2026-10-07 13:41:46.967249+02
20230831,8742,26021.691,2026-10-07 13:41:46.967249+02,2026-10-07 13:41:46.967249+02
20230831,8743,13089.088,2026-10-07 13:41:46.967249+02,2026-10-07 13:41:46.967249+02
20230831,8744,544.127,2026-10-07 13:41:46.967249+02,2026-10-07 13:41:46.967249+02
20230831,8745,631.504,2026-10-07 13:41:46.967249+02,2026-10-07 13:41:46.967249+02
20230901,8741,698541.653,2026-10-07 13:41:46.967249+02,2026-10-07 13:41:46.967249+02
20230901,8742,25991.320,2026-10-07 13:41:46.967249+02,2026-10-07 13:41:46.967249+02
20230901,8743,13916.924,2026-10-07 13:41:46.967249+02,2026-10-07 13:41:46.967249+02
20230901,8744,547.909,2026-10-07 13:41:46.967249+02,2026-10-07 13:41:46.967249+02
20230901,8745,671.197,2026-10-07 13:41:46.967249+02,2026-10-07 13:41:46.967249+02
20230902,8741,588976.270,2026-10-07 13:41:46.967249+02,2026-10-07 13:41:46.967249+02
20230902,8742,24625.092,2026-10-07 13:41:46.967249+02,2026-10-07 13:41:46.967249+02
20230902,8743,16057.182,2026-10-07 13:41:46.967249+02,2026-10-07 13:41:46.967249+02
20230902,8744,479.754,2026-10-07 13:41:46.967249+02,2026-10-07 13:41:46.967249+02
20230902,8745,579.522,2026-10-07 13:41:46.967249+02,2026-10-07 13:41:46.967249+02
20230903,8741,631368.115,2026-10-07 13:41:46.967249+02,2026-10-07 13:41:46.967249+02
20230903,8742,23023.963,2026-10-07 13:41:46.967249+02,2026-10-07 13:41:46.967249+02
20230903,8743,14871.634,2026-10-07 13:41:46.967249+02,2026-10-07 13:41:46.967249+02
20230903,8744,461.278,2026-10-07 13:41:46.967249+02,2026-10-07 13:41:46.967249+02
20230903,8745,506.506,2026-10-07 13:41:46.967249+02,2026-10-07 13:41:46.967249+02
20230904,8741,682316.776,2026-10-07 13:41:46.967249+02,2026-10-07 13:41:46.967249+02
20230904,8742,25391.628,2026-10-07 13:41:46.967249+02,2026-10-07 13:41:46.967249+02
20230904,8743,16856.841,2026-10-07 13:41:46.967249+02,2026-10-07 13:41:46.967249+02
20230904,8744,509.319,2026-10-07 13:41:46.967249+02,2026-10-07 13:41:46.967249+02
20230904,8745,569.251,2026-10-07 13:41:46.967249+02,2026-10-07 13:41:46.967249+02
20230905,8741,668903.974,2026-10-07 13:41:46.967249+02,2026-10-07 13:41:46.967249+02
20230905,8742,25512.041,2026-10-07 13:41:46.967249+02,2026-10-07 13:41:46.967249+02
20230905,8743,15465.293,2026-10-07 13:41:46.967249+02,2026-10-07 13:41:46.967249+02
20230905,8744,520.594,2026-10-07 13:41:46.967249+02,2026-10-07 13:41:46.967249+02
20230905,8745,581.149,2026-10-07 13:41:46.967249+02,2026-10-07 13:41:46.967249+02
20230906,8741,690445.549,2026-10-07 13:41:46.967249+02,2026-10-07 13:41:46.967249+02
20230906,8742,25526.464,2026-10-07 13:41:46.967249+02,2026-10-07 13:41:46.967249+02
20230906,8743,15374.021,2026-10-07 13:41:46.967249+02,2026-10-07 13:41:46.967249+02
20230906,8744,534.303,2026-10-07 13:41:46.967249+02,2026-10-07 13:41:46.967249+02
20230906,8745,588.687,2026-10-07 13:41:46.967249+02,2026-10-07 13:41:46.967249+02
20230907,8741,666089.178,2026-10-07 13:41:46.967249+02,2026-10-07 13:41:46.967249+02
20230907,8742,25889.598,2026-10-07 13:41:46.967249+02,2026-10-07 13:41:46.967249+02
20230907,8743,15120.790,2026-10-07 13:41:46.967249+02,2026-10-07 13:41:46.967249+02
20230907,8744,570.372,2026-10-07 13:41:46.967249+02,2026-10-07 13:41:46.967249+02
20230907,8745,617.161,2026-10-07 13:41:46.967249+02,2026-10-07 13:41:46.967249+02
20230908,8741,683800.145,2026-10-07 13:41:46.967249+02,2026-10-07 13:41:46.967249+02
20230908,8742,25099.545,2026-10-07 13:41:46.967249+02,2026-10-07 13:41:46.967249+02
20230908,8743,15230.033,2026-10-07 13:41:46.967249+02,2026-10-07 13:41:46.967249+02
20230908,8744,556.319,2026-10-07 13:41:46.967249+02,2026-10-07 13:41:46.967249+02
20230908,8745,559.633,2026-10-07 13:41:46.967249+02,2026-10-07 13:41:46.967249+02
20230909,8741,608388.062,2026-10-07 13:41:46.967249+02,2026-10-07 13:41:46.967249+02
20230909,8742,24566.505,2026-10-07 13:41:46.967249+02,2026-10-07 13:41:46.967249+02
20230909,8743,13437.614,2026-10-07 13:41:46.967249+02,2026-10-07 13:41:46.967249+02
20230909,8744,531.921,2026-10-07 13:41:46.967249+02,2026-10-07 13:41:46.967249+02
20230909,8745,584.602,2026-10-07 13:41:46.967249+02,2026-10-07 13:41:46.967249+02
20230910,8741,601562.652,2026-10-07 13:41:46.967249+02,2026-10-07 13:41:46.967249+02
20230910,8742,23122.780,2026-10-07 13:41:46.967249+02,2026-10-07 13:41:46.967249+02
20230910,8743,13659.932,2026-10-07 13:41:46.967249+02,2026-10-07 13:41:46.967249+02
20230910,8744,513.151,2026-10-07 13:41:46.967249+02,2026-10-07 13:41:46.967249+02
20230910,8745,574.965,2026-10-07 13:41:46.967249+02,2026-10-07 13:41:46.967249+02
20230911,8741,649571.523,2026-10-07 13:41:46.967249+02,2026-10-07 13:41:46.967249+02
20230911,8742,25736.566,2026-10-07 13:41:46.967249+02,2026-10-07 13:41:46.967249+02
20230911,8743,15156.816,2026-10-07 13:41:46.967249+02,2026-10-07 13:41:46.967249+02
20230911,8744,562.705,2026-10-07 13:41:46.967249+02,2026-10-07 13:41:46.967249+02
20230911,8745,630.357,2026-10-07 13:41:46.967249+02,2026-10-07 13:41:46.967249+02
20230912,8741,690210.995,2026-10-07 13:41:46.967249+02,2026-10-07 13:41:46.967249+02
20230912,8742,25980.238,2026-10-07 13:41:46.967249+02,2026-10-07 13:41:46.967249+02
20230912,8743,17336.050,2026-10-07 13:41:46.967249+02,2026-10-07 13:41:46.967249+02
20230912,8744,545.202,2026-10-07 13:41:46.967249+02,2026-10-07 13:41:46.967249+02
20230912,8745,555.715,2026-10-07 13:41:46.967249+02,2026-10-07 13:41:46.967249+02
20230913,8741,714188.557,2026-10-07 13:41:46.967249+02,2026-10-07 13:41:46.967249+02
20230913,8742,26048.445,2026-10-07 13:41:46.967249+02,2026-10-07 13:41:46.967249+02
20230913,8743,17211.048,2026-10-07 13:41:46.967249+02,2026-10-07 13:41:46.967249+02
20230913,8744,530.295,2026-10-07 13:41:46.967249+02,2026-10-07 13:41:46.967249+02
20230913,8745,542.231,2026-10-07 13:41:46.967249+02,2026-10-07 13:41:46.967249+02
20230914,8741,684834.177,2026-10-07 13:41:46.967249+02,2026-10-07 13:41:46.967249+02
20230914,8742,25788.079,2026-10-07 13:41:46.967249+02,2026-10-07 13:41:46.967249+02
20230914,8743,17212.329,2026-10-07 13:41:46.967249+02,2026-10-07 13:41:46.967249+02
20230914,8744,558.555,2026-10-07 13:41:46.967249+02,2026-10-07 13:41:46.967249+02
20230914,8745,611.223,2026-10-07 13:41:46.967249+02,2026-10-07 13:41:46.967249+02
20230915,8741,653682.374,2026-10-07 13:41:46.967249+02,2026-10-07 13:41:46.967249+02
20230915,8742,25719.969,2026-10-07 13:41:46.967249+02,2026-10-07 13:41:46.967249+02
20230915,8743,17256.259,2026-10-07 13:41:46.967249+02,2026-10-07 13:41:46.967249+02
20230915,8744,550.861,2026-10-07 13:41:46.967249+02,2026-10-07 13:41:46.967249+02
20230915,8745,651.882,2026-10-07 13:41:46.967249+02,2026-10-07 13:41:46.967249+02
20230916,8741,563350.803,2026-10-07 13:41:46.967249+02,2026-10-07 13:41:46.967249+02
20230916,8742,24522.295,2026-10-07 13:41:46.967249+02,2026-10-07 13:41:46.967249+02
20230916,8743,14219.164,2026-10-07 13:41:46.967249+02,2026-10-07 13:41:46.967249+02
20230916,8744,506.219,2026-10-07 13:41:46.967249+02,2026-10-07 13:41:46.967249+02
20230916,8745,589.208,2026-10-07 13:41:46.967249+02,2026-10-07 13:41:46.967249+02
20230917,8741,606674.152,2026-10-07 13:41:46.967249+02,2026-10-07 13:41:46.967249+02
20230917,8742,23176.483,2026-10-07 13:41:46.967249+02,2026-10-07 13:41:46.967249+02
20230917,8743,13668.877,2026-10-07 13:41:46.967249+02,2026-10-07 13:41:46.967249+02
20230917,8744,482.744,2026-10-07 13:41:46.967249+02,2026-10-07 13:41:46.967249+02
20230917,8745,551.880,2026-10-07 13:41:46.967249+02,2026-10-07 13:41:46.967249+02
20230918,8741,613234.872,2026-10-07 13:41:46.967249+02,2026-10-07 13:41:46.967249+02
20230918,8742,25062.980,2026-10-07 13:41:46.967249+02,2026-10-07 13:41:46.967249+02
20230918,8743,14782.032,2026-10-07 13:41:46.967249+02,2026-10-07 13:41:46.967249+02
20230918,8744,519.786,2026-10-07 13:41:46.967249+02,2026-10-07 13:41:46.967249+02
20230918,8745,591.435,2026-10-07 13:41:46.967249+02,2026-10-07 13:41:46.967249+02
20230919,8741,657473.374,2026-10-07 13:41:46.967249+02,2026-10-07 13:41:46.967249+02
20230919,8742,25232.329,2026-10-07 13:41:46.967249+02,2026-10-07 13:41:46.967249+02
20230919,8743,15801.807,2026-10-07 13:41:46.967249+02,2026-10-07 13:41:46.967249+02
20230919,8744,525.561,2026-10-07 13:41:46.967249+02,2026-10-07 13:41:46.967249+02
20230919,8745,551.947,2026-10-07 13:41:46.967249+02,2026-10-07 13:41:46.967249+02
20230920,8741,666602.642,2026-10-07 13:41:46.967249+02,2026-10-07 13:41:46.967249+02
20230920,8742,25480.255,2026-10-07 13:41:46.967249+02,2026-10-07 13:41:46.967249+02
20230920,8743,14550.587,2026-10-07 13:41:46.967249+02,2026-10-07 13:41:46.967249+02
20230920,8744,526.558,2026-10-07 13:41:46.967249+02,2026-10-07 13:41:46.967249+02
20230920,8745,601.518,2026-10-07 13:41:46.967249+02,2026-10-07 13:41:46.967249+02
20230921,8741,680506.360,2026-10-07 13:41:46.967249+02,2026-10-07 13:41:46.967249+02
20230921,8742,25383.648,2026-10-07 13:41:46.967249+02,2026-10-07 13:41:46.967249+02
20230921,8743,13907.576,2026-10-07 13:41:46.967249+02,2026-10-07 13:41:46.967249+02
20230921,8744,522.887,2026-10-07 13:41:46.967249+02,2026-10-07 13:41:46.967249+02
20230921,8745,571.693,2026-10-07 13:41:46.967249+02,2026-10-07 13:41:46.967249+02
20230922,8741,668114.318,2026-10-07 13:41:46.967249+02,2026-10-07 13:41:46.967249+02
20230922,8742,25404.209,2026-10-07 13:41:46.967249+02,2026-10-07 13:41:46.967249+02
20230922,8743,12921.976,2026-10-07 13:41:46.967249+02,2026-10-07 13:41:46.967249+02
20230922,8744,507.980,2026-10-07 13:41:46.967249+02,2026-10-07 13:41:46.967249+02
20230922,8745,558.072,2026-10-07 13:41:46.967249+02,2026-10-07 13:41:46.967249+02
20230923,8741,573624.369,2026-10-07 13:41:46.967249+02,2026-10-07 13:41:46.967249+02
20230923,8742,24263.436,2026-10-07 13:41:46.967249+02,2026-10-07 13:41:46.967249+02
20230923,8743,12123.359,2026-10-07 13:41:46.967249+02,2026-10-07 13:41:46.967249+02
20230923,8744,489.581,2026-10-07 13:41:46.967249+02,2026-10-07 13:41:46.967249+02
20230923,8745,516.614,2026-10-07 13:41:46.967249+02,2026-10-07 13:41:46.967249+02
20230924,8741,555577.173,2026-10-07 13:41:46.967249+02,2026-10-07 13:41:46.967249+02
20230924,8742,22694.833,2026-10-07 13:41:46.967249+02,2026-10-07 13:41:46.967249+02
20230924,8743,11900.856,2026-10-07 13:41:46.967249+02,2026-10-07 13:41:46.967249+02
20230924,8744,485.754,2026-10-07 13:41:46.967249+02,2026-10-07 13:41:46.967249+02
20230924,8745,496.386,2026-10-07 13:41:46.967249+02,2026-10-07 13:41:46.967249+02
20230925,8741,631051.605,2026-10-07 13:41:46.967249+02,2026-10-07 13:41:46.967249+02
20230925,8742,25185.761,2026-10-07 13:41:46.967249+02,2026-10-07 13:41:46.967249+02
20230925,8743,13214.548,2026-10-07 13:41:46.967249+02,2026-10-07 13:41:46.967249+02
20230925,8744,528.163,2026-10-07 13:41:46.967249+02,2026-10-07 13:41:46.967249+02
20230925,8745,546.714,2026-10-07 13:41:46.967249+02,2026-10-07 13:41:46.967249+02
20230926,8741,640091.041,2026-10-07 13:41:46.967249+02,2026-10-07 13:41:46.967249+02
20230926,8742,25690.295,2026-10-07 13:41:46.967249+02,2026-10-07 13:41:46.967249+02
20230926,8743,14118.290,2026-10-07 13:41:46.967249+02,2026-10-07 13:41:46.967249+02
20230926,8744,538.419,2026-10-07 13:41:46.967249+02,2026-10-07 13:41:46.967249+02
20230926,8745,551.958,2026-10-07 13:41:46.967249+02,2026-10-07 13:41:46.967249+02
20230927,8741,678851.967,2026-10-07 13:41:46.967249+02,2026-10-07 13:41:46.967249+02
20230927,8742,25589.264,2026-10-07 13:41:46.967249+02,2026-10-07 13:41:46.967249+02
20230927,8743,13018.943,2026-10-07 13:41:46.967249+02,2026-10-07 13:41:46.967249+02
20230927,8744,533.006,2026-10-07 13:41:46.967249+02,2026-10-07 13:41:46.967249+02
20230927,8745,566.722,2026-10-07 13:41:46.967249+02,2026-10-07 13:41:46.967249+02
20230928,8741,677964.248,2026-10-07 13:41:46.967249+02,2026-10-07 13:41:46.967249+02
20230928,8742,25736.977,2026-10-07 13:41:46.967249+02,2026-10-07 13:41:46.967249+02
20230928,8743,12961.477,2026-10-07 13:41:46.967249+02,2026-10-07 13:41:46.967249+02
20230928,8744,533.574,2026-10-07 13:41:46.967249+02,2026-10-07 13:41:46.967249+02
20230928,8745,563.672,2026-10-07 13:41:46.967249+02,2026-10-07 13:41:46.967249+02
20230929,8741,651230.993,2026-10-07 13:41:46.967249+02,2026-10-07 13:41:46.967249+02
20230929,8742,25892.516,2026-10-07 13:41:46.967249+02,2026-10-07 13:41:46.967249+02
20230929,8743,13776.775,2026-10-07 13:41:46.967249+02,2026-10-07 13:41:46.967249+02
20230929,8744,525.210,2026-10-07 13:41:46.967249+02,2026-10-07 13:41:46.967249+02
20230929,8745,578.371,2026-10-07 13:41:46.967249+02,2026-10-07 13:41:46.967249+02
20230930,8741,591048.749,2026-10-07 13:41:46.967249+02,2026-10-07 13:41:46.967249+02
20230930,8742,24768.511,2026-10-07 13:41:46.967249+02,2026-10-07 13:41:46.967249+02
20230930,8743,13197.109,2026-10-07 13:41:46.967249+02,2026-10-07 13:41:46.967249+02
20230930,8744,506.797,2026-10-07 13:41:46.967249+02,2026-10-07 13:41:46.967249+02
20230930,8745,549.757,2026-10-07 13:41:46.967249+02,2026-10-07 13:41:46.967249+02
20231001,8741,571772.061,2026-10-07 13:41:46.967249+02,2026-10-07 13:41:46.967249+02
20231001,8742,23508.911,2026-10-07 13:41:46.967249+02,2026-10-07 13:41:46.967249+02
20231001,8743,11788.979,2026-10-07 13:41:46.967249+02,2026-10-07 13:41:46.967249+02
20231001,8744,491.919,2026-10-07 13:41:46.967249+02,2026-10-07 13:41:46.967249+02
20231001,8745,523.318,2026-10-07 13:41:46.967249+02,2026-10-07 13:41:46.967249+02
20231002,8741,667407.943,2026-10-07 13:41:46.967249+02,2026-10-07 13:41:46.967249+02
20231002,8742,26227.026,2026-10-07 13:41:46.967249+02,2026-10-07 13:41:46.967249+02
20231002,8743,13100.740,2026-10-07 13:41:46.967249+02,2026-10-07 13:41:46.967249+02
20231002,8744,548.100,2026-10-07 13:41:46.967249+02,2026-10-07 13:41:46.967249+02
20231002,8745,593.429,2026-10-07 13:41:46.967249+02,2026-10-07 13:41:46.967249+02
20231003,8741,664642.979,2026-10-07 13:41:46.967249+02,2026-10-07 13:41:46.967249+02
20231003,8742,27113.402,2026-10-07 13:41:46.967249+02,2026-10-07 13:41:46.967249+02
20231003,8743,13226.816,2026-10-07 13:41:46.967249+02,2026-10-07 13:41:46.967249+02
20231003,8744,545.618,2026-10-07 13:41:46.967249+02,2026-10-07 13:41:46.967249+02
20231003,8745,591.786,2026-10-07 13:41:46.967249+02,2026-10-07 13:41:46.967249+02
20231004,8741,670874.088,2026-10-07 13:41:46.967249+02,2026-10-07 13:41:46.967249+02
20231004,8742,27684.839,2026-10-07 13:41:46.967249+02,2026-10-07 13:41:46.967249+02
20231004,8743,12723.008,2026-10-07 13:41:46.967249+02,2026-10-07 13:41:46.967249+02
20231004,8744,542.928,2026-10-07 13:41:46.967249+02,2026-10-07 13:41:46.967249+02
20231004,8745,600.982,2026-10-07 13:41:46.967249+02,2026-10-07 13:41:46.967249+02
20231005,8741,665598.501,2026-10-07 13:41:46.967249+02,2026-10-07 13:41:46.967249+02
20231005,8742,27619.100,2026-10-07 13:41:46.967249+02,2026-10-07 13:41:46.967249+02
20231005,8743,12922.529,2026-10-07 13:41:46.967249+02,2026-10-07 13:41:46.967249+02
20231005,8744,544.698,2026-10-07 13:41:46.967249+02,2026-10-07 13:41:46.967249+02
20231005,8745,599.664,2026-10-07 13:41:46.967249+02,2026-10-07 13:41:46.967249+02
20231006,8741,645845.269,2026-10-07 13:41:46.967249+02,2026-10-07 13:41:46.967249+02
20231006,8742,27879.525,2026-10-07 13:41:46.967249+02,2026-10-07 13:41:46.967249+02
20231006,8743,13152.336,2026-10-07 13:41:46.967249+02,2026-10-07 13:41:46.967249+02
20231006,8744,535.629,2026-10-07 13:41:46.967249+02,2026-10-07 13:41:46.967249+02
20231006,8745,604.096,2026-10-07 13:41:46.967249+02,2026-10-07 13:41:46.967249+02
20231007,8741,564921.963,2026-10-07 13:41:46.967249+02,2026-10-07 13:41:46.967249+02
20231007,8742,26651.392,2026-10-07 13:41:46.967249+02,2026-10-07 13:41:46.967249+02
20231007,8743,12414.539,2026-10-07 13:41:46.967249+02,2026-10-07 13:41:46.967249+02
20231007,8744,509.736,2026-10-07 13:41:46.967249+02,2026-10-07 13:41:46.967249+02
20231007,8745,559.593,2026-10-07 13:41:46.967249+02,2026-10-07 13:41:46.967249+02
20231008,8741,541868.352,2026-10-07 13:41:46.967249+02,2026-10-07 13:41:46.967249+02
20231008,8742,25641.101,2026-10-07 13:41:46.967249+02,2026-10-07 13:41:46.967249+02
20231008,8743,13041.597,2026-10-07 13:41:46.967249+02,2026-10-07 13:41:46.967249+02
20231008,8744,493.812,2026-10-07 13:41:46.967249+02,2026-10-07 13:41:46.967249+02
20231008,8745,525.329,2026-10-07 13:41:46.967249+02,2026-10-07 13:41:46.967249+02
20231009,8741,610425.254,2026-10-07 13:41:46.967249+02,2026-10-07 13:41:46.967249+02
20231009,8742,28703.399,2026-10-07 13:41:46.967249+02,2026-10-07 13:41:46.967249+02
20231009,8743,14007.773,2026-10-07 13:41:46.967249+02,2026-10-07 13:41:46.967249+02
20231009,8744,530.909,2026-10-07 13:41:46.967249+02,2026-10-07 13:41:46.967249+02
20231009,8745,578.052,2026-10-07 13:41:46.967249+02,2026-10-07 13:41:46.967249+02
20231010,8741,639509.117,2026-10-07 13:41:46.967249+02,2026-10-07 13:41:46.967249+02
20231010,8742,28845.739,2026-10-07 13:41:46.967249+02,2026-10-07 13:41:46.967249+02
20231010,8743,12971.318,2026-10-07 13:41:46.967249+02,2026-10-07 13:41:46.967249+02
20231010,8744,521.576,2026-10-07 13:41:46.967249+02,2026-10-07 13:41:46.967249+02
20231010,8745,574.203,2026-10-07 13:41:46.967249+02,2026-10-07 13:41:46.967249+02
20231011,8741,602432.529,2026-10-07 13:41:46.967249+02,2026-10-07 13:41:46.967249+02
20231011,8742,28354.594,2026-10-07 13:41:46.967249+02,2026-10-07 13:41:46.967249+02
20231011,8743,13355.888,2026-10-07 13:41:46.967249+02,2026-10-07 13:41:46.967249+02
20231011,8744,523.679,2026-10-07 13:41:46.967249+02,2026-10-07 13:41:46.967249+02
20231011,8745,565.256,2026-10-07 13:41:46.967249+02,2026-10-07 13:41:46.967249+02
20231012,8741,590208.288,2026-10-07 13:41:46.967249+02,2026-10-07 13:41:46.967249+02
20231012,8742,25531.711,2026-10-07 13:41:46.967249+02,2026-10-07 13:41:46.967249+02
20231012,8743,12037.803,2026-10-07 13:41:46.967249+02,2026-10-07 13:41:46.967249+02
20231012,8744,485.471,2026-10-07 13:41:46.967249+02,2026-10-07 13:41:46.967249+02
20231012,8745,499.973,2026-10-07 13:41:46.967249+02,2026-10-07 13:41:46.967249+02
20231013,8741,569231.652,2026-10-07 13:41:46.967249+02,2026-10-07 13:41:46.967249+02
20231013,8742,27441.602,2026-10-07 13:41:46.967249+02,2026-10-07 13:41:46.967249+02
20231013,8743,12587.486,2026-10-07 13:41:46.967249+02,2026-10-07 13:41:46.967249+02
20231013,8744,481.931,2026-10-07 13:41:46.967249+02,2026-10-07 13:41:46.967249+02
20231013,8745,552.898,2026-10-07 13:41:46.967249+02,2026-10-07 13:41:46.967249+02
20231014,8741,502932.526,2026-10-07 13:41:46.967249+02,2026-10-07 13:41:46.967249+02
20231014,8742,26494.855,2026-10-07 13:41:46.967249+02,2026-10-07 13:41:46.967249+02
20231014,8743,12132.522,2026-10-07 13:41:46.967249+02,2026-10-07 13:41:46.967249+02
20231014,8744,480.652,2026-10-07 13:41:46.967249+02,2026-10-07 13:41:46.967249+02
20231014,8745,516.024,2026-10-07 13:41:46.967249+02,2026-10-07 13:41:46.967249+02
20231015,8741,495657.125,2026-10-07 13:41:46.967249+02,2026-10-07 13:41:46.967249+02
20231015,8742,24999.190,2026-10-07 13:41:46.967249+02,2026-10-07 13:41:46.967249+02
20231015,8743,12216.355,2026-10-07 13:41:46.967249+02,2026-10-07 13:41:46.967249+02
20231015,8744,472.857,2026-10-07 13:41:46.967249+02,2026-10-07 13:41:46.967249+02
20231015,8745,481.691,2026-10-07 13:41:46.967249+02,2026-10-07 13:41:46.967249+02
20231016,8741,586099.991,2026-10-07 13:41:46.967249+02,2026-10-07 13:41:46.967249+02
20231016,8742,27566.537,2026-10-07 13:41:46.967249+02,2026-10-07 13:41:46.967249+02
20231016,8743,13105.031,2026-10-07 13:41:46.967249+02,2026-10-07 13:41:46.967249+02
20231016,8744,519.322,2026-10-07 13:41:46.967249+02,2026-10-07 13:41:46.967249+02
20231016,8745,557.867,2026-10-07 13:41:46.967249+02,2026-10-07 13:41:46.967249+02
20231017,8741,682293.825,2026-10-07 13:41:46.967249+02,2026-10-07 13:41:46.967249+02
20231017,8742,27624.733,2026-10-07 13:41:46.967249+02,2026-10-07 13:41:46.967249+02
20231017,8743,12130.209,2026-10-07 13:41:46.967249+02,2026-10-07 13:41:46.967249+02
20231017,8744,527.920,2026-10-07 13:41:46.967249+02,2026-10-07 13:41:46.967249+02
20231017,8745,558.666,2026-10-07 13:41:46.967249+02,2026-10-07 13:41:46.967249+02
20231018,8741,723491.464,2026-10-07 13:41:46.967249+02,2026-10-07 13:41:46.967249+02
20231018,8742,27230.900,2026-10-07 13:41:46.967249+02,2026-10-07 13:41:46.967249+02
20231018,8743,12092.260,2026-10-07 13:41:46.967249+02,2026-10-07 13:41:46.967249+02
20231018,8744,513.303,2026-10-07 13:41:46.967249+02,2026-10-07 13:41:46.967249+02
20231018,8745,557.472,2026-10-07 13:41:46.967249+02,2026-10-07 13:41:46.967249+02
20231019,8741,702817.373,2026-10-07 13:41:46.967249+02,2026-10-07 13:41:46.967249+02
20231019,8742,26704.806,2026-10-07 13:41:46.967249+02,2026-10-07 13:41:46.967249+02
20231019,8743,11573.276,2026-10-07 13:41:46.967249+02,2026-10-07 13:41:46.967249+02
20231019,8744,516.464,2026-10-07 13:41:46.967249+02,2026-10-07 13:41:46.967249+02
20231019,8745,564.858,2026-10-07 13:41:46.967249+02,2026-10-07 13:41:46.967249+02
20231020,8741,736862.165,2026-10-07 13:41:46.967249+02,2026-10-07 13:41:46.967249+02
20231020,8742,26440.748,2026-10-07 13:41:46.967249+02,2026-10-07 13:41:46.967249+02
20231020,8743,11162.366,2026-10-07 13:41:46.967249+02,2026-10-07 13:41:46.967249+02
20231020,8744,507.048,2026-10-07 13:41:46.967249+02,2026-10-07 13:41:46.967249+02
20231020,8745,532.746,2026-10-07 13:41:46.967249+02,2026-10-07 13:41:46.967249+02
20231021,8741,572064.534,2026-10-07 13:41:46.967249+02,2026-10-07 13:41:46.967249+02
20231021,8742,24516.516,2026-10-07 13:41:46.967249+02,2026-10-07 13:41:46.967249+02
20231021,8743,10798.341,2026-10-07 13:41:46.967249+02,2026-10-07 13:41:46.967249+02
20231021,8744,480.563,2026-10-07 13:41:46.967249+02,2026-10-07 13:41:46.967249+02
20231021,8745,502.191,2026-10-07 13:41:46.967249+02,2026-10-07 13:41:46.967249+02
20231022,8741,506094.712,2026-10-07 13:41:46.967249+02,2026-10-07 13:41:46.967249+02
20231022,8742,23258.156,2026-10-07 13:41:46.967249+02,2026-10-07 13:41:46.967249+02
20231022,8743,10248.500,2026-10-07 13:41:46.967249+02,2026-10-07 13:41:46.967249+02
20231022,8744,463.196,2026-10-07 13:41:46.967249+02,2026-10-07 13:41:46.967249+02
20231022,8745,481.917,2026-10-07 13:41:46.967249+02,2026-10-07 13:41:46.967249+02
20231023,8741,601403.334,2026-10-07 13:41:46.967249+02,2026-10-07 13:41:46.967249+02
20231023,8742,25295.899,2026-10-07 13:41:46.967249+02,2026-10-07 13:41:46.967249+02
20231023,8743,12285.114,2026-10-07 13:41:46.967249+02,2026-10-07 13:41:46.967249+02
20231023,8744,494.191,2026-10-07 13:41:46.967249+02,2026-10-07 13:41:46.967249+02
20231023,8745,538.015,2026-10-07 13:41:46.967249+02,2026-10-07 13:41:46.967249+02
20231024,8741,687721.105,2026-10-07 13:41:46.967249+02,2026-10-07 13:41:46.967249+02
20231024,8742,25078.642,2026-10-07 13:41:46.967249+02,2026-10-07 13:41:46.967249+02
20231024,8743,10926.315,2026-10-07 13:41:46.967249+02,2026-10-07 13:41:46.967249+02
20231024,8744,499.572,2026-10-07 13:41:46.967249+02,2026-10-07 13:41:46.967249+02
20231024,8745,531.167,2026-10-07 13:41:46.967249+02,2026-10-07 13:41:46.967249+02
20231025,8741,712063.893,2026-10-07 13:41:46.967249+02,2026-10-07 13:41:46.967249+02
20231025,8742,25205.990,2026-10-07 13:41:46.967249+02,2026-10-07 13:41:46.967249+02
20231025,8743,10215.601,2026-10-07 13:41:46.967249+02,2026-10-07 13:41:46.967249+02
20231025,8744,504.282,2026-10-07 13:41:46.967249+02,2026-10-07 13:41:46.967249+02
20231025,8745,531.476,2026-10-07 13:41:46.967249+02,2026-10-07 13:41:46.967249+02
20231026,8741,710429.713,2026-10-07 13:41:46.967249+02,2026-10-07 13:41:46.967249+02
20231026,8742,25709.902,2026-10-07 13:41:46.967249+02,2026-10-07 13:41:46.967249+02
20231026,8743,11613.679,2026-10-07 13:41:46.967249+02,2026-10-07 13:41:46.967249+02
20231026,8744,509.935,2026-10-07 13:41:46.967249+02,2026-10-07 13:41:46.967249+02
20231026,8745,532.438,2026-10-07 13:41:46.967249+02,2026-10-07 13:41:46.967249+02
20231027,8741,700582.539,2026-10-07 13:41:46.967249+02,2026-10-07 13:41:46.967249+02
20231027,8742,25696.112,2026-10-07 13:41:46.967249+02,2026-10-07 13:41:46.967249+02
20231027,8743,10597.539,2026-10-07 13:41:46.967249+02,2026-10-07 13:41:46.967249+02
20231027,8744,481.755,2026-10-07 13:41:46.967249+02,2026-10-07 13:41:46.967249+02
20231027,8745,524.655,2026-10-07 13:41:46.967249+02,2026-10-07 13:41:46.967249+02
20231028,8741,609248.742,2026-10-07 13:41:46.967249+02,2026-10-07 13:41:46.967249+02
20231028,8742,24479.352,2026-10-07 13:41:46.967249+02,2026-10-07 13:41:46.967249+02
20231028,8743,9707.320,2026-10-07 13:41:46.967249+02,2026-10-07 13:41:46.967249+02
20231028,8744,475.469,2026-10-07 13:41:46.967249+02,2026-10-07 13:41:46.967249+02
20231028,8745,496.283,2026-10-07 13:41:46.967249+02,2026-10-07 13:41:46.967249+02
20231029,8741,575769.199,2026-10-07 13:41:46.967249+02,2026-10-07 13:41:46.967249+02
20231029,8742,23710.298,2026-10-07 13:41:46.967249+02,2026-10-07 13:41:46.967249+02
20231029,8743,9591.587,2026-10-07 13:41:46.967249+02,2026-10-07 13:41:46.967249+02
20231029,8744,481.389,2026-10-07 13:41:46.967249+02,2026-10-07 13:41:46.967249+02
20231029,8745,501.167,2026-10-07 13:41:46.967249+02,2026-10-07 13:41:46.967249+02
20231030,8741,683791.205,2026-10-07 13:41:46.967249+02,2026-10-07 13:41:46.967249+02
20231030,8742,25297.507,2026-10-07 13:41:46.967249+02,2026-10-07 13:41:46.967249+02
20231030,8743,9753.846,2026-10-07 13:41:46.967249+02,2026-10-07 13:41:46.967249+02
20231030,8744,500.303,2026-10-07 13:41:46.967249+02,2026-10-07 13:41:46.967249+02
20231030,8745,526.802,2026-10-07 13:41:46.967249+02,2026-10-07 13:41:46.967249+02
20231031,8741,625849.778,2026-10-07 13:41:46.967249+02,2026-10-07 13:41:46.967249+02
20231031,8742,25722.779,2026-10-07 13:41:46.967249+02,2026-10-07 13:41:46.967249+02
20231031,8743,9740.052,2026-10-07 13:41:46.967249+02,2026-10-07 13:41:46.967249+02
20231031,8744,488.468,2026-10-07 13:41:46.967249+02,2026-10-07 13:41:46.967249+02
20231031,8745,521.092,2026-10-07 13:41:46.967249+02,2026-10-07 13:41:46.967249+02
20231101,8741,613033.686,2026-10-07 13:41:46.967249+02,2026-10-07 13:41:46.967249+02
20231101,8742,23895.408,2026-10-07 13:41:46.967249+02,2026-10-07 13:41:46.967249+02
20231101,8743,8779.685,2026-10-07 13:41:46.967249+02,2026-10-07 13:41:46.967249+02
20231101,8744,457.856,2026-10-07 13:41:46.967249+02,2026-10-07 13:41:46.967249+02
20231101,8745,468.256,2026-10-07 13:41:46.967249+02,2026-10-07 13:41:46.967249+02
20231102,8741,675154.713,2026-10-07 13:41:46.967249+02,2026-10-07 13:41:46.967249+02
20231102,8742,25604.269,2026-10-07 13:41:46.967249+02,2026-10-07 13:41:46.967249+02
20231102,8743,9462.574,2026-10-07 13:41:46.967249+02,2026-10-07 13:41:46.967249+02
20231102,8744,494.722,2026-10-07 13:41:46.967249+02,2026-10-07 13:41:46.967249+02
20231102,8745,526.684,2026-10-07 13:41:46.967249+02,2026-10-07 13:41:46.967249+02
20231103,8741,687326.848,2026-10-07 13:41:46.967249+02,2026-10-07 13:41:46.967249+02
20231103,8742,25695.106,2026-10-07 13:41:46.967249+02,2026-10-07 13:41:46.967249+02
20231103,8743,8769.174,2026-10-07 13:41:46.967249+02,2026-10-07 13:41:46.967249+02
20231103,8744,493.010,2026-10-07 13:41:46.967249+02,2026-10-07 13:41:46.967249+02
20231103,8745,517.763,2026-10-07 13:41:46.967249+02,2026-10-07 13:41:46.967249+02
20231104,8741,590124.933,2026-10-07 13:41:46.967249+02,2026-10-07 13:41:46.967249+02
20231104,8742,24234.991,2026-10-07 13:41:46.967249+02,2026-10-07 13:41:46.967249+02
20231104,8743,8835.635,2026-10-07 13:41:46.967249+02,2026-10-07 13:41:46.967249+02
20231104,8744,481.327,2026-10-07 13:41:46.967249+02,2026-10-07 13:41:46.967249+02
20231104,8745,493.850,2026-10-07 13:41:46.967249+02,2026-10-07 13:41:46.967249+02
20231105,8741,605804.013,2026-10-07 13:41:46.967249+02,2026-10-07 13:41:46.967249+02
20231105,8742,22956.119,2026-10-07 13:41:46.967249+02,2026-10-07 13:41:46.967249+02
20231105,8743,8282.637,2026-10-07 13:41:46.967249+02,2026-10-07 13:41:46.967249+02
20231105,8744,466.299,2026-10-07 13:41:46.967249+02,2026-10-07 13:41:46.967249+02
20231105,8745,474.507,2026-10-07 13:41:46.967249+02,2026-10-07 13:41:46.967249+02
20231106,8741,656447.381,2026-10-07 13:41:46.967249+02,2026-10-07 13:41:46.967249+02
20231106,8742,24830.706,2026-10-07 13:41:46.967249+02,2026-10-07 13:41:46.967249+02
20231106,8743,10104.868,2026-10-07 13:41:46.967249+02,2026-10-07 13:41:46.967249+02
20231106,8744,479.194,2026-10-07 13:41:46.967249+02,2026-10-07 13:41:46.967249+02
20231106,8745,515.035,2026-10-07 13:41:46.967249+02,2026-10-07 13:41:46.967249+02
20231107,8741,661901.237,2026-10-07 13:41:46.967249+02,2026-10-07 13:41:46.967249+02
20231107,8742,24646.802,2026-10-07 13:41:46.967249+02,2026-10-07 13:41:46.967249+02
20231107,8743,10393.718,2026-10-07 13:41:46.967249+02,2026-10-07 13:41:46.967249+02
20231107,8744,494.060,2026-10-07 13:41:46.967249+02,2026-10-07 13:41:46.967249+02
20231107,8745,512.309,2026-10-07 13:41:46.967249+02,2026-10-07 13:41:46.967249+02
20231108,8741,649792.924,2026-10-07 13:41:46.967249+02,2026-10-07 13:41:46.967249+02
20231108,8742,24709.186,2026-10-07 13:41:46.967249+02,2026-10-07 13:41:46.967249+02
20231108,8743,10980.787,2026-10-07 13:41:46.967249+02,2026-10-07 13:41:46.967249+02
20231108,8744,496.618,2026-10-07 13:41:46.967249+02,2026-10-07 13:41:46.967249+02
20231108,8745,514.749,2026-10-07 13:41:46.967249+02,2026-10-07 13:41:46.967249+02
20231109,8741,703556.875,2026-10-07 13:41:46.967249+02,2026-10-07 13:41:46.967249+02
20231109,8742,24925.417,2026-10-07 13:41:46.967249+02,2026-10-07 13:41:46.967249+02
20231109,8743,11165.745,2026-10-07 13:41:46.967249+02,2026-10-07 13:41:46.967249+02
20231109,8744,496.436,2026-10-07 13:41:46.967249+02,2026-10-07 13:41:46.967249+02
20231109,8745,518.758,2026-10-07 13:41:46.967249+02,2026-10-07 13:41:46.967249+02
20231110,8741,744296.422,2026-10-07 13:41:46.967249+02,2026-10-07 13:41:46.967249+02
20231110,8742,25089.810,2026-10-07 13:41:46.967249+02,2026-10-07 13:41:46.967249+02
20231110,8743,10655.201,2026-10-07 13:41:46.967249+02,2026-10-07 13:41:46.967249+02
20231110,8744,488.733,2026-10-07 13:41:46.967249+02,2026-10-07 13:41:46.967249+02
20231110,8745,522.553,2026-10-07 13:41:46.967249+02,2026-10-07 13:41:46.967249+02
20231111,8741,687222.614,2026-10-07 13:41:46.967249+02,2026-10-07 13:41:46.967249+02
20231111,8742,24105.757,2026-10-07 13:41:46.967249+02,2026-10-07 13:41:46.967249+02
20231111,8743,9859.843,2026-10-07 13:41:46.967249+02,2026-10-07 13:41:46.967249+02
20231111,8744,480.824,2026-10-07 13:41:46.967249+02,2026-10-07 13:41:46.967249+02
20231111,8745,501.746,2026-10-07 13:41:46.967249+02,2026-10-07 13:41:46.967249+02
20231112,8741,634473.774,2026-10-07 13:41:46.967249+02,2026-10-07 13:41:46.967249+02
20231112,8742,22733.350,2026-10-07 13:41:46.967249+02,2026-10-07 13:41:46.967249+02
20231112,8743,9167.962,2026-10-07 13:41:46.967249+02,2026-10-07 13:41:46.967249+02
20231112,8744,467.950,2026-10-07 13:41:46.967249+02,2026-10-07 13:41:46.967249+02
20231112,8745,482.304,2026-10-07 13:41:46.967249+02,2026-10-07 13:41:46.967249+02
20231113,8741,675867.918,2026-10-07 13:41:46.967249+02,2026-10-07 13:41:46.967249+02
20231113,8742,25082.142,2026-10-07 13:41:46.967249+02,2026-10-07 13:41:46.967249+02
20231113,8743,11635.084,2026-10-07 13:41:46.967249+02,2026-10-07 13:41:46.967249+02
20231113,8744,488.518,2026-10-07 13:41:46.967249+02,2026-10-07 13:41:46.967249+02
20231113,8745,528.915,2026-10-07 13:41:46.967249+02,2026-10-07 13:41:46.967249+02
20231114,8741,679565.430,2026-10-07 13:41:46.967249+02,2026-10-07 13:41:46.967249+02
20231114,8742,25535.133,2026-10-07 13:41:46.967249+02,2026-10-07 13:41:46.967249+02
20231114,8743,12388.996,2026-10-07 13:41:46.967249+02,2026-10-07 13:41:46.967249+02
20231114,8744,497.352,2026-10-07 13:41:46.967249+02,2026-10-07 13:41:46.967249+02
20231114,8745,532.037,2026-10-07 13:41:46.967249+02,2026-10-07 13:41:46.967249+02
20231115,8741,640662.552,2026-10-07 13:41:46.967249+02,2026-10-07 13:41:46.967249+02
20231115,8742,25867.353,2026-10-07 13:41:46.967249+02,2026-10-07 13:41:46.967249+02
20231115,8743,12321.227,2026-10-07 13:41:46.967249+02,2026-10-07 13:41:46.967249+02
20231115,8744,493.068,2026-10-07 13:41:46.967249+02,2026-10-07 13:41:46.967249+02
20231115,8745,487.843,2026-10-07 13:41:46.967249+02,2026-10-07 13:41:46.967249+02
20231116,8741,672805.093,2026-10-07 13:41:46.967249+02,2026-10-07 13:41:46.967249+02
20231116,8742,25640.974,2026-10-07 13:41:46.967249+02,2026-10-07 13:41:46.967249+02
20231116,8743,12447.674,2026-10-07 13:41:46.967249+02,2026-10-07 13:41:46.967249+02
20231116,8744,494.268,2026-10-07 13:41:46.967249+02,2026-10-07 13:41:46.967249+02
20231116,8745,505.502,2026-10-07 13:41:46.967249+02,2026-10-07 13:41:46.967249+02
20231117,8741,661500.899,2026-10-07 13:41:46.967249+02,2026-10-07 13:41:46.967249+02
20231117,8742,25322.247,2026-10-07 13:41:46.967249+02,2026-10-07 13:41:46.967249+02
20231117,8743,11973.326,2026-10-07 13:41:46.967249+02,2026-10-07 13:41:46.967249+02
20231117,8744,491.879,2026-10-07 13:41:46.967249+02,2026-10-07 13:41:46.967249+02
20231117,8745,510.748,2026-10-07 13:41:46.967249+02,2026-10-07 13:41:46.967249+02
20231118,8741,589130.144,2026-10-07 13:41:46.967249+02,2026-10-07 13:41:46.967249+02
20231118,8742,24009.156,2026-10-07 13:41:46.967249+02,2026-10-07 13:41:46.967249+02
20231118,8743,9584.104,2026-10-07 13:41:46.967249+02,2026-10-07 13:41:46.967249+02
20231118,8744,482.845,2026-10-07 13:41:46.967249+02,2026-10-07 13:41:46.967249+02
20231118,8745,488.720,2026-10-07 13:41:46.967249+02,2026-10-07 13:41:46.967249+02
20231119,8741,511072.858,2026-10-07 13:41:46.967249+02,2026-10-07 13:41:46.967249+02
20231119,8742,22843.421,2026-10-07 13:41:46.967249+02,2026-10-07 13:41:46.967249+02
20231119,8743,9037.309,2026-10-07 13:41:46.967249+02,2026-10-07 13:41:46.967249+02
20231119,8744,471.098,2026-10-07 13:41:46.967249+02,2026-10-07 13:41:46.967249+02
20231119,8745,472.813,2026-10-07 13:41:46.967249+02,2026-10-07 13:41:46.967249+02
20231120,8741,651066.746,2026-10-07 13:41:46.967249+02,2026-10-07 13:41:46.967249+02
20231120,8742,25109.297,2026-10-07 13:41:46.967249+02,2026-10-07 13:41:46.967249+02
20231120,8743,10277.714,2026-10-07 13:41:46.967249+02,2026-10-07 13:41:46.967249+02
20231120,8744,487.675,2026-10-07 13:41:46.967249+02,2026-10-07 13:41:46.967249+02
20231120,8745,506.396,2026-10-07 13:41:46.967249+02,2026-10-07 13:41:46.967249+02
20231121,8741,750692.170,2026-10-07 13:41:46.967249+02,2026-10-07 13:41:46.967249+02
20231121,8742,25645.882,2026-10-07 13:41:46.967249+02,2026-10-07 13:41:46.967249+02
20231121,8743,10446.677,2026-10-07 13:41:46.967249+02,2026-10-07 13:41:46.967249+02
20231121,8744,499.589,2026-10-07 13:41:46.967249+02,2026-10-07 13:41:46.967249+02
20231121,8745,514.838,2026-10-07 13:41:46.967249+02,2026-10-07 13:41:46.967249+02
20231122,8741,771367.569,2026-10-07 13:41:46.967249+02,2026-10-07 13:41:46.967249+02
20231122,8742,25253.675,2026-10-07 13:41:46.967249+02,2026-10-07 13:41:46.967249+02
20231122,8743,10874.631,2026-10-07 13:41:46.967249+02,2026-10-07 13:41:46.967249+02
20231122,8744,497.664,2026-10-07 13:41:46.967249+02,2026-10-07 13:41:46.967249+02
20231122,8745,512.548,2026-10-07 13:41:46.967249+02,2026-10-07 13:41:46.967249+02
20231123,8741,758588.377,2026-10-07 13:41:46.967249+02,2026-10-07 13:41:46.967249+02
20231123,8742,25170.178,2026-10-07 13:41:46.967249+02,2026-10-07 13:41:46.967249+02
20231123,8743,10181.538,2026-10-07 13:41:46.967249+02,2026-10-07 13:41:46.967249+02
20231123,8744,494.746,2026-10-07 13:41:46.967249+02,2026-10-07 13:41:46.967249+02
20231123,8745,510.836,2026-10-07 13:41:46.967249+02,2026-10-07 13:41:46.967249+02
20231124,8741,741013.531,2026-10-07 13:41:46.967249+02,2026-10-07 13:41:46.967249+02
20231124,8742,25059.217,2026-10-07 13:41:46.967249+02,2026-10-07 13:41:46.967249+02
20231124,8743,9724.400,2026-10-07 13:41:46.967249+02,2026-10-07 13:41:46.967249+02
20231124,8744,494.559,2026-10-07 13:41:46.967249+02,2026-10-07 13:41:46.967249+02
20231124,8745,510.032,2026-10-07 13:41:46.967249+02,2026-10-07 13:41:46.967249+02
20231125,8741,647683.055,2026-10-07 13:41:46.967249+02,2026-10-07 13:41:46.967249+02
20231125,8742,23832.358,2026-10-07 13:41:46.967249+02,2026-10-07 13:41:46.967249+02
20231125,8743,9207.262,2026-10-07 13:41:46.967249+02,2026-10-07 13:41:46.967249+02
20231125,8744,479.631,2026-10-07 13:41:46.967249+02,2026-10-07 13:41:46.967249+02
20231125,8745,493.277,2026-10-07 13:41:46.967249+02,2026-10-07 13:41:46.967249+02
20231126,8741,597050.057,2026-10-07 13:41:46.967249+02,2026-10-07 13:41:46.967249+02
20231126,8742,22847.241,2026-10-07 13:41:46.967249+02,2026-10-07 13:41:46.967249+02
20231126,8743,9552.489,2026-10-07 13:41:46.967249+02,2026-10-07 13:41:46.967249+02
20231126,8744,469.448,2026-10-07 13:41:46.967249+02,2026-10-07 13:41:46.967249+02
20231126,8745,486.822,2026-10-07 13:41:46.967249+02,2026-10-07 13:41:46.967249+02
20231127,8741,738418.094,2026-10-07 13:41:46.967249+02,2026-10-07 13:41:46.967249+02
20231127,8742,24695.329,2026-10-07 13:41:46.967249+02,2026-10-07 13:41:46.967249+02
20231127,8743,10256.488,2026-10-07 13:41:46.967249+02,2026-10-07 13:41:46.967249+02
20231127,8744,500.655,2026-10-07 13:41:46.967249+02,2026-10-07 13:41:46.967249+02
20231127,8745,519.212,2026-10-07 13:41:46.967249+02,2026-10-07 13:41:46.967249+02
20231128,8741,745377.477,2026-10-07 13:41:46.967249+02,2026-10-07 13:41:46.967249+02
20231128,8742,24575.885,2026-10-07 13:41:46.967249+02,2026-10-07 13:41:46.967249+02
20231128,8743,10733.328,2026-10-07 13:41:46.967249+02,2026-10-07 13:41:46.967249+02
20231128,8744,510.678,2026-10-07 13:41:46.967249+02,2026-10-07 13:41:46.967249+02
20231128,8745,530.963,2026-10-07 13:41:46.967249+02,2026-10-07 13:41:46.967249+02
20231129,8741,738008.490,2026-10-07 13:41:46.967249+02,2026-10-07 13:41:46.967249+02
20231129,8742,24724.585,2026-10-07 13:41:46.967249+02,2026-10-07 13:41:46.967249+02
20231129,8743,9621.531,2026-10-07 13:41:46.967249+02,2026-10-07 13:41:46.967249+02
20231129,8744,511.929,2026-10-07 13:41:46.967249+02,2026-10-07 13:41:46.967249+02
20231129,8745,527.495,2026-10-07 13:41:46.967249+02,2026-10-07 13:41:46.967249+02
20231130,8741,765275.334,2026-10-07 13:41:46.967249+02,2026-10-07 13:41:46.967249+02
20231130,8742,24964.382,2026-10-07 13:41:46.967249+02,2026-10-07 13:41:46.967249+02
20231130,8743,10024.420,2026-10-07 13:41:46.967249+02,2026-10-07 13:41:46.967249+02
20231130,8744,496.502,2026-10-07 13:41:46.967249+02,2026-10-07 13:41:46.967249+02
20231130,8745,526.800,2026-10-07 13:41:46.967249+02,2026-10-07 13:41:46.967249+02
20231201,8741,761660.369,2026-10-07 13:41:46.967249+02,2026-10-07 13:41:46.967249+02
20231201,8742,24785.226,2026-10-07 13:41:46.967249+02,2026-10-07 13:41:46.967249+02
20231201,8743,9094.384,2026-10-07 13:41:46.967249+02,2026-10-07 13:41:46.967249+02
20231201,8744,486.907,2026-10-07 13:41:46.967249+02,2026-10-07 13:41:46.967249+02
20231201,8745,521.900,2026-10-07 13:41:46.967249+02,2026-10-07 13:41:46.967249+02
20231202,8741,698851.825,2026-10-07 13:41:46.967249+02,2026-10-07 13:41:46.967249+02
20231202,8742,23689.825,2026-10-07 13:41:46.967249+02,2026-10-07 13:41:46.967249+02
20231202,8743,9026.697,2026-10-07 13:41:46.967249+02,2026-10-07 13:41:46.967249+02
20231202,8744,488.477,2026-10-07 13:41:46.967249+02,2026-10-07 13:41:46.967249+02
20231202,8745,502.132,2026-10-07 13:41:46.967249+02,2026-10-07 13:41:46.967249+02
20231203,8741,662338.999,2026-10-07 13:41:46.967249+02,2026-10-07 13:41:46.967249+02
20231203,8742,22603.642,2026-10-07 13:41:46.967249+02,2026-10-07 13:41:46.967249+02
20231203,8743,8744.743,2026-10-07 13:41:46.967249+02,2026-10-07 13:41:46.967249+02
20231203,8744,480.391,2026-10-07 13:41:46.967249+02,2026-10-07 13:41:46.967249+02
20231203,8745,491.926,2026-10-07 13:41:46.967249+02,2026-10-07 13:41:46.967249+02
20231204,8741,773196.057,2026-10-07 13:41:46.967249+02,2026-10-07 13:41:46.967249+02
20231204,8742,24200.992,2026-10-07 13:41:46.967249+02,2026-10-07 13:41:46.967249+02
20231204,8743,10377.492,2026-10-07 13:41:46.967249+02,2026-10-07 13:41:46.967249+02
20231204,8744,499.167,2026-10-07 13:41:46.967249+02,2026-10-07 13:41:46.967249+02
20231204,8745,523.572,2026-10-07 13:41:46.967249+02,2026-10-07 13:41:46.967249+02
20231205,8741,707958.405,2026-10-07 13:41:46.967249+02,2026-10-07 13:41:46.967249+02
20231205,8742,24606.754,2026-10-07 13:41:46.967249+02,2026-10-07 13:41:46.967249+02
20231205,8743,10987.144,2026-10-07 13:41:46.967249+02,2026-10-07 13:41:46.967249+02
20231205,8744,492.091,2026-10-07 13:41:46.967249+02,2026-10-07 13:41:46.967249+02
20231205,8745,522.507,2026-10-07 13:41:46.967249+02,2026-10-07 13:41:46.967249+02
20231206,8741,676854.614,2026-10-07 13:41:46.967249+02,2026-10-07 13:41:46.967249+02
20231206,8742,23391.813,2026-10-07 13:41:46.967249+02,2026-10-07 13:41:46.967249+02
20231206,8743,9647.195,2026-10-07 13:41:46.967249+02,2026-10-07 13:41:46.967249+02
20231206,8744,495.146,2026-10-07 13:41:46.967249+02,2026-10-07 13:41:46.967249+02
20231206,8745,482.254,2026-10-07 13:41:46.967249+02,2026-10-07 13:41:46.967249+02
20231207,8741,699157.838,2026-10-07 13:41:46.967249+02,2026-10-07 13:41:46.967249+02
20231207,8742,24035.955,2026-10-07 13:41:46.967249+02,2026-10-07 13:41:46.967249+02
20231207,8743,9820.419,2026-10-07 13:41:46.967249+02,2026-10-07 13:41:46.967249+02
20231207,8744,473.703,2026-10-07 13:41:46.967249+02,2026-10-07 13:41:46.967249+02
20231207,8745,505.157,2026-10-07 13:41:46.967249+02,2026-10-07 13:41:46.967249+02
20231208,8741,722266.724,2026-10-07 13:41:46.967249+02,2026-10-07 13:41:46.967249+02
20231208,8742,22634.485,2026-10-07 13:41:46.967249+02,2026-10-07 13:41:46.967249+02
20231208,8743,9242.267,2026-10-07 13:41:46.967249+02,2026-10-07 13:41:46.967249+02
20231208,8744,441.476,2026-10-07 13:41:46.967249+02,2026-10-07 13:41:46.967249+02
20231208,8745,467.321,2026-10-07 13:41:46.967249+02,2026-10-07 13:41:46.967249+02
20231209,8741,697204.517,2026-10-07 13:41:46.967249+02,2026-10-07 13:41:46.967249+02
20231209,8742,22805.903,2026-10-07 13:41:46.967249+02,2026-10-07 13:41:46.967249+02
20231209,8743,8981.341,2026-10-07 13:41:46.967249+02,2026-10-07 13:41:46.967249+02
20231209,8744,456.124,2026-10-07 13:41:46.967249+02,2026-10-07 13:41:46.967249+02
20231209,8745,480.924,2026-10-07 13:41:46.967249+02,2026-10-07 13:41:46.967249+02
20231210,8741,643639.751,2026-10-07 13:41:46.967249+02,2026-10-07 13:41:46.967249+02
20231210,8742,22456.699,2026-10-07 13:41:46.967249+02,2026-10-07 13:41:46.967249+02
20231210,8743,8468.060,2026-10-07 13:41:46.967249+02,2026-10-07 13:41:46.967249+02
20231210,8744,472.196,2026-10-07 13:41:46.967249+02,2026-10-07 13:41:46.967249+02
20231210,8745,485.689,2026-10-07 13:41:46.967249+02,2026-10-07 13:41:46.967249+02
20231211,8741,723199.716,2026-10-07 13:41:46.967249+02,2026-10-07 13:41:46.967249+02
20231211,8742,24207.267,2026-10-07 13:41:46.967249+02,2026-10-07 13:41:46.967249+02
20231211,8743,9441.202,2026-10-07 13:41:46.967249+02,2026-10-07 13:41:46.967249+02
20231211,8744,495.275,2026-10-07 13:41:46.967249+02,2026-10-07 13:41:46.967249+02
20231211,8745,518.030,2026-10-07 13:41:46.967249+02,2026-10-07 13:41:46.967249+02
20231212,8741,785229.711,2026-10-07 13:41:46.967249+02,2026-10-07 13:41:46.967249+02
20231212,8742,24352.369,2026-10-07 13:41:46.967249+02,2026-10-07 13:41:46.967249+02
20231212,8743,9529.785,2026-10-07 13:41:46.967249+02,2026-10-07 13:41:46.967249+02
20231212,8744,502.654,2026-10-07 13:41:46.967249+02,2026-10-07 13:41:46.967249+02
20231212,8745,507.129,2026-10-07 13:41:46.967249+02,2026-10-07 13:41:46.967249+02
20231213,8741,816595.279,2026-10-07 13:41:46.967249+02,2026-10-07 13:41:46.967249+02
20231213,8742,24470.776,2026-10-07 13:41:46.967249+02,2026-10-07 13:41:46.967249+02
20231213,8743,9469.072,2026-10-07 13:41:46.967249+02,2026-10-07 13:41:46.967249+02
20231213,8744,523.735,2026-10-07 13:41:46.967249+02,2026-10-07 13:41:46.967249+02
20231213,8745,526.542,2026-10-07 13:41:46.967249+02,2026-10-07 13:41:46.967249+02
20231214,8741,808715.255,2026-10-07 13:41:46.967249+02,2026-10-07 13:41:46.967249+02
20231214,8742,24694.319,2026-10-07 13:41:46.967249+02,2026-10-07 13:41:46.967249+02
20231214,8743,9333.416,2026-10-07 13:41:46.967249+02,2026-10-07 13:41:46.967249+02
20231214,8744,507.912,2026-10-07 13:41:46.967249+02,2026-10-07 13:41:46.967249+02
20231214,8745,526.252,2026-10-07 13:41:46.967249+02,2026-10-07 13:41:46.967249+02
20231215,8741,774296.643,2026-10-07 13:41:46.967249+02,2026-10-07 13:41:46.967249+02
20231215,8742,24508.473,2026-10-07 13:41:46.967249+02,2026-10-07 13:41:46.967249+02
20231215,8743,11154.157,2026-10-07 13:41:46.967249+02,2026-10-07 13:41:46.967249+02
20231215,8744,517.011,2026-10-07 13:41:46.967249+02,2026-10-07 13:41:46.967249+02
20231215,8745,527.182,2026-10-07 13:41:46.967249+02,2026-10-07 13:41:46.967249+02
20231216,8741,653218.703,2026-10-07 13:41:46.967249+02,2026-10-07 13:41:46.967249+02
20231216,8742,23374.538,2026-10-07 13:41:46.967249+02,2026-10-07 13:41:46.967249+02
20231216,8743,10671.875,2026-10-07 13:41:46.967249+02,2026-10-07 13:41:46.967249+02
20231216,8744,506.588,2026-10-07 13:41:46.967249+02,2026-10-07 13:41:46.967249+02
20231216,8745,509.093,2026-10-07 13:41:46.967249+02,2026-10-07 13:41:46.967249+02
20231217,8741,590782.026,2026-10-07 13:41:46.967249+02,2026-10-07 13:41:46.967249+02
20231217,8742,22488.304,2026-10-07 13:41:46.967249+02,2026-10-07 13:41:46.967249+02
20231217,8743,10565.256,2026-10-07 13:41:46.967249+02,2026-10-07 13:41:46.967249+02
20231217,8744,497.073,2026-10-07 13:41:46.967249+02,2026-10-07 13:41:46.967249+02
20231217,8745,506.395,2026-10-07 13:41:46.967249+02,2026-10-07 13:41:46.967249+02
20231218,8741,684080.494,2026-10-07 13:41:46.967249+02,2026-10-07 13:41:46.967249+02
20231218,8742,24280.842,2026-10-07 13:41:46.967249+02,2026-10-07 13:41:46.967249+02
20231218,8743,12139.947,2026-10-07 13:41:46.967249+02,2026-10-07 13:41:46.967249+02
20231218,8744,527.560,2026-10-07 13:41:46.967249+02,2026-10-07 13:41:46.967249+02
20231218,8745,555.512,2026-10-07 13:41:46.967249+02,2026-10-07 13:41:46.967249+02
20231219,8741,725929.520,2026-10-07 13:41:46.967249+02,2026-10-07 13:41:46.967249+02
20231219,8742,24565.348,2026-10-07 13:41:46.967249+02,2026-10-07 13:41:46.967249+02
20231219,8743,12301.407,2026-10-07 13:41:46.967249+02,2026-10-07 13:41:46.967249+02
20231219,8744,529.221,2026-10-07 13:41:46.967249+02,2026-10-07 13:41:46.967249+02
20231219,8745,563.079,2026-10-07 13:41:46.967249+02,2026-10-07 13:41:46.967249+02
20231220,8741,796301.844,2026-10-07 13:41:46.967249+02,2026-10-07 13:41:46.967249+02
20231220,8742,24860.426,2026-10-07 13:41:46.967249+02,2026-10-07 13:41:46.967249+02
20231220,8743,11233.903,2026-10-07 13:41:46.967249+02,2026-10-07 13:41:46.967249+02
20231220,8744,538.781,2026-10-07 13:41:46.967249+02,2026-10-07 13:41:46.967249+02
20231220,8745,560.141,2026-10-07 13:41:46.967249+02,2026-10-07 13:41:46.967249+02
20231221,8741,735704.618,2026-10-07 13:41:46.967249+02,2026-10-07 13:41:46.967249+02
20231221,8742,24925.498,2026-10-07 13:41:46.967249+02,2026-10-07 13:41:46.967249+02
20231221,8743,10168.080,2026-10-07 13:41:46.967249+02,2026-10-07 13:41:46.967249+02
20231221,8744,530.542,2026-10-07 13:41:46.967249+02,2026-10-07 13:41:46.967249+02
20231221,8745,526.651,2026-10-07 13:41:46.967249+02,2026-10-07 13:41:46.967249+02
20231222,8741,704502.766,2026-10-07 13:41:46.967249+02,2026-10-07 13:41:46.967249+02
20231222,8742,24827.242,2026-10-07 13:41:46.967249+02,2026-10-07 13:41:46.967249+02
20231222,8743,9748.847,2026-10-07 13:41:46.967249+02,2026-10-07 13:41:46.967249+02
20231222,8744,515.298,2026-10-07 13:41:46.967249+02,2026-10-07 13:41:46.967249+02
20231222,8745,515.381,2026-10-07 13:41:46.967249+02,2026-10-07 13:41:46.967249+02
20231223,8741,630910.911,2026-10-07 13:41:46.967249+02,2026-10-07 13:41:46.967249+02
20231223,8742,24177.173,2026-10-07 13:41:46.967249+02,2026-10-07 13:41:46.967249+02
20231223,8743,9904.558,2026-10-07 13:41:46.967249+02,2026-10-07 13:41:46.967249+02
20231223,8744,504.712,2026-10-07 13:41:46.967249+02,2026-10-07 13:41:46.967249+02
20231223,8745,493.609,2026-10-07 13:41:46.967249+02,2026-10-07 13:41:46.967249+02
20231224,8741,556643.885,2026-10-07 13:41:46.967249+02,2026-10-07 13:41:46.967249+02
20231224,8742,23529.645,2026-10-07 13:41:46.967249+02,2026-10-07 13:41:46.967249+02
20231224,8743,9828.847,2026-10-07 13:41:46.967249+02,2026-10-07 13:41:46.967249+02
20231224,8744,491.427,2026-10-07 13:41:46.967249+02,2026-10-07 13:41:46.967249+02
20231224,8745,511.454,2026-10-07 13:41:46.967249+02,2026-10-07 13:41:46.967249+02
20231225,8741,544730.653,2026-10-07 13:41:46.967249+02,2026-10-07 13:41:46.967249+02
20231225,8742,21530.376,2026-10-07 13:41:46.967249+02,2026-10-07 13:41:46.967249+02
20231225,8743,9622.531,2026-10-07 13:41:46.967249+02,2026-10-07 13:41:46.967249+02
20231225,8744,462.596,2026-10-07 13:41:46.967249+02,2026-10-07 13:41:46.967249+02
20231225,8745,492.928,2026-10-07 13:41:46.967249+02,2026-10-07 13:41:46.967249+02
20231226,8741,593892.068,2026-10-07 13:41:46.967249+02,2026-10-07 13:41:46.967249+02
20231226,8742,24283.567,2026-10-07 13:41:46.967249+02,2026-10-07 13:41:46.967249+02
20231226,8743,9682.896,2026-10-07 13:41:46.967249+02,2026-10-07 13:41:46.967249+02
20231226,8744,489.667,2026-10-07 13:41:46.967249+02,2026-10-07 13:41:46.967249+02
20231226,8745,548.315,2026-10-07 13:41:46.967249+02,2026-10-07 13:41:46.967249+02
20231227,8741,640298.225,2026-10-07 13:41:46.967249+02,2026-10-07 13:41:46.967249+02
20231227,8742,24617.605,2026-10-07 13:41:46.967249+02,2026-10-07 13:41:46.967249+02
20231227,8743,10664.441,2026-10-07 13:41:46.967249+02,2026-10-07 13:41:46.967249+02
20231227,8744,504.869,2026-10-07 13:41:46.967249+02,2026-10-07 13:41:46.967249+02
20231227,8745,563.044,2026-10-07 13:41:46.967249+02,2026-10-07 13:41:46.967249+02
20231228,8741,607953.514,2026-10-07 13:41:46.967249+02,2026-10-07 13:41:46.967249+02
20231228,8742,24713.097,2026-10-07 13:41:46.967249+02,2026-10-07 13:41:46.967249+02
20231228,8743,10360.222,2026-10-07 13:41:46.967249+02,2026-10-07 13:41:46.967249+02
20231228,8744,508.919,2026-10-07 13:41:46.967249+02,2026-10-07 13:41:46.967249+02
20231228,8745,559.133,2026-10-07 13:41:46.967249+02,2026-10-07 13:41:46.967249+02
20231229,8741,611902.393,2026-10-07 13:41:46.967249+02,2026-10-07 13:41:46.967249+02
20231229,8742,24551.754,2026-10-07 13:41:46.967249+02,2026-10-07 13:41:46.967249+02
20231229,8743,10012.431,2026-10-07 13:41:46.967249+02,2026-10-07 13:41:46.967249+02
20231229,8744,498.149,2026-10-07 13:41:46.967249+02,2026-10-07 13:41:46.967249+02
20231229,8745,549.328,2026-10-07 13:41:46.967249+02,2026-10-07 13:41:46.967249+02
20231230,8741,581899.579,2026-10-07 13:41:46.967249+02,2026-10-07 13:41:46.967249+02
20231230,8742,23903.962,2026-10-07 13:41:46.967249+02,2026-10-07 13:41:46.967249+02
20231230,8743,9808.638,2026-10-07 13:41:46.967249+02,2026-10-07 13:41:46.967249+02
20231230,8744,498.320,2026-10-07 13:41:46.967249+02,2026-10-07 13:41:46.967249+02
20231230,8745,522.797,2026-10-07 13:41:46.967249+02,2026-10-07 13:41:46.967249+02
20231231,8741,617167.043,2026-10-07 13:41:46.967249+02,2026-10-07 13:41:46.967249+02
20231231,8742,23856.053,2026-10-07 13:41:46.967249+02,2026-10-07 13:41:46.967249+02
20231231,8743,9943.988,2026-10-07 13:41:46.967249+02,2026-10-07 13:41:46.967249+02
20231231,8744,487.977,2026-10-07 13:41:46.967249+02,2026-10-07 13:41:46.967249+02
20231231,8745,520.220,2026-10-07 13:41:46.967249+02,2026-10-07 13:41:46.967249+02
20240101,8741,567388.888,2026-10-07 13:41:46.967249+02,2026-10-07 13:41:46.967249+02
20240101,8742,21792.011,2026-10-07 13:41:46.967249+02,2026-10-07 13:41:46.967249+02
20240101,8743,9895.417,2026-10-07 13:41:46.967249+02,2026-10-07 13:41:46.967249+02
20240101,8744,442.446,2026-10-07 13:41:46.967249+02,2026-10-07 13:41:46.967249+02
20240101,8745,477.534,2026-10-07 13:41:46.967249+02,2026-10-07 13:41:46.967249+02
20240102,8741,700587.549,2026-10-07 13:41:46.967249+02,2026-10-07 13:41:46.967249+02
20240102,8742,24486.708,2026-10-07 13:41:46.967249+02,2026-10-07 13:41:46.967249+02
20240102,8743,10267.526,2026-10-07 13:41:46.967249+02,2026-10-07 13:41:46.967249+02
20240102,8744,486.432,2026-10-07 13:41:46.967249+02,2026-10-07 13:41:46.967249+02
20240102,8745,520.875,2026-10-07 13:41:46.967249+02,2026-10-07 13:41:46.967249+02
20240103,8741,706182.968,2026-10-07 13:41:46.967249+02,2026-10-07 13:41:46.967249+02
20240103,8742,24837.235,2026-10-07 13:41:46.967249+02,2026-10-07 13:41:46.967249+02
20240103,8743,9503.087,2026-10-07 13:41:46.967249+02,2026-10-07 13:41:46.967249+02
20240103,8744,485.791,2026-10-07 13:41:46.967249+02,2026-10-07 13:41:46.967249+02
20240103,8745,523.211,2026-10-07 13:41:46.967249+02,2026-10-07 13:41:46.967249+02
20240104,8741,625040.084,2026-10-07 13:41:46.967249+02,2026-10-07 13:41:46.967249+02
20240104,8742,24969.599,2026-10-07 13:41:46.967249+02,2026-10-07 13:41:46.967249+02
20240104,8743,9749.222,2026-10-07 13:41:46.967249+02,2026-10-07 13:41:46.967249+02
20240104,8744,487.030,2026-10-07 13:41:46.967249+02,2026-10-07 13:41:46.967249+02
20240104,8745,529.844,2026-10-07 13:41:46.967249+02,2026-10-07 13:41:46.967249+02
20240105,8741,740331.823,2026-10-07 13:41:46.967249+02,2026-10-07 13:41:46.967249+02
20240105,8742,24687.111,2026-10-07 13:41:46.967249+02,2026-10-07 13:41:46.967249+02
20240105,8743,10434.314,2026-10-07 13:41:46.967249+02,2026-10-07 13:41:46.967249+02
20240105,8744,489.655,2026-10-07 13:41:46.967249+02,2026-10-07 13:41:46.967249+02
20240105,8745,538.098,2026-10-07 13:41:46.967249+02,2026-10-07 13:41:46.967249+02
20240106,8741,742131.463,2026-10-07 13:41:46.967249+02,2026-10-07 13:41:46.967249+02
20240106,8742,22222.781,2026-10-07 13:41:46.967249+02,2026-10-07 13:41:46.967249+02
20240106,8743,9635.326,2026-10-07 13:41:46.967249+02,2026-10-07 13:41:46.967249+02
20240106,8744,477.294,2026-10-07 13:41:46.967249+02,2026-10-07 13:41:46.967249+02
20240106,8745,496.915,2026-10-07 13:41:46.967249+02,2026-10-07 13:41:46.967249+02
20240107,8741,730967.886,2026-10-07 13:41:46.967249+02,2026-10-07 13:41:46.967249+02
20240107,8742,22794.387,2026-10-07 13:41:46.967249+02,2026-10-07 13:41:46.967249+02
20240107,8743,9487.114,2026-10-07 13:41:46.967249+02,2026-10-07 13:41:46.967249+02
20240107,8744,499.436,2026-10-07 13:41:46.967249+02,2026-10-07 13:41:46.967249+02
20240107,8745,515.811,2026-10-07 13:41:46.967249+02,2026-10-07 13:41:46.967249+02
20240108,8741,801868.047,2026-10-07 13:41:46.967249+02,2026-10-07 13:41:46.967249+02
20240108,8742,24643.063,2026-10-07 13:41:46.967249+02,2026-10-07 13:41:46.967249+02
20240108,8743,11650.436,2026-10-07 13:41:46.967249+02,2026-10-07 13:41:46.967249+02
20240108,8744,536.957,2026-10-07 13:41:46.967249+02,2026-10-07 13:41:46.967249+02
20240108,8745,565.672,2026-10-07 13:41:46.967249+02,2026-10-07 13:41:46.967249+02
20240109,8741,761505.593,2026-10-07 13:41:46.967249+02,2026-10-07 13:41:46.967249+02
20240109,8742,24734.766,2026-10-07 13:41:46.967249+02,2026-10-07 13:41:46.967249+02
20240109,8743,12984.327,2026-10-07 13:41:46.967249+02,2026-10-07 13:41:46.967249+02
20240109,8744,569.700,2026-10-07 13:41:46.967249+02,2026-10-07 13:41:46.967249+02
20240109,8745,583.621,2026-10-07 13:41:46.967249+02,2026-10-07 13:41:46.967249+02
20240110,8741,770880.554,2026-10-07 13:41:46.967249+02,2026-10-07 13:41:46.967249+02
20240110,8742,24921.311,2026-10-07 13:41:46.967249+02,2026-10-07 13:41:46.967249+02
20240110,8743,13219.923,2026-10-07 13:41:46.967249+02,2026-10-07 13:41:46.967249+02
20240110,8744,540.486,2026-10-07 13:41:46.967249+02,2026-10-07 13:41:46.967249+02
20240110,8745,569.840,2026-10-07 13:41:46.967249+02,2026-10-07 13:41:46.967249+02
20240111,8741,814562.497,2026-10-07 13:41:46.967249+02,2026-10-07 13:41:46.967249+02
20240111,8742,25016.599,2026-10-07 13:41:46.967249+02,2026-10-07 13:41:46.967249+02
20240111,8743,11930.593,2026-10-07 13:41:46.967249+02,2026-10-07 13:41:46.967249+02
20240111,8744,540.573,2026-10-07 13:41:46.967249+02,2026-10-07 13:41:46.967249+02
20240111,8745,566.180,2026-10-07 13:41:46.967249+02,2026-10-07 13:41:46.967249+02
20240112,8741,757516.828,2026-10-07 13:41:46.967249+02,2026-10-07 13:41:46.967249+02
20240112,8742,24794.191,2026-10-07 13:41:46.967249+02,2026-10-07 13:41:46.967249+02
20240112,8743,11167.760,2026-10-07 13:41:46.967249+02,2026-10-07 13:41:46.967249+02
20240112,8744,525.878,2026-10-07 13:41:46.967249+02,2026-10-07 13:41:46.967249+02
20240112,8745,564.042,2026-10-07 13:41:46.967249+02,2026-10-07 13:41:46.967249+02
20240113,8741,677167.729,2026-10-07 13:41:46.967249+02,2026-10-07 13:41:46.967249+02
20240113,8742,23626.929,2026-10-07 13:41:46.967249+02,2026-10-07 13:41:46.967249+02
20240113,8743,10731.033,2026-10-07 13:41:46.967249+02,2026-10-07 13:41:46.967249+02
20240113,8744,542.748,2026-10-07 13:41:46.967249+02,2026-10-07 13:41:46.967249+02
20240113,8745,532.463,2026-10-07 13:41:46.967249+02,2026-10-07 13:41:46.967249+02
20240114,8741,702510.445,2026-10-07 13:41:46.967249+02,2026-10-07 13:41:46.967249+02
20240114,8742,22650.652,2026-10-07 13:41:46.967249+02,2026-10-07 13:41:46.967249+02
20240114,8743,9966.186,2026-10-07 13:41:46.967249+02,2026-10-07 13:41:46.967249+02
20240114,8744,508.750,2026-10-07 13:41:46.967249+02,2026-10-07 13:41:46.967249+02
20240114,8745,508.369,2026-10-07 13:41:46.967249+02,2026-10-07 13:41:46.967249+02
20240115,8741,739250.759,2026-10-07 13:41:46.967249+02,2026-10-07 13:41:46.967249+02
20240115,8742,24922.809,2026-10-07 13:41:46.967249+02,2026-10-07 13:41:46.967249+02
20240115,8743,12270.674,2026-10-07 13:41:46.967249+02,2026-10-07 13:41:46.967249+02
20240115,8744,497.833,2026-10-07 13:41:46.967249+02,2026-10-07 13:41:46.967249+02
20240115,8745,553.790,2026-10-07 13:41:46.967249+02,2026-10-07 13:41:46.967249+02
20240116,8741,749329.162,2026-10-07 13:41:46.967249+02,2026-10-07 13:41:46.967249+02
20240116,8742,24827.769,2026-10-07 13:41:46.967249+02,2026-10-07 13:41:46.967249+02
20240116,8743,11553.538,2026-10-07 13:41:46.967249+02,2026-10-07 13:41:46.967249+02
20240116,8744,516.287,2026-10-07 13:41:46.967249+02,2026-10-07 13:41:46.967249+02
20240116,8745,563.418,2026-10-07 13:41:46.967249+02,2026-10-07 13:41:46.967249+02
20240117,8741,807082.597,2026-10-07 13:41:46.967249+02,2026-10-07 13:41:46.967249+02
20240117,8742,25105.925,2026-10-07 13:41:46.967249+02,2026-10-07 13:41:46.967249+02
20240117,8743,10458.577,2026-10-07 13:41:46.967249+02,2026-10-07 13:41:46.967249+02
20240117,8744,530.635,2026-10-07 13:41:46.967249+02,2026-10-07 13:41:46.967249+02
20240117,8745,544.155,2026-10-07 13:41:46.967249+02,2026-10-07 13:41:46.967249+02
20240118,8741,753087.516,2026-10-07 13:41:46.967249+02,2026-10-07 13:41:46.967249+02
20240118,8742,25038.165,2026-10-07 13:41:46.967249+02,2026-10-07 13:41:46.967249+02
20240118,8743,10192.396,2026-10-07 13:41:46.967249+02,2026-10-07 13:41:46.967249+02
20240118,8744,521.427,2026-10-07 13:41:46.967249+02,2026-10-07 13:41:46.967249+02
20240118,8745,539.069,2026-10-07 13:41:46.967249+02,2026-10-07 13:41:46.967249+02
20240119,8741,740959.207,2026-10-07 13:41:46.967249+02,2026-10-07 13:41:46.967249+02
20240119,8742,24711.704,2026-10-07 13:41:46.967249+02,2026-10-07 13:41:46.967249+02
20240119,8743,10297.842,2026-10-07 13:41:46.967249+02,2026-10-07 13:41:46.967249+02
20240119,8744,523.655,2026-10-07 13:41:46.967249+02,2026-10-07 13:41:46.967249+02
20240119,8745,545.204,2026-10-07 13:41:46.967249+02,2026-10-07 13:41:46.967249+02
20240120,8741,652373.953,2026-10-07 13:41:46.967249+02,2026-10-07 13:41:46.967249+02
20240120,8742,23423.576,2026-10-07 13:41:46.967249+02,2026-10-07 13:41:46.967249+02
20240120,8743,10188.404,2026-10-07 13:41:46.967249+02,2026-10-07 13:41:46.967249+02
20240120,8744,526.493,2026-10-07 13:41:46.967249+02,2026-10-07 13:41:46.967249+02
20240120,8745,514.783,2026-10-07 13:41:46.967249+02,2026-10-07 13:41:46.967249+02
20240121,8741,654382.276,2026-10-07 13:41:46.967249+02,2026-10-07 13:41:46.967249+02
20240121,8742,22423.720,2026-10-07 13:41:46.967249+02,2026-10-07 13:41:46.967249+02
20240121,8743,10038.254,2026-10-07 13:41:46.967249+02,2026-10-07 13:41:46.967249+02
20240121,8744,502.140,2026-10-07 13:41:46.967249+02,2026-10-07 13:41:46.967249+02
20240121,8745,500.691,2026-10-07 13:41:46.967249+02,2026-10-07 13:41:46.967249+02
20240122,8741,754081.179,2026-10-07 13:41:46.967249+02,2026-10-07 13:41:46.967249+02
20240122,8742,24432.351,2026-10-07 13:41:46.967249+02,2026-10-07 13:41:46.967249+02
20240122,8743,10534.193,2026-10-07 13:41:46.967249+02,2026-10-07 13:41:46.967249+02
20240122,8744,522.812,2026-10-07 13:41:46.967249+02,2026-10-07 13:41:46.967249+02
20240122,8745,544.415,2026-10-07 13:41:46.967249+02,2026-10-07 13:41:46.967249+02
20240123,8741,736419.345,2026-10-07 13:41:46.967249+02,2026-10-07 13:41:46.967249+02
20240123,8742,24406.173,2026-10-07 13:41:46.967249+02,2026-10-07 13:41:46.967249+02
20240123,8743,10984.685,2026-10-07 13:41:46.967249+02,2026-10-07 13:41:46.967249+02
20240123,8744,519.132,2026-10-07 13:41:46.967249+02,2026-10-07 13:41:46.967249+02
20240123,8745,555.602,2026-10-07 13:41:46.967249+02,2026-10-07 13:41:46.967249+02
20240124,8741,680282.074,2026-10-07 13:41:46.967249+02,2026-10-07 13:41:46.967249+02
20240124,8742,24453.870,2026-10-07 13:41:46.967249+02,2026-10-07 13:41:46.967249+02
20240124,8743,10572.440,2026-10-07 13:41:46.967249+02,2026-10-07 13:41:46.967249+02
20240124,8744,536.032,2026-10-07 13:41:46.967249+02,2026-10-07 13:41:46.967249+02
20240124,8745,552.158,2026-10-07 13:41:46.967249+02,2026-10-07 13:41:46.967249+02
20240125,8741,705733.833,2026-10-07 13:41:46.967249+02,2026-10-07 13:41:46.967249+02
20240125,8742,24628.805,2026-10-07 13:41:46.967249+02,2026-10-07 13:41:46.967249+02
20240125,8743,10300.476,2026-10-07 13:41:46.967249+02,2026-10-07 13:41:46.967249+02
20240125,8744,518.339,2026-10-07 13:41:46.967249+02,2026-10-07 13:41:46.967249+02
20240125,8745,554.204,2026-10-07 13:41:46.967249+02,2026-10-07 13:41:46.967249+02
20240126,8741,648947.777,2026-10-07 13:41:46.967249+02,2026-10-07 13:41:46.967249+02
20240126,8742,24736.615,2026-10-07 13:41:46.967249+02,2026-10-07 13:41:46.967249+02
20240126,8743,10045.534,2026-10-07 13:41:46.967249+02,2026-10-07 13:41:46.967249+02
20240126,8744,504.591,2026-10-07 13:41:46.967249+02,2026-10-07 13:41:46.967249+02
20240126,8745,545.309,2026-10-07 13:41:46.967249+02,2026-10-07 13:41:46.967249+02
20240127,8741,607043.160,2026-10-07 13:41:46.967249+02,2026-10-07 13:41:46.967249+02
20240127,8742,23552.600,2026-10-07 13:41:46.967249+02,2026-10-07 13:41:46.967249+02
20240127,8743,9450.882,2026-10-07 13:41:46.967249+02,2026-10-07 13:41:46.967249+02
20240127,8744,497.736,2026-10-07 13:41:46.967249+02,2026-10-07 13:41:46.967249+02
20240127,8745,515.987,2026-10-07 13:41:46.967249+02,2026-10-07 13:41:46.967249+02
20240128,8741,646026.200,2026-10-07 13:41:46.967249+02,2026-10-07 13:41:46.967249+02
20240128,8742,22502.428,2026-10-07 13:41:46.967249+02,2026-10-07 13:41:46.967249+02
20240128,8743,8949.676,2026-10-07 13:41:46.967249+02,2026-10-07 13:41:46.967249+02
20240128,8744,515.037,2026-10-07 13:41:46.967249+02,2026-10-07 13:41:46.967249+02
20240128,8745,516.274,2026-10-07 13:41:46.967249+02,2026-10-07 13:41:46.967249+02
20240129,8741,677532.038,2026-10-07 13:41:46.967249+02,2026-10-07 13:41:46.967249+02
20240129,8742,24401.987,2026-10-07 13:41:46.967249+02,2026-10-07 13:41:46.967249+02
20240129,8743,10211.002,2026-10-07 13:41:46.967249+02,2026-10-07 13:41:46.967249+02
20240129,8744,524.794,2026-10-07 13:41:46.967249+02,2026-10-07 13:41:46.967249+02
20240129,8745,543.419,2026-10-07 13:41:46.967249+02,2026-10-07 13:41:46.967249+02
20240130,8741,673922.646,2026-10-07 13:41:46.967249+02,2026-10-07 13:41:46.967249+02
20240130,8742,24608.786,2026-10-07 13:41:46.967249+02,2026-10-07 13:41:46.967249+02
20240130,8743,9740.283,2026-10-07 13:41:46.967249+02,2026-10-07 13:41:46.967249+02
20240130,8744,526.364,2026-10-07 13:41:46.967249+02,2026-10-07 13:41:46.967249+02
20240130,8745,488.624,2026-10-07 13:41:46.967249+02,2026-10-07 13:41:46.967249+02
20240131,8741,693981.841,2026-10-07 13:41:46.967249+02,2026-10-07 13:41:46.967249+02
20240131,8742,24649.075,2026-10-07 13:41:46.967249+02,2026-10-07 13:41:46.967249+02
20240131,8743,10163.512,2026-10-07 13:41:46.967249+02,2026-10-07 13:41:46.967249+02
20240131,8744,532.269,2026-10-07 13:41:46.967249+02,2026-10-07 13:41:46.967249+02
20240131,8745,479.945,2026-10-07 13:41:46.967249+02,2026-10-07 13:41:46.967249+02
20240201,8741,760734.536,2026-10-07 13:41:46.967249+02,2026-10-07 13:41:46.967249+02
20240201,8742,24567.157,2026-10-07 13:41:46.967249+02,2026-10-07 13:41:46.967249+02
20240201,8743,9949.754,2026-10-07 13:41:46.967249+02,2026-10-07 13:41:46.967249+02
20240201,8744,531.323,2026-10-07 13:41:46.967249+02,2026-10-07 13:41:46.967249+02
20240201,8745,551.392,2026-10-07 13:41:46.967249+02,2026-10-07 13:41:46.967249+02
20240202,8741,754541.953,2026-10-07 13:41:46.967249+02,2026-10-07 13:41:46.967249+02
20240202,8742,23643.471,2026-10-07 13:41:46.967249+02,2026-10-07 13:41:46.967249+02
20240202,8743,9793.693,2026-10-07 13:41:46.967249+02,2026-10-07 13:41:46.967249+02
20240202,8744,525.974,2026-10-07 13:41:46.967249+02,2026-10-07 13:41:46.967249+02
20240202,8745,538.238,2026-10-07 13:41:46.967249+02,2026-10-07 13:41:46.967249+02
20240203,8741,598365.471,2026-10-07 13:41:46.967249+02,2026-10-07 13:41:46.967249+02
20240203,8742,23375.246,2026-10-07 13:41:46.967249+02,2026-10-07 13:41:46.967249+02
20240203,8743,9278.531,2026-10-07 13:41:46.967249+02,2026-10-07 13:41:46.967249+02
20240203,8744,484.034,2026-10-07 13:41:46.967249+02,2026-10-07 13:41:46.967249+02
20240203,8745,512.687,2026-10-07 13:41:46.967249+02,2026-10-07 13:41:46.967249+02
20240204,8741,560273.589,2026-10-07 13:41:46.967249+02,2026-10-07 13:41:46.967249+02
20240204,8742,22320.095,2026-10-07 13:41:46.967249+02,2026-10-07 13:41:46.967249+02
20240204,8743,9153.917,2026-10-07 13:41:46.967249+02,2026-10-07 13:41:46.967249+02
20240204,8744,497.726,2026-10-07 13:41:46.967249+02,2026-10-07 13:41:46.967249+02
20240204,8745,499.342,2026-10-07 13:41:46.967249+02,2026-10-07 13:41:46.967249+02
20240205,8741,629281.617,2026-10-07 13:41:46.967249+02,2026-10-07 13:41:46.967249+02
20240205,8742,24382.044,2026-10-07 13:41:46.967249+02,2026-10-07 13:41:46.967249+02
20240205,8743,10635.847,2026-10-07 13:41:46.967249+02,2026-10-07 13:41:46.967249+02
20240205,8744,518.951,2026-10-07 13:41:46.967249+02,2026-10-07 13:41:46.967249+02
20240205,8745,547.499,2026-10-07 13:41:46.967249+02,2026-10-07 13:41:46.967249+02
20240206,8741,659193.679,2026-10-07 13:41:46.967249+02,2026-10-07 13:41:46.967249+02
20240206,8742,24577.745,2026-10-07 13:41:46.967249+02,2026-10-07 13:41:46.967249+02
20240206,8743,10750.109,2026-10-07 13:41:46.967249+02,2026-10-07 13:41:46.967249+02
20240206,8744,527.344,2026-10-07 13:41:46.967249+02,2026-10-07 13:41:46.967249+02
20240206,8745,549.213,2026-10-07 13:41:46.967249+02,2026-10-07 13:41:46.967249+02
20240207,8741,754624.526,2026-10-07 13:41:46.967249+02,2026-10-07 13:41:46.967249+02
20240207,8742,24741.674,2026-10-07 13:41:46.967249+02,2026-10-07 13:41:46.967249+02
20240207,8743,10826.253,2026-10-07 13:41:46.967249+02,2026-10-07 13:41:46.967249+02
20240207,8744,512.181,2026-10-07 13:41:46.967249+02,2026-10-07 13:41:46.967249+02
20240207,8745,545.410,2026-10-07 13:41:46.967249+02,2026-10-07 13:41:46.967249+02
20240208,8741,765878.430,2026-10-07 13:41:46.967249+02,2026-10-07 13:41:46.967249+02
20240208,8742,24758.645,2026-10-07 13:41:46.967249+02,2026-10-07 13:41:46.967249+02
20240208,8743,10208.529,2026-10-07 13:41:46.967249+02,2026-10-07 13:41:46.967249+02
20240208,8744,527.746,2026-10-07 13:41:46.967249+02,2026-10-07 13:41:46.967249+02
20240208,8745,546.609,2026-10-07 13:41:46.967249+02,2026-10-07 13:41:46.967249+02
20240209,8741,745029.240,2026-10-07 13:41:46.967249+02,2026-10-07 13:41:46.967249+02
20240209,8742,25124.252,2026-10-07 13:41:46.967249+02,2026-10-07 13:41:46.967249+02
20240209,8743,10279.603,2026-10-07 13:41:46.967249+02,2026-10-07 13:41:46.967249+02
20240209,8744,498.437,2026-10-07 13:41:46.967249+02,2026-10-07 13:41:46.967249+02
20240209,8745,548.756,2026-10-07 13:41:46.967249+02,2026-10-07 13:41:46.967249+02
20240210,8741,766967.578,2026-10-07 13:41:46.967249+02,2026-10-07 13:41:46.967249+02
20240210,8742,24082.674,2026-10-07 13:41:46.967249+02,2026-10-07 13:41:46.967249+02
20240210,8743,9731.541,2026-10-07 13:41:46.967249+02,2026-10-07 13:41:46.967249+02
20240210,8744,520.435,2026-10-07 13:41:46.967249+02,2026-10-07 13:41:46.967249+02
20240210,8745,516.678,2026-10-07 13:41:46.967249+02,2026-10-07 13:41:46.967249+02
20240211,8741,690100.613,2026-10-07 13:41:46.967249+02,2026-10-07 13:41:46.967249+02
20240211,8742,22451.955,2026-10-07 13:41:46.967249+02,2026-10-07 13:41:46.967249+02
20240211,8743,9329.957,2026-10-07 13:41:46.967249+02,2026-10-07 13:41:46.967249+02
20240211,8744,506.081,2026-10-07 13:41:46.967249+02,2026-10-07 13:41:46.967249+02
20240211,8745,502.868,2026-10-07 13:41:46.967249+02,2026-10-07 13:41:46.967249+02
20240212,8741,783717.595,2026-10-07 13:41:46.967249+02,2026-10-07 13:41:46.967249+02
20240212,8742,23984.019,2026-10-07 13:41:46.967249+02,2026-10-07 13:41:46.967249+02
20240212,8743,10076.300,2026-10-07 13:41:46.967249+02,2026-10-07 13:41:46.967249+02
20240212,8744,501.335,2026-10-07 13:41:46.967249+02,2026-10-07 13:41:46.967249+02
20240212,8745,542.146,2026-10-07 13:41:46.967249+02,2026-10-07 13:41:46.967249+02
20240213,8741,683673.279,2026-10-07 13:41:46.967249+02,2026-10-07 13:41:46.967249+02
20240213,8742,22968.330,2026-10-07 13:41:46.967249+02,2026-10-07 13:41:46.967249+02
20240213,8743,9990.301,2026-10-07 13:41:46.967249+02,2026-10-07 13:41:46.967249+02
20240213,8744,508.873,2026-10-07 13:41:46.967249+02,2026-10-07 13:41:46.967249+02
20240213,8745,479.770,2026-10-07 13:41:46.967249+02,2026-10-07 13:41:46.967249+02
20240214,8741,665979.742,2026-10-07 13:41:46.967249+02,2026-10-07 13:41:46.967249+02
20240214,8742,24801.490,2026-10-07 13:41:46.967249+02,2026-10-07 13:41:46.967249+02
20240214,8743,10314.834,2026-10-07 13:41:46.967249+02,2026-10-07 13:41:46.967249+02
20240214,8744,502.461,2026-10-07 13:41:46.967249+02,2026-10-07 13:41:46.967249+02
20240214,8745,452.066,2026-10-07 13:41:46.967249+02,2026-10-07 13:41:46.967249+02
20240215,8741,706196.860,2026-10-07 13:41:46.967249+02,2026-10-07 13:41:46.967249+02
20240215,8742,25033.025,2026-10-07 13:41:46.967249+02,2026-10-07 13:41:46.967249+02
20240215,8743,9935.999,2026-10-07 13:41:46.967249+02,2026-10-07 13:41:46.967249+02
20240215,8744,487.403,2026-10-07 13:41:46.967249+02,2026-10-07 13:41:46.967249+02
20240215,8745,505.996,2026-10-07 13:41:46.967249+02,2026-10-07 13:41:46.967249+02
20240216,8741,754829.325,2026-10-07 13:41:46.967249+02,2026-10-07 13:41:46.967249+02
20240216,8742,24554.734,2026-10-07 13:41:46.967249+02,2026-10-07 13:41:46.967249+02
20240216,8743,10408.481,2026-10-07 13:41:46.967249+02,2026-10-07 13:41:46.967249+02
20240216,8744,477.816,2026-10-07 13:41:46.967249+02,2026-10-07 13:41:46.967249+02
20240216,8745,523.708,2026-10-07 13:41:46.967249+02,2026-10-07 13:41:46.967249+02
20240217,8741,677970.132,2026-10-07 13:41:46.967249+02,2026-10-07 13:41:46.967249+02
20240217,8742,23108.983,2026-10-07 13:41:46.967249+02,2026-10-07 13:41:46.967249+02
20240217,8743,9873.879,2026-10-07 13:41:46.967249+02,2026-10-07 13:41:46.967249+02
20240217,8744,473.556,2026-10-07 13:41:46.967249+02,2026-10-07 13:41:46.967249+02
20240217,8745,486.482,2026-10-07 13:41:46.967249+02,2026-10-07 13:41:46.967249+02
20240218,8741,614372.987,2026-10-07 13:41:46.967249+02,2026-10-07 13:41:46.967249+02
20240218,8742,22340.339,2026-10-07 13:41:46.967249+02,2026-10-07 13:41:46.967249+02
20240218,8743,9037.590,2026-10-07 13:41:46.967249+02,2026-10-07 13:41:46.967249+02
20240218,8744,470.108,2026-10-07 13:41:46.967249+02,2026-10-07 13:41:46.967249+02
20240218,8745,472.733,2026-10-07 13:41:46.967249+02,2026-10-07 13:41:46.967249+02
20240219,8741,750926.330,2026-10-07 13:41:46.967249+02,2026-10-07 13:41:46.967249+02
20240219,8742,24547.800,2026-10-07 13:41:46.967249+02,2026-10-07 13:41:46.967249+02
20240219,8743,10377.979,2026-10-07 13:41:46.967249+02,2026-10-07 13:41:46.967249+02
20240219,8744,495.569,2026-10-07 13:41:46.967249+02,2026-10-07 13:41:46.967249+02
20240219,8745,519.149,2026-10-07 13:41:46.967249+02,2026-10-07 13:41:46.967249+02
20240220,8741,736360.390,2026-10-07 13:41:46.967249+02,2026-10-07 13:41:46.967249+02
20240220,8742,24686.499,2026-10-07 13:41:46.967249+02,2026-10-07 13:41:46.967249+02
20240220,8743,10468.949,2026-10-07 13:41:46.967249+02,2026-10-07 13:41:46.967249+02
20240220,8744,500.876,2026-10-07 13:41:46.967249+02,2026-10-07 13:41:46.967249+02
20240220,8745,517.620,2026-10-07 13:41:46.967249+02,2026-10-07 13:41:46.967249+02
20240221,8741,703405.072,2026-10-07 13:41:46.967249+02,2026-10-07 13:41:46.967249+02
20240221,8742,24671.035,2026-10-07 13:41:46.967249+02,2026-10-07 13:41:46.967249+02
20240221,8743,10386.460,2026-10-07 13:41:46.967249+02,2026-10-07 13:41:46.967249+02
20240221,8744,502.340,2026-10-07 13:41:46.967249+02,2026-10-07 13:41:46.967249+02
20240221,8745,512.997,2026-10-07 13:41:46.967249+02,2026-10-07 13:41:46.967249+02
20240222,8741,767969.089,2026-10-07 13:41:46.967249+02,2026-10-07 13:41:46.967249+02
20240222,8742,24670.361,2026-10-07 13:41:46.967249+02,2026-10-07 13:41:46.967249+02
20240222,8743,10209.979,2026-10-07 13:41:46.967249+02,2026-10-07 13:41:46.967249+02
20240222,8744,501.836,2026-10-07 13:41:46.967249+02,2026-10-07 13:41:46.967249+02
20240222,8745,529.070,2026-10-07 13:41:46.967249+02,2026-10-07 13:41:46.967249+02
20240223,8741,778546.773,2026-10-07 13:41:46.967249+02,2026-10-07 13:41:46.967249+02
20240223,8742,24679.436,2026-10-07 13:41:46.967249+02,2026-10-07 13:41:46.967249+02
20240223,8743,10047.876,2026-10-07 13:41:46.967249+02,2026-10-07 13:41:46.967249+02
20240223,8744,510.472,2026-10-07 13:41:46.967249+02,2026-10-07 13:41:46.967249+02
20240223,8745,524.430,2026-10-07 13:41:46.967249+02,2026-10-07 13:41:46.967249+02
20240224,8741,726655.245,2026-10-07 13:41:46.967249+02,2026-10-07 13:41:46.967249+02
20240224,8742,23397.338,2026-10-07 13:41:46.967249+02,2026-10-07 13:41:46.967249+02
20240224,8743,10462.117,2026-10-07 13:41:46.967249+02,2026-10-07 13:41:46.967249+02
20240224,8744,501.215,2026-10-07 13:41:46.967249+02,2026-10-07 13:41:46.967249+02
20240224,8745,503.991,2026-10-07 13:41:46.967249+02,2026-10-07 13:41:46.967249+02
20240225,8741,668904.055,2026-10-07 13:41:46.967249+02,2026-10-07 13:41:46.967249+02
20240225,8742,22243.421,2026-10-07 13:41:46.967249+02,2026-10-07 13:41:46.967249+02
20240225,8743,10072.210,2026-10-07 13:41:46.967249+02,2026-10-07 13:41:46.967249+02
20240225,8744,491.081,2026-10-07 13:41:46.967249+02,2026-10-07 13:41:46.967249+02
20240225,8745,482.434,2026-10-07 13:41:46.967249+02,2026-10-07 13:41:46.967249+02
20240226,8741,762278.900,2026-10-07 13:41:46.967249+02,2026-10-07 13:41:46.967249+02
20240226,8742,24440.259,2026-10-07 13:41:46.967249+02,2026-10-07 13:41:46.967249+02
20240226,8743,10452.719,2026-10-07 13:41:46.967249+02,2026-10-07 13:41:46.967249+02
20240226,8744,520.401,2026-10-07 13:41:46.967249+02,2026-10-07 13:41:46.967249+02
20240226,8745,516.123,2026-10-07 13:41:46.967249+02,2026-10-07 13:41:46.967249+02
20240227,8741,765358.607,2026-10-07 13:41:46.967249+02,2026-10-07 13:41:46.967249+02
20240227,8742,24637.492,2026-10-07 13:41:46.967249+02,2026-10-07 13:41:46.967249+02
20240227,8743,11086.857,2026-10-07 13:41:46.967249+02,2026-10-07 13:41:46.967249+02
20240227,8744,520.543,2026-10-07 13:41:46.967249+02,2026-10-07 13:41:46.967249+02
20240227,8745,535.749,2026-10-07 13:41:46.967249+02,2026-10-07 13:41:46.967249+02
20240228,8741,765753.851,2026-10-07 13:41:46.967249+02,2026-10-07 13:41:46.967249+02
20240228,8742,24314.467,2026-10-07 13:41:46.967249+02,2026-10-07 13:41:46.967249+02
20240228,8743,11464.358,2026-10-07 13:41:46.967249+02,2026-10-07 13:41:46.967249+02
20240228,8744,524.126,2026-10-07 13:41:46.967249+02,2026-10-07 13:41:46.967249+02
20240228,8745,536.117,2026-10-07 13:41:46.967249+02,2026-10-07 13:41:46.967249+02
20240229,8741,760397.939,2026-10-07 13:41:46.967249+02,2026-10-07 13:41:46.967249+02
20240229,8742,24809.501,2026-10-07 13:41:46.967249+02,2026-10-07 13:41:46.967249+02
20240229,8743,10749.057,2026-10-07 13:41:46.967249+02,2026-10-07 13:41:46.967249+02
20240229,8744,518.243,2026-10-07 13:41:46.967249+02,2026-10-07 13:41:46.967249+02
20240229,8745,530.311,2026-10-07 13:41:46.967249+02,2026-10-07 13:41:46.967249+02
20240301,8741,786970.454,2026-10-07 13:41:46.967249+02,2026-10-07 13:41:46.967249+02
20240301,8742,24713.714,2026-10-07 13:41:46.967249+02,2026-10-07 13:41:46.967249+02
20240301,8743,9712.657,2026-10-07 13:41:46.967249+02,2026-10-07 13:41:46.967249+02
20240301,8744,518.687,2026-10-07 13:41:46.967249+02,2026-10-07 13:41:46.967249+02
20240301,8745,524.728,2026-10-07 13:41:46.967249+02,2026-10-07 13:41:46.967249+02
20240302,8741,688893.903,2026-10-07 13:41:46.967249+02,2026-10-07 13:41:46.967249+02
20240302,8742,23403.345,2026-10-07 13:41:46.967249+02,2026-10-07 13:41:46.967249+02
20240302,8743,9872.602,2026-10-07 13:41:46.967249+02,2026-10-07 13:41:46.967249+02
20240302,8744,503.641,2026-10-07 13:41:46.967249+02,2026-10-07 13:41:46.967249+02
20240302,8745,501.605,2026-10-07 13:41:46.967249+02,2026-10-07 13:41:46.967249+02
20240303,8741,678169.099,2026-10-07 13:41:46.967249+02,2026-10-07 13:41:46.967249+02
20240303,8742,22316.148,2026-10-07 13:41:46.967249+02,2026-10-07 13:41:46.967249+02
20240303,8743,10134.843,2026-10-07 13:41:46.967249+02,2026-10-07 13:41:46.967249+02
20240303,8744,500.354,2026-10-07 13:41:46.967249+02,2026-10-07 13:41:46.967249+02
20240303,8745,494.263,2026-10-07 13:41:46.967249+02,2026-10-07 13:41:46.967249+02
20240304,8741,710227.954,2026-10-07 13:41:46.967249+02,2026-10-07 13:41:46.967249+02
20240304,8742,24329.082,2026-10-07 13:41:46.967249+02,2026-10-07 13:41:46.967249+02
20240304,8743,10584.873,2026-10-07 13:41:46.967249+02,2026-10-07 13:41:46.967249+02
20240304,8744,511.160,2026-10-07 13:41:46.967249+02,2026-10-07 13:41:46.967249+02
20240304,8745,522.782,2026-10-07 13:41:46.967249+02,2026-10-07 13:41:46.967249+02
20240305,8741,702558.404,2026-10-07 13:41:46.967249+02,2026-10-07 13:41:46.967249+02
20240305,8742,24339.394,2026-10-07 13:41:46.967249+02,2026-10-07 13:41:46.967249+02
20240305,8743,10390.780,2026-10-07 13:41:46.967249+02,2026-10-07 13:41:46.967249+02
20240305,8744,506.849,2026-10-07 13:41:46.967249+02,2026-10-07 13:41:46.967249+02
20240305,8745,527.620,2026-10-07 13:41:46.967249+02,2026-10-07 13:41:46.967249+02
20240306,8741,673048.896,2026-10-07 13:41:46.967249+02,2026-10-07 13:41:46.967249+02
20240306,8742,24359.553,2026-10-07 13:41:46.967249+02,2026-10-07 13:41:46.967249+02
20240306,8743,10819.087,2026-10-07 13:41:46.967249+02,2026-10-07 13:41:46.967249+02
20240306,8744,508.443,2026-10-07 13:41:46.967249+02,2026-10-07 13:41:46.967249+02
20240306,8745,524.070,2026-10-07 13:41:46.967249+02,2026-10-07 13:41:46.967249+02
20240307,8741,744268.368,2026-10-07 13:41:46.967249+02,2026-10-07 13:41:46.967249+02
20240307,8742,24442.770,2026-10-07 13:41:46.967249+02,2026-10-07 13:41:46.967249+02
20240307,8743,10952.454,2026-10-07 13:41:46.967249+02,2026-10-07 13:41:46.967249+02
20240307,8744,521.311,2026-10-07 13:41:46.967249+02,2026-10-07 13:41:46.967249+02
20240307,8745,527.870,2026-10-07 13:41:46.967249+02,2026-10-07 13:41:46.967249+02
20240308,8741,755631.494,2026-10-07 13:41:46.967249+02,2026-10-07 13:41:46.967249+02
20240308,8742,24272.656,2026-10-07 13:41:46.967249+02,2026-10-07 13:41:46.967249+02
20240308,8743,10496.164,2026-10-07 13:41:46.967249+02,2026-10-07 13:41:46.967249+02
20240308,8744,510.715,2026-10-07 13:41:46.967249+02,2026-10-07 13:41:46.967249+02
20240308,8745,516.933,2026-10-07 13:41:46.967249+02,2026-10-07 13:41:46.967249+02
20240309,8741,674765.108,2026-10-07 13:41:46.967249+02,2026-10-07 13:41:46.967249+02
20240309,8742,23344.424,2026-10-07 13:41:46.967249+02,2026-10-07 13:41:46.967249+02
20240309,8743,10575.053,2026-10-07 13:41:46.967249+02,2026-10-07 13:41:46.967249+02
20240309,8744,539.536,2026-10-07 13:41:46.967249+02,2026-10-07 13:41:46.967249+02
20240309,8745,504.282,2026-10-07 13:41:46.967249+02,2026-10-07 13:41:46.967249+02
20240310,8741,629251.034,2026-10-07 13:41:46.967249+02,2026-10-07 13:41:46.967249+02
20240310,8742,22189.969,2026-10-07 13:41:46.967249+02,2026-10-07 13:41:46.967249+02
20240310,8743,10190.118,2026-10-07 13:41:46.967249+02,2026-10-07 13:41:46.967249+02
20240310,8744,542.773,2026-10-07 13:41:46.967249+02,2026-10-07 13:41:46.967249+02
20240310,8745,484.492,2026-10-07 13:41:46.967249+02,2026-10-07 13:41:46.967249+02
20240311,8741,716813.925,2026-10-07 13:41:46.967249+02,2026-10-07 13:41:46.967249+02
20240311,8742,24228.620,2026-10-07 13:41:46.967249+02,2026-10-07 13:41:46.967249+02
20240311,8743,10462.294,2026-10-07 13:41:46.967249+02,2026-10-07 13:41:46.967249+02
20240311,8744,511.245,2026-10-07 13:41:46.967249+02,2026-10-07 13:41:46.967249+02
20240311,8745,523.419,2026-10-07 13:41:46.967249+02,2026-10-07 13:41:46.967249+02
20240312,8741,668452.559,2026-10-07 13:41:46.967249+02,2026-10-07 13:41:46.967249+02
20240312,8742,24319.108,2026-10-07 13:41:46.967249+02,2026-10-07 13:41:46.967249+02
20240312,8743,10688.832,2026-10-07 13:41:46.967249+02,2026-10-07 13:41:46.967249+02
20240312,8744,513.346,2026-10-07 13:41:46.967249+02,2026-10-07 13:41:46.967249+02
20240312,8745,528.307,2026-10-07 13:41:46.967249+02,2026-10-07 13:41:46.967249+02
20240313,8741,659937.980,2026-10-07 13:41:46.967249+02,2026-10-07 13:41:46.967249+02
20240313,8742,24562.818,2026-10-07 13:41:46.967249+02,2026-10-07 13:41:46.967249+02
20240313,8743,10710.269,2026-10-07 13:41:46.967249+02,2026-10-07 13:41:46.967249+02
20240313,8744,509.857,2026-10-07 13:41:46.967249+02,2026-10-07 13:41:46.967249+02
20240313,8745,533.039,2026-10-07 13:41:46.967249+02,2026-10-07 13:41:46.967249+02
20240314,8741,689680.937,2026-10-07 13:41:46.967249+02,2026-10-07 13:41:46.967249+02
20240314,8742,24739.421,2026-10-07 13:41:46.967249+02,2026-10-07 13:41:46.967249+02
20240314,8743,10675.391,2026-10-07 13:41:46.967249+02,2026-10-07 13:41:46.967249+02
20240314,8744,501.360,2026-10-07 13:41:46.967249+02,2026-10-07 13:41:46.967249+02
20240314,8745,527.183,2026-10-07 13:41:46.967249+02,2026-10-07 13:41:46.967249+02
20240315,8741,664948.547,2026-10-07 13:41:46.967249+02,2026-10-07 13:41:46.967249+02
20240315,8742,24417.293,2026-10-07 13:41:46.967249+02,2026-10-07 13:41:46.967249+02
20240315,8743,10577.300,2026-10-07 13:41:46.967249+02,2026-10-07 13:41:46.967249+02
20240315,8744,487.514,2026-10-07 13:41:46.967249+02,2026-10-07 13:41:46.967249+02
20240315,8745,515.191,2026-10-07 13:41:46.967249+02,2026-10-07 13:41:46.967249+02
20240316,8741,623834.454,2026-10-07 13:41:46.967249+02,2026-10-07 13:41:46.967249+02
20240316,8742,23195.478,2026-10-07 13:41:46.967249+02,2026-10-07 13:41:46.967249+02
20240316,8743,9912.729,2026-10-07 13:41:46.967249+02,2026-10-07 13:41:46.967249+02
20240316,8744,490.158,2026-10-07 13:41:46.967249+02,2026-10-07 13:41:46.967249+02
20240316,8745,486.613,2026-10-07 13:41:46.967249+02,2026-10-07 13:41:46.967249+02
20240317,8741,623084.028,2026-10-07 13:41:46.967249+02,2026-10-07 13:41:46.967249+02
20240317,8742,22362.019,2026-10-07 13:41:46.967249+02,2026-10-07 13:41:46.967249+02
20240317,8743,9333.914,2026-10-07 13:41:46.967249+02,2026-10-07 13:41:46.967249+02
20240317,8744,489.529,2026-10-07 13:41:46.967249+02,2026-10-07 13:41:46.967249+02
20240317,8745,476.806,2026-10-07 13:41:46.967249+02,2026-10-07 13:41:46.967249+02
20240318,8741,614506.635,2026-10-07 13:41:46.967249+02,2026-10-07 13:41:46.967249+02
20240318,8742,24428.456,2026-10-07 13:41:46.967249+02,2026-10-07 13:41:46.967249+02
20240318,8743,9973.782,2026-10-07 13:41:46.967249+02,2026-10-07 13:41:46.967249+02
20240318,8744,475.650,2026-10-07 13:41:46.967249+02,2026-10-07 13:41:46.967249+02
20240318,8745,504.585,2026-10-07 13:41:46.967249+02,2026-10-07 13:41:46.967249+02
20240319,8741,649309.425,2026-10-07 13:41:46.967249+02,2026-10-07 13:41:46.967249+02
20240319,8742,24436.960,2026-10-07 13:41:46.967249+02,2026-10-07 13:41:46.967249+02
20240319,8743,10216.886,2026-10-07 13:41:46.967249+02,2026-10-07 13:41:46.967249+02
20240319,8744,474.204,2026-10-07 13:41:46.967249+02,2026-10-07 13:41:46.967249+02
20240319,8745,505.422,2026-10-07 13:41:46.967249+02,2026-10-07 13:41:46.967249+02
20240320,8741,678597.907,2026-10-07 13:41:46.967249+02,2026-10-07 13:41:46.967249+02
20240320,8742,24278.993,2026-10-07 13:41:46.967249+02,2026-10-07 13:41:46.967249+02
20240320,8743,10426.813,2026-10-07 13:41:46.967249+02,2026-10-07 13:41:46.967249+02
20240320,8744,474.362,2026-10-07 13:41:46.967249+02,2026-10-07 13:41:46.967249+02
20240320,8745,501.176,2026-10-07 13:41:46.967249+02,2026-10-07 13:41:46.967249+02
20240321,8741,690879.343,2026-10-07 13:41:46.967249+02,2026-10-07 13:41:46.967249+02
20240321,8742,24573.011,2026-10-07 13:41:46.967249+02,2026-10-07 13:41:46.967249+02
20240321,8743,10398.960,2026-10-07 13:41:46.967249+02,2026-10-07 13:41:46.967249+02
20240321,8744,479.642,2026-10-07 13:41:46.967249+02,2026-10-07 13:41:46.967249+02
20240321,8745,510.916,2026-10-07 13:41:46.967249+02,2026-10-07 13:41:46.967249+02
20240322,8741,650058.044,2026-10-07 13:41:46.967249+02,2026-10-07 13:41:46.967249+02
20240322,8742,24504.636,2026-10-07 13:41:46.967249+02,2026-10-07 13:41:46.967249+02
20240322,8743,10029.009,2026-10-07 13:41:46.967249+02,2026-10-07 13:41:46.967249+02
20240322,8744,474.566,2026-10-07 13:41:46.967249+02,2026-10-07 13:41:46.967249+02
20240322,8745,489.637,2026-10-07 13:41:46.967249+02,2026-10-07 13:41:46.967249+02
20240323,8741,669447.023,2026-10-07 13:41:46.967249+02,2026-10-07 13:41:46.967249+02
20240323,8742,23312.733,2026-10-07 13:41:46.967249+02,2026-10-07 13:41:46.967249+02
20240323,8743,9943.693,2026-10-07 13:41:46.967249+02,2026-10-07 13:41:46.967249+02
20240323,8744,475.325,2026-10-07 13:41:46.967249+02,2026-10-07 13:41:46.967249+02
20240323,8745,476.149,2026-10-07 13:41:46.967249+02,2026-10-07 13:41:46.967249+02
20240324,8741,592219.528,2026-10-07 13:41:46.967249+02,2026-10-07 13:41:46.967249+02
20240324,8742,21914.828,2026-10-07 13:41:46.967249+02,2026-10-07 13:41:46.967249+02
20240324,8743,10046.284,2026-10-07 13:41:46.967249+02,2026-10-07 13:41:46.967249+02
20240324,8744,491.341,2026-10-07 13:41:46.967249+02,2026-10-07 13:41:46.967249+02
20240324,8745,451.904,2026-10-07 13:41:46.967249+02,2026-10-07 13:41:46.967249+02
20240325,8741,660146.465,2026-10-07 13:41:46.967249+02,2026-10-07 13:41:46.967249+02
20240325,8742,23819.157,2026-10-07 13:41:46.967249+02,2026-10-07 13:41:46.967249+02
20240325,8743,10668.778,2026-10-07 13:41:46.967249+02,2026-10-07 13:41:46.967249+02
20240325,8744,475.091,2026-10-07 13:41:46.967249+02,2026-10-07 13:41:46.967249+02
20240325,8745,486.675,2026-10-07 13:41:46.967249+02,2026-10-07 13:41:46.967249+02
20240326,8741,742081.091,2026-10-07 13:41:46.967249+02,2026-10-07 13:41:46.967249+02
20240326,8742,24158.858,2026-10-07 13:41:46.967249+02,2026-10-07 13:41:46.967249+02
20240326,8743,10629.259,2026-10-07 13:41:46.967249+02,2026-10-07 13:41:46.967249+02
20240326,8744,492.257,2026-10-07 13:41:46.967249+02,2026-10-07 13:41:46.967249+02
20240326,8745,512.911,2026-10-07 13:41:46.967249+02,2026-10-07 13:41:46.967249+02
20240327,8741,730571.097,2026-10-07 13:41:46.967249+02,2026-10-07 13:41:46.967249+02
20240327,8742,23883.964,2026-10-07 13:41:46.967249+02,2026-10-07 13:41:46.967249+02
20240327,8743,11287.246,2026-10-07 13:41:46.967249+02,2026-10-07 13:41:46.967249+02
20240327,8744,476.333,2026-10-07 13:41:46.967249+02,2026-10-07 13:41:46.967249+02
20240327,8745,499.655,2026-10-07 13:41:46.967249+02,2026-10-07 13:41:46.967249+02
20240328,8741,695779.112,2026-10-07 13:41:46.967249+02,2026-10-07 13:41:46.967249+02
20240328,8742,22486.601,2026-10-07 13:41:46.967249+02,2026-10-07 13:41:46.967249+02
20240328,8743,10570.745,2026-10-07 13:41:46.967249+02,2026-10-07 13:41:46.967249+02
20240328,8744,448.517,2026-10-07 13:41:46.967249+02,2026-10-07 13:41:46.967249+02
20240328,8745,455.759,2026-10-07 13:41:46.967249+02,2026-10-07 13:41:46.967249+02
20240329,8741,638223.595,2026-10-07 13:41:46.967249+02,2026-10-07 13:41:46.967249+02
20240329,8742,21534.748,2026-10-07 13:41:46.967249+02,2026-10-07 13:41:46.967249+02
20240329,8743,10032.351,2026-10-07 13:41:46.967249+02,2026-10-07 13:41:46.967249+02
20240329,8744,441.507,2026-10-07 13:41:46.967249+02,2026-10-07 13:41:46.967249+02
20240329,8745,456.801,2026-10-07 13:41:46.967249+02,2026-10-07 13:41:46.967249+02
20240330,8741,629370.493,2026-10-07 13:41:46.967249+02,2026-10-07 13:41:46.967249+02
20240330,8742,22402.646,2026-10-07 13:41:46.967249+02,2026-10-07 13:41:46.967249+02
20240330,8743,10528.421,2026-10-07 13:41:46.967249+02,2026-10-07 13:41:46.967249+02
20240330,8744,505.738,2026-10-07 13:41:46.967249+02,2026-10-07 13:41:46.967249+02
20240330,8745,478.186,2026-10-07 13:41:46.967249+02,2026-10-07 13:41:46.967249+02
20240331,8741,616704.599,2026-10-07 13:41:46.967249+02,2026-10-07 13:41:46.967249+02
20240331,8742,20946.465,2026-10-07 13:41:46.967249+02,2026-10-07 13:41:46.967249+02
20240331,8743,9867.673,2026-10-07 13:41:46.967249+02,2026-10-07 13:41:46.967249+02
20240331,8744,497.756,2026-10-07 13:41:46.967249+02,2026-10-07 13:41:46.967249+02
20240331,8745,453.062,2026-10-07 13:41:46.967249+02,2026-10-07 13:41:46.967249+02
20240401,8741,681139.669,2026-10-07 13:41:46.967249+02,2026-10-07 13:41:46.967249+02
20240401,8742,24108.408,2026-10-07 13:41:46.967249+02,2026-10-07 13:41:46.967249+02
20240401,8743,10041.864,2026-10-07 13:41:46.967249+02,2026-10-07 13:41:46.967249+02
20240401,8744,545.664,2026-10-07 13:41:46.967249+02,2026-10-07 13:41:46.967249+02
20240401,8745,544.630,2026-10-07 13:41:46.967249+02,2026-10-07 13:41:46.967249+02
20240402,8741,673931.840,2026-10-07 13:41:46.967249+02,2026-10-07 13:41:46.967249+02
20240402,8742,24001.939,2026-10-07 13:41:46.967249+02,2026-10-07 13:41:46.967249+02
20240402,8743,10860.218,2026-10-07 13:41:46.967249+02,2026-10-07 13:41:46.967249+02
20240402,8744,534.601,2026-10-07 13:41:46.967249+02,2026-10-07 13:41:46.967249+02
20240402,8745,537.521,2026-10-07 13:41:46.967249+02,2026-10-07 13:41:46.967249+02
20240403,8741,696491.670,2026-10-07 13:41:46.967249+02,2026-10-07 13:41:46.967249+02
20240403,8742,24159.194,2026-10-07 13:41:46.967249+02,2026-10-07 13:41:46.967249+02
20240403,8743,10575.031,2026-10-07 13:41:46.967249+02,2026-10-07 13:41:46.967249+02
20240403,8744,533.032,2026-10-07 13:41:46.967249+02,2026-10-07 13:41:46.967249+02
20240403,8745,550.698,2026-10-07 13:41:46.967249+02,2026-10-07 13:41:46.967249+02
20240404,8741,673125.498,2026-10-07 13:41:46.967249+02,2026-10-07 13:41:46.967249+02
20240404,8742,24066.391,2026-10-07 13:41:46.967249+02,2026-10-07 13:41:46.967249+02
20240404,8743,10562.936,2026-10-07 13:41:46.967249+02,2026-10-07 13:41:46.967249+02
20240404,8744,529.599,2026-10-07 13:41:46.967249+02,2026-10-07 13:41:46.967249+02
20240404,8745,550.311,2026-10-07 13:41:46.967249+02,2026-10-07 13:41:46.967249+02
20240405,8741,695582.891,2026-10-07 13:41:46.967249+02,2026-10-07 13:41:46.967249+02
20240405,8742,24155.661,2026-10-07 13:41:46.967249+02,2026-10-07 13:41:46.967249+02
20240405,8743,10558.170,2026-10-07 13:41:46.967249+02,2026-10-07 13:41:46.967249+02
20240405,8744,517.577,2026-10-07 13:41:46.967249+02,2026-10-07 13:41:46.967249+02
20240405,8745,546.803,2026-10-07 13:41:46.967249+02,2026-10-07 13:41:46.967249+02
20240406,8741,607864.064,2026-10-07 13:41:46.967249+02,2026-10-07 13:41:46.967249+02
20240406,8742,23385.960,2026-10-07 13:41:46.967249+02,2026-10-07 13:41:46.967249+02
20240406,8743,10037.207,2026-10-07 13:41:46.967249+02,2026-10-07 13:41:46.967249+02
20240406,8744,525.645,2026-10-07 13:41:46.967249+02,2026-10-07 13:41:46.967249+02
20240406,8745,527.953,2026-10-07 13:41:46.967249+02,2026-10-07 13:41:46.967249+02
20240407,8741,542873.226,2026-10-07 13:41:46.967249+02,2026-10-07 13:41:46.967249+02
20240407,8742,21689.108,2026-10-07 13:41:46.967249+02,2026-10-07 13:41:46.967249+02
20240407,8743,9550.172,2026-10-07 13:41:46.967249+02,2026-10-07 13:41:46.967249+02
20240407,8744,527.143,2026-10-07 13:41:46.967249+02,2026-10-07 13:41:46.967249+02
20240407,8745,529.753,2026-10-07 13:41:46.967249+02,2026-10-07 13:41:46.967249+02
20240408,8741,667289.369,2026-10-07 13:41:46.967249+02,2026-10-07 13:41:46.967249+02
20240408,8742,23836.430,2026-10-07 13:41:46.967249+02,2026-10-07 13:41:46.967249+02
20240408,8743,10485.639,2026-10-07 13:41:46.967249+02,2026-10-07 13:41:46.967249+02
20240408,8744,530.780,2026-10-07 13:41:46.967249+02,2026-10-07 13:41:46.967249+02
20240408,8745,552.965,2026-10-07 13:41:46.967249+02,2026-10-07 13:41:46.967249+02
20240409,8741,665449.095,2026-10-07 13:41:46.967249+02,2026-10-07 13:41:46.967249+02
20240409,8742,23702.159,2026-10-07 13:41:46.967249+02,2026-10-07 13:41:46.967249+02
20240409,8743,10569.972,2026-10-07 13:41:46.967249+02,2026-10-07 13:41:46.967249+02
20240409,8744,511.621,2026-10-07 13:41:46.967249+02,2026-10-07 13:41:46.967249+02
20240409,8745,545.635,2026-10-07 13:41:46.967249+02,2026-10-07 13:41:46.967249+02
20240410,8741,680843.060,2026-10-07 13:41:46.967249+02,2026-10-07 13:41:46.967249+02
20240410,8742,24009.841,2026-10-07 13:41:46.967249+02,2026-10-07 13:41:46.967249+02
20240410,8743,10091.114,2026-10-07 13:41:46.967249+02,2026-10-07 13:41:46.967249+02
20240410,8744,470.755,2026-10-07 13:41:46.967249+02,2026-10-07 13:41:46.967249+02
20240410,8745,493.696,2026-10-07 13:41:46.967249+02,2026-10-07 13:41:46.967249+02
20240411,8741,659152.411,2026-10-07 13:41:46.967249+02,2026-10-07 13:41:46.967249+02
20240411,8742,25050.963,2026-10-07 13:41:46.967249+02,2026-10-07 13:41:46.967249+02
20240411,8743,10649.411,2026-10-07 13:41:46.967249+02,2026-10-07 13:41:46.967249+02
20240411,8744,492.909,2026-10-07 13:41:46.967249+02,2026-10-07 13:41:46.967249+02
20240411,8745,517.063,2026-10-07 13:41:46.967249+02,2026-10-07 13:41:46.967249+02
20240412,8741,620637.592,2026-10-07 13:41:46.967249+02,2026-10-07 13:41:46.967249+02
20240412,8742,25176.689,2026-10-07 13:41:46.967249+02,2026-10-07 13:41:46.967249+02
20240412,8743,10934.240,2026-10-07 13:41:46.967249+02,2026-10-07 13:41:46.967249+02
20240412,8744,496.089,2026-10-07 13:41:46.967249+02,2026-10-07 13:41:46.967249+02
20240412,8745,523.055,2026-10-07 13:41:46.967249+02,2026-10-07 13:41:46.967249+02
20240413,8741,561241.574,2026-10-07 13:41:46.967249+02,2026-10-07 13:41:46.967249+02
20240413,8742,23696.746,2026-10-07 13:41:46.967249+02,2026-10-07 13:41:46.967249+02
20240413,8743,10224.533,2026-10-07 13:41:46.967249+02,2026-10-07 13:41:46.967249+02
20240413,8744,505.806,2026-10-07 13:41:46.967249+02,2026-10-07 13:41:46.967249+02
20240413,8745,506.844,2026-10-07 13:41:46.967249+02,2026-10-07 13:41:46.967249+02
20240414,8741,541136.932,2026-10-07 13:41:46.967249+02,2026-10-07 13:41:46.967249+02
20240414,8742,22482.014,2026-10-07 13:41:46.967249+02,2026-10-07 13:41:46.967249+02
20240414,8743,9732.750,2026-10-07 13:41:46.967249+02,2026-10-07 13:41:46.967249+02
20240414,8744,502.536,2026-10-07 13:41:46.967249+02,2026-10-07 13:41:46.967249+02
20240414,8745,494.409,2026-10-07 13:41:46.967249+02,2026-10-07 13:41:46.967249+02
20240415,8741,651304.667,2026-10-07 13:41:46.967249+02,2026-10-07 13:41:46.967249+02
20240415,8742,24766.330,2026-10-07 13:41:46.967249+02,2026-10-07 13:41:46.967249+02
20240415,8743,10580.589,2026-10-07 13:41:46.967249+02,2026-10-07 13:41:46.967249+02
20240415,8744,521.545,2026-10-07 13:41:46.967249+02,2026-10-07 13:41:46.967249+02
20240415,8745,539.936,2026-10-07 13:41:46.967249+02,2026-10-07 13:41:46.967249+02
20240416,8741,701131.487,2026-10-07 13:41:46.967249+02,2026-10-07 13:41:46.967249+02
20240416,8742,24741.922,2026-10-07 13:41:46.967249+02,2026-10-07 13:41:46.967249+02
20240416,8743,11400.440,2026-10-07 13:41:46.967249+02,2026-10-07 13:41:46.967249+02
20240416,8744,520.640,2026-10-07 13:41:46.967249+02,2026-10-07 13:41:46.967249+02
20240416,8745,555.561,2026-10-07 13:41:46.967249+02,2026-10-07 13:41:46.967249+02
20240417,8741,707763.567,2026-10-07 13:41:46.967249+02,2026-10-07 13:41:46.967249+02
20240417,8742,24851.480,2026-10-07 13:41:46.967249+02,2026-10-07 13:41:46.967249+02
20240417,8743,11445.223,2026-10-07 13:41:46.967249+02,2026-10-07 13:41:46.967249+02
20240417,8744,521.143,2026-10-07 13:41:46.967249+02,2026-10-07 13:41:46.967249+02
20240417,8745,561.395,2026-10-07 13:41:46.967249+02,2026-10-07 13:41:46.967249+02
20240418,8741,714183.938,2026-10-07 13:41:46.967249+02,2026-10-07 13:41:46.967249+02
20240418,8742,24911.008,2026-10-07 13:41:46.967249+02,2026-10-07 13:41:46.967249+02
20240418,8743,11469.864,2026-10-07 13:41:46.967249+02,2026-10-07 13:41:46.967249+02
20240418,8744,515.098,2026-10-07 13:41:46.967249+02,2026-10-07 13:41:46.967249+02
20240418,8745,552.903,2026-10-07 13:41:46.967249+02,2026-10-07 13:41:46.967249+02
20240419,8741,657993.382,2026-10-07 13:41:46.967249+02,2026-10-07 13:41:46.967249+02
20240419,8742,24533.284,2026-10-07 13:41:46.967249+02,2026-10-07 13:41:46.967249+02
20240419,8743,11213.690,2026-10-07 13:41:46.967249+02,2026-10-07 13:41:46.967249+02
20240419,8744,502.872,2026-10-07 13:41:46.967249+02,2026-10-07 13:41:46.967249+02
20240419,8745,548.154,2026-10-07 13:41:46.967249+02,2026-10-07 13:41:46.967249+02
20240420,8741,647621.777,2026-10-07 13:41:46.967249+02,2026-10-07 13:41:46.967249+02
20240420,8742,23137.161,2026-10-07 13:41:46.967249+02,2026-10-07 13:41:46.967249+02
20240420,8743,10568.956,2026-10-07 13:41:46.967249+02,2026-10-07 13:41:46.967249+02
20240420,8744,508.556,2026-10-07 13:41:46.967249+02,2026-10-07 13:41:46.967249+02
20240420,8745,534.392,2026-10-07 13:41:46.967249+02,2026-10-07 13:41:46.967249+02
20240421,8741,633430.532,2026-10-07 13:41:46.967249+02,2026-10-07 13:41:46.967249+02
20240421,8742,21951.528,2026-10-07 13:41:46.967249+02,2026-10-07 13:41:46.967249+02
20240421,8743,10064.002,2026-10-07 13:41:46.967249+02,2026-10-07 13:41:46.967249+02
20240421,8744,499.232,2026-10-07 13:41:46.967249+02,2026-10-07 13:41:46.967249+02
20240421,8745,513.958,2026-10-07 13:41:46.967249+02,2026-10-07 13:41:46.967249+02
20240422,8741,716181.760,2026-10-07 13:41:46.967249+02,2026-10-07 13:41:46.967249+02
20240422,8742,23989.600,2026-10-07 13:41:46.967249+02,2026-10-07 13:41:46.967249+02
20240422,8743,11557.585,2026-10-07 13:41:46.967249+02,2026-10-07 13:41:46.967249+02
20240422,8744,520.957,2026-10-07 13:41:46.967249+02,2026-10-07 13:41:46.967249+02
20240422,8745,543.592,2026-10-07 13:41:46.967249+02,2026-10-07 13:41:46.967249+02
20240423,8741,719470.510,2026-10-07 13:41:46.967249+02,2026-10-07 13:41:46.967249+02
20240423,8742,24026.782,2026-10-07 13:41:46.967249+02,2026-10-07 13:41:46.967249+02
20240423,8743,12358.257,2026-10-07 13:41:46.967249+02,2026-10-07 13:41:46.967249+02
20240423,8744,517.876,2026-10-07 13:41:46.967249+02,2026-10-07 13:41:46.967249+02
20240423,8745,542.652,2026-10-07 13:41:46.967249+02,2026-10-07 13:41:46.967249+02
20240424,8741,733408.757,2026-10-07 13:41:46.967249+02,2026-10-07 13:41:46.967249+02
20240424,8742,23944.181,2026-10-07 13:41:46.967249+02,2026-10-07 13:41:46.967249+02
20240424,8743,11703.703,2026-10-07 13:41:46.967249+02,2026-10-07 13:41:46.967249+02
20240424,8744,516.019,2026-10-07 13:41:46.967249+02,2026-10-07 13:41:46.967249+02
20240424,8745,544.155,2026-10-07 13:41:46.967249+02,2026-10-07 13:41:46.967249+02
20240425,8741,669143.954,2026-10-07 13:41:46.967249+02,2026-10-07 13:41:46.967249+02
20240425,8742,23906.598,2026-10-07 13:41:46.967249+02,2026-10-07 13:41:46.967249+02
20240425,8743,11450.857,2026-10-07 13:41:46.967249+02,2026-10-07 13:41:46.967249+02
20240425,8744,516.344,2026-10-07 13:41:46.967249+02,2026-10-07 13:41:46.967249+02
20240425,8745,548.229,2026-10-07 13:41:46.967249+02,2026-10-07 13:41:46.967249+02
20240426,8741,667565.216,2026-10-07 13:41:46.967249+02,2026-10-07 13:41:46.967249+02
20240426,8742,23691.049,2026-10-07 13:41:46.967249+02,2026-10-07 13:41:46.967249+02
20240426,8743,11505.459,2026-10-07 13:41:46.967249+02,2026-10-07 13:41:46.967249+02
20240426,8744,507.830,2026-10-07 13:41:46.967249+02,2026-10-07 13:41:46.967249+02
20240426,8745,509.878,2026-10-07 13:41:46.967249+02,2026-10-07 13:41:46.967249+02
20240427,8741,640791.799,2026-10-07 13:41:46.967249+02,2026-10-07 13:41:46.967249+02
20240427,8742,22674.160,2026-10-07 13:41:46.967249+02,2026-10-07 13:41:46.967249+02
20240427,8743,10862.933,2026-10-07 13:41:46.967249+02,2026-10-07 13:41:46.967249+02
20240427,8744,514.390,2026-10-07 13:41:46.967249+02,2026-10-07 13:41:46.967249+02
20240427,8745,495.625,2026-10-07 13:41:46.967249+02,2026-10-07 13:41:46.967249+02
20240428,8741,539926.859,2026-10-07 13:41:46.967249+02,2026-10-07 13:41:46.967249+02
20240428,8742,21419.825,2026-10-07 13:41:46.967249+02,2026-10-07 13:41:46.967249+02
20240428,8743,10811.559,2026-10-07 13:41:46.967249+02,2026-10-07 13:41:46.967249+02
20240428,8744,511.837,2026-10-07 13:41:46.967249+02,2026-10-07 13:41:46.967249+02
20240428,8745,510.493,2026-10-07 13:41:46.967249+02,2026-10-07 13:41:46.967249+02
20240429,8741,635458.751,2026-10-07 13:41:46.967249+02,2026-10-07 13:41:46.967249+02
20240429,8742,23332.020,2026-10-07 13:41:46.967249+02,2026-10-07 13:41:46.967249+02
20240429,8743,11552.678,2026-10-07 13:41:46.967249+02,2026-10-07 13:41:46.967249+02
20240429,8744,510.250,2026-10-07 13:41:46.967249+02,2026-10-07 13:41:46.967249+02
20240429,8745,503.126,2026-10-07 13:41:46.967249+02,2026-10-07 13:41:46.967249+02
20240430,8741,654434.649,2026-10-07 13:41:46.967249+02,2026-10-07 13:41:46.967249+02
20240430,8742,23352.204,2026-10-07 13:41:46.967249+02,2026-10-07 13:41:46.967249+02
20240430,8743,11186.133,2026-10-07 13:41:46.967249+02,2026-10-07 13:41:46.967249+02
20240430,8744,502.522,2026-10-07 13:41:46.967249+02,2026-10-07 13:41:46.967249+02
20240430,8745,513.115,2026-10-07 13:41:46.967249+02,2026-10-07 13:41:46.967249+02
20240501,8741,622222.084,2026-10-07 13:41:46.967249+02,2026-10-07 13:41:46.967249+02
20240501,8742,21664.891,2026-10-07 13:41:46.967249+02,2026-10-07 13:41:46.967249+02
20240501,8743,10829.014,2026-10-07 13:41:46.967249+02,2026-10-07 13:41:46.967249+02
20240501,8744,474.461,2026-10-07 13:41:46.967249+02,2026-10-07 13:41:46.967249+02
20240501,8745,503.976,2026-10-07 13:41:46.967249+02,2026-10-07 13:41:46.967249+02
20240502,8741,698453.182,2026-10-07 13:41:46.967249+02,2026-10-07 13:41:46.967249+02
20240502,8742,23326.446,2026-10-07 13:41:46.967249+02,2026-10-07 13:41:46.967249+02
20240502,8743,10762.635,2026-10-07 13:41:46.967249+02,2026-10-07 13:41:46.967249+02
20240502,8744,497.928,2026-10-07 13:41:46.967249+02,2026-10-07 13:41:46.967249+02
20240502,8745,535.462,2026-10-07 13:41:46.967249+02,2026-10-07 13:41:46.967249+02
20240503,8741,680547.451,2026-10-07 13:41:46.967249+02,2026-10-07 13:41:46.967249+02
20240503,8742,22878.179,2026-10-07 13:41:46.967249+02,2026-10-07 13:41:46.967249+02
20240503,8743,10821.214,2026-10-07 13:41:46.967249+02,2026-10-07 13:41:46.967249+02
20240503,8744,486.624,2026-10-07 13:41:46.967249+02,2026-10-07 13:41:46.967249+02
20240503,8745,531.165,2026-10-07 13:41:46.967249+02,2026-10-07 13:41:46.967249+02
20240504,8741,672491.239,2026-10-07 13:41:46.967249+02,2026-10-07 13:41:46.967249+02
20240504,8742,22151.621,2026-10-07 13:41:46.967249+02,2026-10-07 13:41:46.967249+02
20240504,8743,11148.255,2026-10-07 13:41:46.967249+02,2026-10-07 13:41:46.967249+02
20240504,8744,498.670,2026-10-07 13:41:46.967249+02,2026-10-07 13:41:46.967249+02
20240504,8745,509.342,2026-10-07 13:41:46.967249+02,2026-10-07 13:41:46.967249+02
20240505,8741,596227.872,2026-10-07 13:41:46.967249+02,2026-10-07 13:41:46.967249+02
20240505,8742,21004.454,2026-10-07 13:41:46.967249+02,2026-10-07 13:41:46.967249+02
20240505,8743,10519.567,2026-10-07 13:41:46.967249+02,2026-10-07 13:41:46.967249+02
20240505,8744,494.280,2026-10-07 13:41:46.967249+02,2026-10-07 13:41:46.967249+02
20240505,8745,489.441,2026-10-07 13:41:46.967249+02,2026-10-07 13:41:46.967249+02
20240506,8741,664818.305,2026-10-07 13:41:46.967249+02,2026-10-07 13:41:46.967249+02
20240506,8742,23471.863,2026-10-07 13:41:46.967249+02,2026-10-07 13:41:46.967249+02
20240506,8743,11067.476,2026-10-07 13:41:46.967249+02,2026-10-07 13:41:46.967249+02
20240506,8744,527.619,2026-10-07 13:41:46.967249+02,2026-10-07 13:41:46.967249+02
20240506,8745,545.785,2026-10-07 13:41:46.967249+02,2026-10-07 13:41:46.967249+02
20240507,8741,718002.940,2026-10-07 13:41:46.967249+02,2026-10-07 13:41:46.967249+02
20240507,8742,23722.548,2026-10-07 13:41:46.967249+02,2026-10-07 13:41:46.967249+02
20240507,8743,11337.458,2026-10-07 13:41:46.967249+02,2026-10-07 13:41:46.967249+02
20240507,8744,509.749,2026-10-07 13:41:46.967249+02,2026-10-07 13:41:46.967249+02
20240507,8745,548.420,2026-10-07 13:41:46.967249+02,2026-10-07 13:41:46.967249+02
20240508,8741,701624.043,2026-10-07 13:41:46.967249+02,2026-10-07 13:41:46.967249+02
20240508,8742,24095.502,2026-10-07 13:41:46.967249+02,2026-10-07 13:41:46.967249+02
20240508,8743,11267.419,2026-10-07 13:41:46.967249+02,2026-10-07 13:41:46.967249+02
20240508,8744,517.433,2026-10-07 13:41:46.967249+02,2026-10-07 13:41:46.967249+02
20240508,8745,544.424,2026-10-07 13:41:46.967249+02,2026-10-07 13:41:46.967249+02
20240509,8741,624374.088,2026-10-07 13:41:46.967249+02,2026-10-07 13:41:46.967249+02
20240509,8742,24280.188,2026-10-07 13:41:46.967249+02,2026-10-07 13:41:46.967249+02
20240509,8743,11315.345,2026-10-07 13:41:46.967249+02,2026-10-07 13:41:46.967249+02
20240509,8744,516.560,2026-10-07 13:41:46.967249+02,2026-10-07 13:41:46.967249+02
20240509,8745,543.171,2026-10-07 13:41:46.967249+02,2026-10-07 13:41:46.967249+02
20240510,8741,646323.588,2026-10-07 13:41:46.967249+02,2026-10-07 13:41:46.967249+02
20240510,8742,24020.745,2026-10-07 13:41:46.967249+02,2026-10-07 13:41:46.967249+02
20240510,8743,11520.136,2026-10-07 13:41:46.967249+02,2026-10-07 13:41:46.967249+02
20240510,8744,508.629,2026-10-07 13:41:46.967249+02,2026-10-07 13:41:46.967249+02
20240510,8745,541.820,2026-10-07 13:41:46.967249+02,2026-10-07 13:41:46.967249+02
20240511,8741,579237.768,2026-10-07 13:41:46.967249+02,2026-10-07 13:41:46.967249+02
20240511,8742,22745.007,2026-10-07 13:41:46.967249+02,2026-10-07 13:41:46.967249+02
20240511,8743,11358.178,2026-10-07 13:41:46.967249+02,2026-10-07 13:41:46.967249+02
20240511,8744,508.537,2026-10-07 13:41:46.967249+02,2026-10-07 13:41:46.967249+02
20240511,8745,524.124,2026-10-07 13:41:46.967249+02,2026-10-07 13:41:46.967249+02
20240512,8741,505694.735,2026-10-07 13:41:46.967249+02,2026-10-07 13:41:46.967249+02
20240512,8742,21334.753,2026-10-07 13:41:46.967249+02,2026-10-07 13:41:46.967249+02
20240512,8743,10938.675,2026-10-07 13:41:46.967249+02,2026-10-07 13:41:46.967249+02
20240512,8744,512.464,2026-10-07 13:41:46.967249+02,2026-10-07 13:41:46.967249+02
20240512,8745,498.866,2026-10-07 13:41:46.967249+02,2026-10-07 13:41:46.967249+02
20240513,8741,645137.981,2026-10-07 13:41:46.967249+02,2026-10-07 13:41:46.967249+02
20240513,8742,23650.017,2026-10-07 13:41:46.967249+02,2026-10-07 13:41:46.967249+02
20240513,8743,11272.142,2026-10-07 13:41:46.967249+02,2026-10-07 13:41:46.967249+02
20240513,8744,519.588,2026-10-07 13:41:46.967249+02,2026-10-07 13:41:46.967249+02
20240513,8745,546.279,2026-10-07 13:41:46.967249+02,2026-10-07 13:41:46.967249+02
20240514,8741,676397.055,2026-10-07 13:41:46.967249+02,2026-10-07 13:41:46.967249+02
20240514,8742,24024.086,2026-10-07 13:41:46.967249+02,2026-10-07 13:41:46.967249+02
20240514,8743,11884.952,2026-10-07 13:41:46.967249+02,2026-10-07 13:41:46.967249+02
20240514,8744,512.373,2026-10-07 13:41:46.967249+02,2026-10-07 13:41:46.967249+02
20240514,8745,551.794,2026-10-07 13:41:46.967249+02,2026-10-07 13:41:46.967249+02
20240515,8741,663816.695,2026-10-07 13:41:46.967249+02,2026-10-07 13:41:46.967249+02
20240515,8742,24021.479,2026-10-07 13:41:46.967249+02,2026-10-07 13:41:46.967249+02
20240515,8743,11911.690,2026-10-07 13:41:46.967249+02,2026-10-07 13:41:46.967249+02
20240515,8744,516.044,2026-10-07 13:41:46.967249+02,2026-10-07 13:41:46.967249+02
20240515,8745,548.329,2026-10-07 13:41:46.967249+02,2026-10-07 13:41:46.967249+02
20240516,8741,666811.005,2026-10-07 13:41:46.967249+02,2026-10-07 13:41:46.967249+02
20240516,8742,23984.197,2026-10-07 13:41:46.967249+02,2026-10-07 13:41:46.967249+02
20240516,8743,11885.155,2026-10-07 13:41:46.967249+02,2026-10-07 13:41:46.967249+02
20240516,8744,516.548,2026-10-07 13:41:46.967249+02,2026-10-07 13:41:46.967249+02
20240516,8745,545.857,2026-10-07 13:41:46.967249+02,2026-10-07 13:41:46.967249+02
20240517,8741,637674.378,2026-10-07 13:41:46.967249+02,2026-10-07 13:41:46.967249+02
20240517,8742,24128.838,2026-10-07 13:41:46.967249+02,2026-10-07 13:41:46.967249+02
20240517,8743,12081.624,2026-10-07 13:41:46.967249+02,2026-10-07 13:41:46.967249+02
20240517,8744,499.928,2026-10-07 13:41:46.967249+02,2026-10-07 13:41:46.967249+02
20240517,8745,544.951,2026-10-07 13:41:46.967249+02,2026-10-07 13:41:46.967249+02
20240518,8741,576109.453,2026-10-07 13:41:46.967249+02,2026-10-07 13:41:46.967249+02
20240518,8742,22801.373,2026-10-07 13:41:46.967249+02,2026-10-07 13:41:46.967249+02
20240518,8743,11694.278,2026-10-07 13:41:46.967249+02,2026-10-07 13:41:46.967249+02
20240518,8744,521.914,2026-10-07 13:41:46.967249+02,2026-10-07 13:41:46.967249+02
20240518,8745,521.875,2026-10-07 13:41:46.967249+02,2026-10-07 13:41:46.967249+02
20240519,8741,527598.774,2026-10-07 13:41:46.967249+02,2026-10-07 13:41:46.967249+02
20240519,8742,21608.666,2026-10-07 13:41:46.967249+02,2026-10-07 13:41:46.967249+02
20240519,8743,11008.084,2026-10-07 13:41:46.967249+02,2026-10-07 13:41:46.967249+02
20240519,8744,502.212,2026-10-07 13:41:46.967249+02,2026-10-07 13:41:46.967249+02
20240519,8745,503.026,2026-10-07 13:41:46.967249+02,2026-10-07 13:41:46.967249+02
20240520,8741,591923.110,2026-10-07 13:41:46.967249+02,2026-10-07 13:41:46.967249+02
20240520,8742,23390.710,2026-10-07 13:41:46.967249+02,2026-10-07 13:41:46.967249+02
20240520,8743,11777.526,2026-10-07 13:41:46.967249+02,2026-10-07 13:41:46.967249+02
20240520,8744,507.036,2026-10-07 13:41:46.967249+02,2026-10-07 13:41:46.967249+02
20240520,8745,544.716,2026-10-07 13:41:46.967249+02,2026-10-07 13:41:46.967249+02
20240521,8741,631197.897,2026-10-07 13:41:46.967249+02,2026-10-07 13:41:46.967249+02
20240521,8742,23441.053,2026-10-07 13:41:46.967249+02,2026-10-07 13:41:46.967249+02
20240521,8743,11938.790,2026-10-07 13:41:46.967249+02,2026-10-07 13:41:46.967249+02
20240521,8744,512.955,2026-10-07 13:41:46.967249+02,2026-10-07 13:41:46.967249+02
20240521,8745,544.989,2026-10-07 13:41:46.967249+02,2026-10-07 13:41:46.967249+02
20240522,8741,636067.000,2026-10-07 13:41:46.967249+02,2026-10-07 13:41:46.967249+02
20240522,8742,23485.055,2026-10-07 13:41:46.967249+02,2026-10-07 13:41:46.967249+02
20240522,8743,12236.298,2026-10-07 13:41:46.967249+02,2026-10-07 13:41:46.967249+02
20240522,8744,523.243,2026-10-07 13:41:46.967249+02,2026-10-07 13:41:46.967249+02
20240522,8745,554.253,2026-10-07 13:41:46.967249+02,2026-10-07 13:41:46.967249+02
20240523,8741,632703.047,2026-10-07 13:41:46.967249+02,2026-10-07 13:41:46.967249+02
20240523,8742,23444.986,2026-10-07 13:41:46.967249+02,2026-10-07 13:41:46.967249+02
20240523,8743,11844.660,2026-10-07 13:41:46.967249+02,2026-10-07 13:41:46.967249+02
20240523,8744,523.888,2026-10-07 13:41:46.967249+02,2026-10-07 13:41:46.967249+02
20240523,8745,559.932,2026-10-07 13:41:46.967249+02,2026-10-07 13:41:46.967249+02
20240524,8741,637190.683,2026-10-07 13:41:46.967249+02,2026-10-07 13:41:46.967249+02
20240524,8742,23519.432,2026-10-07 13:41:46.967249+02,2026-10-07 13:41:46.967249+02
20240524,8743,12261.738,2026-10-07 13:41:46.967249+02,2026-10-07 13:41:46.967249+02
20240524,8744,506.843,2026-10-07 13:41:46.967249+02,2026-10-07 13:41:46.967249+02
20240524,8745,559.960,2026-10-07 13:41:46.967249+02,2026-10-07 13:41:46.967249+02
20240525,8741,595584.232,2026-10-07 13:41:46.967249+02,2026-10-07 13:41:46.967249+02
20240525,8742,22288.458,2026-10-07 13:41:46.967249+02,2026-10-07 13:41:46.967249+02
20240525,8743,12133.797,2026-10-07 13:41:46.967249+02,2026-10-07 13:41:46.967249+02
20240525,8744,538.919,2026-10-07 13:41:46.967249+02,2026-10-07 13:41:46.967249+02
20240525,8745,532.550,2026-10-07 13:41:46.967249+02,2026-10-07 13:41:46.967249+02
20240526,8741,533985.831,2026-10-07 13:41:46.967249+02,2026-10-07 13:41:46.967249+02
20240526,8742,21160.834,2026-10-07 13:41:46.967249+02,2026-10-07 13:41:46.967249+02
20240526,8743,11695.232,2026-10-07 13:41:46.967249+02,2026-10-07 13:41:46.967249+02
20240526,8744,514.779,2026-10-07 13:41:46.967249+02,2026-10-07 13:41:46.967249+02
20240526,8745,502.787,2026-10-07 13:41:46.967249+02,2026-10-07 13:41:46.967249+02
20240527,8741,651565.643,2026-10-07 13:41:46.967249+02,2026-10-07 13:41:46.967249+02
20240527,8742,23562.642,2026-10-07 13:41:46.967249+02,2026-10-07 13:41:46.967249+02
20240527,8743,12324.639,2026-10-07 13:41:46.967249+02,2026-10-07 13:41:46.967249+02
20240527,8744,529.183,2026-10-07 13:41:46.967249+02,2026-10-07 13:41:46.967249+02
20240527,8745,557.097,2026-10-07 13:41:46.967249+02,2026-10-07 13:41:46.967249+02
20240528,8741,633727.173,2026-10-07 13:41:46.967249+02,2026-10-07 13:41:46.967249+02
20240528,8742,23770.057,2026-10-07 13:41:46.967249+02,2026-10-07 13:41:46.967249+02
20240528,8743,12695.267,2026-10-07 13:41:46.967249+02,2026-10-07 13:41:46.967249+02
20240528,8744,542.693,2026-10-07 13:41:46.967249+02,2026-10-07 13:41:46.967249+02
20240528,8745,573.339,2026-10-07 13:41:46.967249+02,2026-10-07 13:41:46.967249+02
20240529,8741,665899.550,2026-10-07 13:41:46.967249+02,2026-10-07 13:41:46.967249+02
20240529,8742,23690.000,2026-10-07 13:41:46.967249+02,2026-10-07 13:41:46.967249+02
20240529,8743,12750.465,2026-10-07 13:41:46.967249+02,2026-10-07 13:41:46.967249+02
20240529,8744,540.177,2026-10-07 13:41:46.967249+02,2026-10-07 13:41:46.967249+02
20240529,8745,560.072,2026-10-07 13:41:46.967249+02,2026-10-07 13:41:46.967249+02
20240530,8741,709572.257,2026-10-07 13:41:46.967249+02,2026-10-07 13:41:46.967249+02
20240530,8742,21907.725,2026-10-07 13:41:46.967249+02,2026-10-07 13:41:46.967249+02
20240530,8743,12802.837,2026-10-07 13:41:46.967249+02,2026-10-07 13:41:46.967249+02
20240530,8744,536.925,2026-10-07 13:41:46.967249+02,2026-10-07 13:41:46.967249+02
20240530,8745,571.674,2026-10-07 13:41:46.967249+02,2026-10-07 13:41:46.967249+02
20240531,8741,735308.633,2026-10-07 13:41:46.967249+02,2026-10-07 13:41:46.967249+02
20240531,8742,23566.914,2026-10-07 13:41:46.967249+02,2026-10-07 13:41:46.967249+02
20240531,8743,12854.521,2026-10-07 13:41:46.967249+02,2026-10-07 13:41:46.967249+02
20240531,8744,533.094,2026-10-07 13:41:46.967249+02,2026-10-07 13:41:46.967249+02
20240531,8745,577.589,2026-10-07 13:41:46.967249+02,2026-10-07 13:41:46.967249+02
20240601,8741,682648.492,2026-10-07 13:41:46.967249+02,2026-10-07 13:41:46.967249+02
20240601,8742,22696.148,2026-10-07 13:41:46.967249+02,2026-10-07 13:41:46.967249+02
20240601,8743,12172.305,2026-10-07 13:41:46.967249+02,2026-10-07 13:41:46.967249+02
20240601,8744,551.559,2026-10-07 13:41:46.967249+02,2026-10-07 13:41:46.967249+02
20240601,8745,533.556,2026-10-07 13:41:46.967249+02,2026-10-07 13:41:46.967249+02
20240602,8741,643129.733,2026-10-07 13:41:46.967249+02,2026-10-07 13:41:46.967249+02
20240602,8742,21441.000,2026-10-07 13:41:46.967249+02,2026-10-07 13:41:46.967249+02
20240602,8743,11589.427,2026-10-07 13:41:46.967249+02,2026-10-07 13:41:46.967249+02
20240602,8744,524.560,2026-10-07 13:41:46.967249+02,2026-10-07 13:41:46.967249+02
20240602,8745,515.512,2026-10-07 13:41:46.967249+02,2026-10-07 13:41:46.967249+02
20240603,8741,674868.844,2026-10-07 13:41:46.967249+02,2026-10-07 13:41:46.967249+02
20240603,8742,23702.064,2026-10-07 13:41:46.967249+02,2026-10-07 13:41:46.967249+02
20240603,8743,12678.264,2026-10-07 13:41:46.967249+02,2026-10-07 13:41:46.967249+02
20240603,8744,517.543,2026-10-07 13:41:46.967249+02,2026-10-07 13:41:46.967249+02
20240603,8745,545.238,2026-10-07 13:41:46.967249+02,2026-10-07 13:41:46.967249+02
20240604,8741,642406.377,2026-10-07 13:41:46.967249+02,2026-10-07 13:41:46.967249+02
20240604,8742,24043.745,2026-10-07 13:41:46.967249+02,2026-10-07 13:41:46.967249+02
20240604,8743,13472.911,2026-10-07 13:41:46.967249+02,2026-10-07 13:41:46.967249+02
20240604,8744,529.727,2026-10-07 13:41:46.967249+02,2026-10-07 13:41:46.967249+02
20240604,8745,561.927,2026-10-07 13:41:46.967249+02,2026-10-07 13:41:46.967249+02
20240605,8741,682230.091,2026-10-07 13:41:46.967249+02,2026-10-07 13:41:46.967249+02
20240605,8742,24161.829,2026-10-07 13:41:46.967249+02,2026-10-07 13:41:46.967249+02
20240605,8743,13718.989,2026-10-07 13:41:46.967249+02,2026-10-07 13:41:46.967249+02
20240605,8744,539.243,2026-10-07 13:41:46.967249+02,2026-10-07 13:41:46.967249+02
20240605,8745,575.313,2026-10-07 13:41:46.967249+02,2026-10-07 13:41:46.967249+02
20240606,8741,720202.843,2026-10-07 13:41:46.967249+02,2026-10-07 13:41:46.967249+02
20240606,8742,24363.888,2026-10-07 13:41:46.967249+02,2026-10-07 13:41:46.967249+02
20240606,8743,14228.647,2026-10-07 13:41:46.967249+02,2026-10-07 13:41:46.967249+02
20240606,8744,547.930,2026-10-07 13:41:46.967249+02,2026-10-07 13:41:46.967249+02
20240606,8745,595.652,2026-10-07 13:41:46.967249+02,2026-10-07 13:41:46.967249+02
20240607,8741,717546.034,2026-10-07 13:41:46.967249+02,2026-10-07 13:41:46.967249+02
20240607,8742,24390.118,2026-10-07 13:41:46.967249+02,2026-10-07 13:41:46.967249+02
20240607,8743,13471.336,2026-10-07 13:41:46.967249+02,2026-10-07 13:41:46.967249+02
20240607,8744,537.973,2026-10-07 13:41:46.967249+02,2026-10-07 13:41:46.967249+02
20240607,8745,591.551,2026-10-07 13:41:46.967249+02,2026-10-07 13:41:46.967249+02
20240608,8741,636530.661,2026-10-07 13:41:46.967249+02,2026-10-07 13:41:46.967249+02
20240608,8742,23243.413,2026-10-07 13:41:46.967249+02,2026-10-07 13:41:46.967249+02
20240608,8743,14495.428,2026-10-07 13:41:46.967249+02,2026-10-07 13:41:46.967249+02
20240608,8744,553.102,2026-10-07 13:41:46.967249+02,2026-10-07 13:41:46.967249+02
20240608,8745,543.258,2026-10-07 13:41:46.967249+02,2026-10-07 13:41:46.967249+02
20240609,8741,639250.552,2026-10-07 13:41:46.967249+02,2026-10-07 13:41:46.967249+02
20240609,8742,21737.269,2026-10-07 13:41:46.967249+02,2026-10-07 13:41:46.967249+02
20240609,8743,12595.822,2026-10-07 13:41:46.967249+02,2026-10-07 13:41:46.967249+02
20240609,8744,531.534,2026-10-07 13:41:46.967249+02,2026-10-07 13:41:46.967249+02
20240609,8745,531.986,2026-10-07 13:41:46.967249+02,2026-10-07 13:41:46.967249+02
20240610,8741,665867.693,2026-10-07 13:41:46.967249+02,2026-10-07 13:41:46.967249+02
20240610,8742,23974.926,2026-10-07 13:41:46.967249+02,2026-10-07 13:41:46.967249+02
20240610,8743,13152.215,2026-10-07 13:41:46.967249+02,2026-10-07 13:41:46.967249+02
20240610,8744,516.477,2026-10-07 13:41:46.967249+02,2026-10-07 13:41:46.967249+02
20240610,8745,577.570,2026-10-07 13:41:46.967249+02,2026-10-07 13:41:46.967249+02
20240611,8741,683702.354,2026-10-07 13:41:46.967249+02,2026-10-07 13:41:46.967249+02
20240611,8742,24025.687,2026-10-07 13:41:46.967249+02,2026-10-07 13:41:46.967249+02
20240611,8743,12406.433,2026-10-07 13:41:46.967249+02,2026-10-07 13:41:46.967249+02
20240611,8744,540.121,2026-10-07 13:41:46.967249+02,2026-10-07 13:41:46.967249+02
20240611,8745,579.889,2026-10-07 13:41:46.967249+02,2026-10-07 13:41:46.967249+02
20240612,8741,687161.945,2026-10-07 13:41:46.967249+02,2026-10-07 13:41:46.967249+02
20240612,8742,23897.374,2026-10-07 13:41:46.967249+02,2026-10-07 13:41:46.967249+02
20240612,8743,13312.936,2026-10-07 13:41:46.967249+02,2026-10-07 13:41:46.967249+02
20240612,8744,537.024,2026-10-07 13:41:46.967249+02,2026-10-07 13:41:46.967249+02
20240612,8745,584.169,2026-10-07 13:41:46.967249+02,2026-10-07 13:41:46.967249+02
20240613,8741,649218.216,2026-10-07 13:41:46.967249+02,2026-10-07 13:41:46.967249+02
20240613,8742,23940.887,2026-10-07 13:41:46.967249+02,2026-10-07 13:41:46.967249+02
20240613,8743,11997.604,2026-10-07 13:41:46.967249+02,2026-10-07 13:41:46.967249+02
20240613,8744,479.885,2026-10-07 13:41:46.967249+02,2026-10-07 13:41:46.967249+02
20240613,8745,593.473,2026-10-07 13:41:46.967249+02,2026-10-07 13:41:46.967249+02
20240614,8741,686324.958,2026-10-07 13:41:46.967249+02,2026-10-07 13:41:46.967249+02
20240614,8742,23823.432,2026-10-07 13:41:46.967249+02,2026-10-07 13:41:46.967249+02
20240614,8743,12283.147,2026-10-07 13:41:46.967249+02,2026-10-07 13:41:46.967249+02
20240614,8744,525.076,2026-10-07 13:41:46.967249+02,2026-10-07 13:41:46.967249+02
20240614,8745,602.179,2026-10-07 13:41:46.967249+02,2026-10-07 13:41:46.967249+02
20240615,8741,596935.837,2026-10-07 13:41:46.967249+02,2026-10-07 13:41:46.967249+02
20240615,8742,22458.324,2026-10-07 13:41:46.967249+02,2026-10-07 13:41:46.967249+02
20240615,8743,12023.743,2026-10-07 13:41:46.967249+02,2026-10-07 13:41:46.967249+02
20240615,8744,533.400,2026-10-07 13:41:46.967249+02,2026-10-07 13:41:46.967249+02
20240615,8745,571.947,2026-10-07 13:41:46.967249+02,2026-10-07 13:41:46.967249+02
20240616,8741,564090.489,2026-10-07 13:41:46.967249+02,2026-10-07 13:41:46.967249+02
20240616,8742,21604.847,2026-10-07 13:41:46.967249+02,2026-10-07 13:41:46.967249+02
20240616,8743,12133.171,2026-10-07 13:41:46.967249+02,2026-10-07 13:41:46.967249+02
20240616,8744,524.444,2026-10-07 13:41:46.967249+02,2026-10-07 13:41:46.967249+02
20240616,8745,526.742,2026-10-07 13:41:46.967249+02,2026-10-07 13:41:46.967249+02
20240617,8741,705567.838,2026-10-07 13:41:46.967249+02,2026-10-07 13:41:46.967249+02
20240617,8742,23710.871,2026-10-07 13:41:46.967249+02,2026-10-07 13:41:46.967249+02
20240617,8743,13135.783,2026-10-07 13:41:46.967249+02,2026-10-07 13:41:46.967249+02
20240617,8744,466.511,2026-10-07 13:41:46.967249+02,2026-10-07 13:41:46.967249+02
20240617,8745,519.875,2026-10-07 13:41:46.967249+02,2026-10-07 13:41:46.967249+02
20240618,8741,678892.730,2026-10-07 13:41:46.967249+02,2026-10-07 13:41:46.967249+02
20240618,8742,23957.312,2026-10-07 13:41:46.967249+02,2026-10-07 13:41:46.967249+02
20240618,8743,13505.487,2026-10-07 13:41:46.967249+02,2026-10-07 13:41:46.967249+02
20240618,8744,532.166,2026-10-07 13:41:46.967249+02,2026-10-07 13:41:46.967249+02
20240618,8745,572.180,2026-10-07 13:41:46.967249+02,2026-10-07 13:41:46.967249+02
20240619,8741,660945.770,2026-10-07 13:41:46.967249+02,2026-10-07 13:41:46.967249+02
20240619,8742,23928.878,2026-10-07 13:41:46.967249+02,2026-10-07 13:41:46.967249+02
20240619,8743,14212.855,2026-10-07 13:41:46.967249+02,2026-10-07 13:41:46.967249+02
20240619,8744,531.128,2026-10-07 13:41:46.967249+02,2026-10-07 13:41:46.967249+02
20240619,8745,574.971,2026-10-07 13:41:46.967249+02,2026-10-07 13:41:46.967249+02
20240620,8741,709615.474,2026-10-07 13:41:46.967249+02,2026-10-07 13:41:46.967249+02
20240620,8742,23868.158,2026-10-07 13:41:46.967249+02,2026-10-07 13:41:46.967249+02
20240620,8743,13867.811,2026-10-07 13:41:46.967249+02,2026-10-07 13:41:46.967249+02
20240620,8744,529.126,2026-10-07 13:41:46.967249+02,2026-10-07 13:41:46.967249+02
20240620,8745,572.564,2026-10-07 13:41:46.967249+02,2026-10-07 13:41:46.967249+02
20240621,8741,698071.347,2026-10-07 13:41:46.967249+02,2026-10-07 13:41:46.967249+02
20240621,8742,23766.011,2026-10-07 13:41:46.967249+02,2026-10-07 13:41:46.967249+02
20240621,8743,13621.661,2026-10-07 13:41:46.967249+02,2026-10-07 13:41:46.967249+02
20240621,8744,529.961,2026-10-07 13:41:46.967249+02,2026-10-07 13:41:46.967249+02
20240621,8745,575.798,2026-10-07 13:41:46.967249+02,2026-10-07 13:41:46.967249+02
20240622,8741,645064.188,2026-10-07 13:41:46.967249+02,2026-10-07 13:41:46.967249+02
20240622,8742,22538.792,2026-10-07 13:41:46.967249+02,2026-10-07 13:41:46.967249+02
20240622,8743,13059.425,2026-10-07 13:41:46.967249+02,2026-10-07 13:41:46.967249+02
20240622,8744,530.950,2026-10-07 13:41:46.967249+02,2026-10-07 13:41:46.967249+02
20240622,8745,555.808,2026-10-07 13:41:46.967249+02,2026-10-07 13:41:46.967249+02
20240623,8741,641250.323,2026-10-07 13:41:46.967249+02,2026-10-07 13:41:46.967249+02
20240623,8742,21297.818,2026-10-07 13:41:46.967249+02,2026-10-07 13:41:46.967249+02
20240623,8743,12301.933,2026-10-07 13:41:46.967249+02,2026-10-07 13:41:46.967249+02
20240623,8744,532.865,2026-10-07 13:41:46.967249+02,2026-10-07 13:41:46.967249+02
20240623,8745,530.845,2026-10-07 13:41:46.967249+02,2026-10-07 13:41:46.967249+02
20240624,8741,686046.730,2026-10-07 13:41:46.967249+02,2026-10-07 13:41:46.967249+02
20240624,8742,22943.429,2026-10-07 13:41:46.967249+02,2026-10-07 13:41:46.967249+02
20240624,8743,12183.986,2026-10-07 13:41:46.967249+02,2026-10-07 13:41:46.967249+02
20240624,8744,552.206,2026-10-07 13:41:46.967249+02,2026-10-07 13:41:46.967249+02
20240624,8745,609.625,2026-10-07 13:41:46.967249+02,2026-10-07 13:41:46.967249+02
20240625,8741,697720.874,2026-10-07 13:41:46.967249+02,2026-10-07 13:41:46.967249+02
20240625,8742,24135.478,2026-10-07 13:41:46.967249+02,2026-10-07 13:41:46.967249+02
20240625,8743,13246.259,2026-10-07 13:41:46.967249+02,2026-10-07 13:41:46.967249+02
20240625,8744,559.594,2026-10-07 13:41:46.967249+02,2026-10-07 13:41:46.967249+02
20240625,8745,611.376,2026-10-07 13:41:46.967249+02,2026-10-07 13:41:46.967249+02
20240626,8741,708862.380,2026-10-07 13:41:46.967249+02,2026-10-07 13:41:46.967249+02
20240626,8742,24241.901,2026-10-07 13:41:46.967249+02,2026-10-07 13:41:46.967249+02
20240626,8743,14204.407,2026-10-07 13:41:46.967249+02,2026-10-07 13:41:46.967249+02
20240626,8744,551.852,2026-10-07 13:41:46.967249+02,2026-10-07 13:41:46.967249+02
20240626,8745,622.102,2026-10-07 13:41:46.967249+02,2026-10-07 13:41:46.967249+02
20240627,8741,705283.561,2026-10-07 13:41:46.967249+02,2026-10-07 13:41:46.967249+02
20240627,8742,24150.840,2026-10-07 13:41:46.967249+02,2026-10-07 13:41:46.967249+02
20240627,8743,15089.784,2026-10-07 13:41:46.967249+02,2026-10-07 13:41:46.967249+02
20240627,8744,537.054,2026-10-07 13:41:46.967249+02,2026-10-07 13:41:46.967249+02
20240627,8745,595.419,2026-10-07 13:41:46.967249+02,2026-10-07 13:41:46.967249+02
20240628,8741,714508.624,2026-10-07 13:41:46.967249+02,2026-10-07 13:41:46.967249+02
20240628,8742,24051.107,2026-10-07 13:41:46.967249+02,2026-10-07 13:41:46.967249+02
20240628,8743,14779.290,2026-10-07 13:41:46.967249+02,2026-10-07 13:41:46.967249+02
20240628,8744,528.084,2026-10-07 13:41:46.967249+02,2026-10-07 13:41:46.967249+02
20240628,8745,590.554,2026-10-07 13:41:46.967249+02,2026-10-07 13:41:46.967249+02
20240629,8741,629689.662,2026-10-07 13:41:46.967249+02,2026-10-07 13:41:46.967249+02
20240629,8742,22917.622,2026-10-07 13:41:46.967249+02,2026-10-07 13:41:46.967249+02
20240629,8743,13579.337,2026-10-07 13:41:46.967249+02,2026-10-07 13:41:46.967249+02
20240629,8744,526.512,2026-10-07 13:41:46.967249+02,2026-10-07 13:41:46.967249+02
20240629,8745,557.665,2026-10-07 13:41:46.967249+02,2026-10-07 13:41:46.967249+02
20240630,8741,585411.912,2026-10-07 13:41:46.967249+02,2026-10-07 13:41:46.967249+02
20240630,8742,21497.645,2026-10-07 13:41:46.967249+02,2026-10-07 13:41:46.967249+02
20240630,8743,13205.144,2026-10-07 13:41:46.967249+02,2026-10-07 13:41:46.967249+02
20240630,8744,528.489,2026-10-07 13:41:46.967249+02,2026-10-07 13:41:46.967249+02
20240630,8745,540.444,2026-10-07 13:41:46.967249+02,2026-10-07 13:41:46.967249+02
20240701,8741,726882.514,2026-10-07 13:41:46.967249+02,2026-10-07 13:41:46.967249+02
20240701,8742,23983.219,2026-10-07 13:41:46.967249+02,2026-10-07 13:41:46.967249+02
20240701,8743,15507.593,2026-10-07 13:41:46.967249+02,2026-10-07 13:41:46.967249+02
20240701,8744,538.983,2026-10-07 13:41:46.967249+02,2026-10-07 13:41:46.967249+02
20240701,8745,592.208,2026-10-07 13:41:46.967249+02,2026-10-07 13:41:46.967249+02
20240702,8741,761408.256,2026-10-07 13:41:46.967249+02,2026-10-07 13:41:46.967249+02
20240702,8742,24355.308,2026-10-07 13:41:46.967249+02,2026-10-07 13:41:46.967249+02
20240702,8743,12944.096,2026-10-07 13:41:46.967249+02,2026-10-07 13:41:46.967249+02
20240702,8744,547.038,2026-10-07 13:41:46.967249+02,2026-10-07 13:41:46.967249+02
20240702,8745,609.735,2026-10-07 13:41:46.967249+02,2026-10-07 13:41:46.967249+02
20240703,8741,745970.695,2026-10-07 13:41:46.967249+02,2026-10-07 13:41:46.967249+02
20240703,8742,24303.896,2026-10-07 13:41:46.967249+02,2026-10-07 13:41:46.967249+02
20240703,8743,13265.669,2026-10-07 13:41:46.967249+02,2026-10-07 13:41:46.967249+02
20240703,8744,544.232,2026-10-07 13:41:46.967249+02,2026-10-07 13:41:46.967249+02
20240703,8745,629.675,2026-10-07 13:41:46.967249+02,2026-10-07 13:41:46.967249+02
20240704,8741,730859.608,2026-10-07 13:41:46.967249+02,2026-10-07 13:41:46.967249+02
20240704,8742,24424.093,2026-10-07 13:41:46.967249+02,2026-10-07 13:41:46.967249+02
20240704,8743,13304.509,2026-10-07 13:41:46.967249+02,2026-10-07 13:41:46.967249+02
20240704,8744,557.401,2026-10-07 13:41:46.967249+02,2026-10-07 13:41:46.967249+02
20240704,8745,651.494,2026-10-07 13:41:46.967249+02,2026-10-07 13:41:46.967249+02
20240705,8741,744656.882,2026-10-07 13:41:46.967249+02,2026-10-07 13:41:46.967249+02
20240705,8742,24146.181,2026-10-07 13:41:46.967249+02,2026-10-07 13:41:46.967249+02
20240705,8743,13784.155,2026-10-07 13:41:46.967249+02,2026-10-07 13:41:46.967249+02
20240705,8744,559.785,2026-10-07 13:41:46.967249+02,2026-10-07 13:41:46.967249+02
20240705,8745,655.496,2026-10-07 13:41:46.967249+02,2026-10-07 13:41:46.967249+02
20240706,8741,632329.834,2026-10-07 13:41:46.967249+02,2026-10-07 13:41:46.967249+02
20240706,8742,23048.097,2026-10-07 13:41:46.967249+02,2026-10-07 13:41:46.967249+02
20240706,8743,13349.963,2026-10-07 13:41:46.967249+02,2026-10-07 13:41:46.967249+02
20240706,8744,555.821,2026-10-07 13:41:46.967249+02,2026-10-07 13:41:46.967249+02
20240706,8745,593.068,2026-10-07 13:41:46.967249+02,2026-10-07 13:41:46.967249+02
20240707,8741,591541.851,2026-10-07 13:41:46.967249+02,2026-10-07 13:41:46.967249+02
20240707,8742,21749.302,2026-10-07 13:41:46.967249+02,2026-10-07 13:41:46.967249+02
20240707,8743,12505.442,2026-10-07 13:41:46.967249+02,2026-10-07 13:41:46.967249+02
20240707,8744,524.893,2026-10-07 13:41:46.967249+02,2026-10-07 13:41:46.967249+02
20240707,8745,566.095,2026-10-07 13:41:46.967249+02,2026-10-07 13:41:46.967249+02
20240708,8741,712192.187,2026-10-07 13:41:46.967249+02,2026-10-07 13:41:46.967249+02
20240708,8742,23854.129,2026-10-07 13:41:46.967249+02,2026-10-07 13:41:46.967249+02
20240708,8743,14074.151,2026-10-07 13:41:46.967249+02,2026-10-07 13:41:46.967249+02
20240708,8744,533.458,2026-10-07 13:41:46.967249+02,2026-10-07 13:41:46.967249+02
20240708,8745,616.441,2026-10-07 13:41:46.967249+02,2026-10-07 13:41:46.967249+02
20240709,8741,738076.899,2026-10-07 13:41:46.967249+02,2026-10-07 13:41:46.967249+02
20240709,8742,24333.470,2026-10-07 13:41:46.967249+02,2026-10-07 13:41:46.967249+02
20240709,8743,14212.850,2026-10-07 13:41:46.967249+02,2026-10-07 13:41:46.967249+02
20240709,8744,545.952,2026-10-07 13:41:46.967249+02,2026-10-07 13:41:46.967249+02
20240709,8745,632.541,2026-10-07 13:41:46.967249+02,2026-10-07 13:41:46.967249+02
20240710,8741,729579.085,2026-10-07 13:41:46.967249+02,2026-10-07 13:41:46.967249+02
20240710,8742,24898.568,2026-10-07 13:41:46.967249+02,2026-10-07 13:41:46.967249+02
20240710,8743,14744.939,2026-10-07 13:41:46.967249+02,2026-10-07 13:41:46.967249+02
20240710,8744,556.074,2026-10-07 13:41:46.967249+02,2026-10-07 13:41:46.967249+02
20240710,8745,669.827,2026-10-07 13:41:46.967249+02,2026-10-07 13:41:46.967249+02
20240711,8741,784554.850,2026-10-07 13:41:46.967249+02,2026-10-07 13:41:46.967249+02
20240711,8742,25242.953,2026-10-07 13:41:46.967249+02,2026-10-07 13:41:46.967249+02
20240711,8743,15405.605,2026-10-07 13:41:46.967249+02,2026-10-07 13:41:46.967249+02
20240711,8744,570.870,2026-10-07 13:41:46.967249+02,2026-10-07 13:41:46.967249+02
20240711,8745,700.352,2026-10-07 13:41:46.967249+02,2026-10-07 13:41:46.967249+02
20240712,8741,784092.117,2026-10-07 13:41:46.967249+02,2026-10-07 13:41:46.967249+02
20240712,8742,25417.414,2026-10-07 13:41:46.967249+02,2026-10-07 13:41:46.967249+02
20240712,8743,15603.390,2026-10-07 13:41:46.967249+02,2026-10-07 13:41:46.967249+02
20240712,8744,611.471,2026-10-07 13:41:46.967249+02,2026-10-07 13:41:46.967249+02
20240712,8745,763.725,2026-10-07 13:41:46.967249+02,2026-10-07 13:41:46.967249+02
20240713,8741,667679.929,2026-10-07 13:41:46.967249+02,2026-10-07 13:41:46.967249+02
20240713,8742,23882.556,2026-10-07 13:41:46.967249+02,2026-10-07 13:41:46.967249+02
20240713,8743,13913.894,2026-10-07 13:41:46.967249+02,2026-10-07 13:41:46.967249+02
20240713,8744,579.445,2026-10-07 13:41:46.967249+02,2026-10-07 13:41:46.967249+02
20240713,8745,697.861,2026-10-07 13:41:46.967249+02,2026-10-07 13:41:46.967249+02
20240714,8741,621298.110,2026-10-07 13:41:46.967249+02,2026-10-07 13:41:46.967249+02
20240714,8742,22376.942,2026-10-07 13:41:46.967249+02,2026-10-07 13:41:46.967249+02
20240714,8743,13343.028,2026-10-07 13:41:46.967249+02,2026-10-07 13:41:46.967249+02
20240714,8744,558.759,2026-10-07 13:41:46.967249+02,2026-10-07 13:41:46.967249+02
20240714,8745,624.843,2026-10-07 13:41:46.967249+02,2026-10-07 13:41:46.967249+02
20240715,8741,756221.046,2026-10-07 13:41:46.967249+02,2026-10-07 13:41:46.967249+02
20240715,8742,25009.970,2026-10-07 13:41:46.967249+02,2026-10-07 13:41:46.967249+02
20240715,8743,15587.286,2026-10-07 13:41:46.967249+02,2026-10-07 13:41:46.967249+02
20240715,8744,578.910,2026-10-07 13:41:46.967249+02,2026-10-07 13:41:46.967249+02
20240715,8745,713.824,2026-10-07 13:41:46.967249+02,2026-10-07 13:41:46.967249+02
20240716,8741,727747.275,2026-10-07 13:41:46.967249+02,2026-10-07 13:41:46.967249+02
20240716,8742,25424.755,2026-10-07 13:41:46.967249+02,2026-10-07 13:41:46.967249+02
20240716,8743,16021.497,2026-10-07 13:41:46.967249+02,2026-10-07 13:41:46.967249+02
20240716,8744,603.200,2026-10-07 13:41:46.967249+02,2026-10-07 13:41:46.967249+02
20240716,8745,752.182,2026-10-07 13:41:46.967249+02,2026-10-07 13:41:46.967249+02
20240717,8741,750878.415,2026-10-07 13:41:46.967249+02,2026-10-07 13:41:46.967249+02
20240717,8742,25208.581,2026-10-07 13:41:46.967249+02,2026-10-07 13:41:46.967249+02
20240717,8743,16225.808,2026-10-07 13:41:46.967249+02,2026-10-07 13:41:46.967249+02
20240717,8744,590.429,2026-10-07 13:41:46.967249+02,2026-10-07 13:41:46.967249+02
20240717,8745,747.777,2026-10-07 13:41:46.967249+02,2026-10-07 13:41:46.967249+02
20240718,8741,736067.005,2026-10-07 13:41:46.967249+02,2026-10-07 13:41:46.967249+02
20240718,8742,25371.846,2026-10-07 13:41:46.967249+02,2026-10-07 13:41:46.967249+02
20240718,8743,16118.202,2026-10-07 13:41:46.967249+02,2026-10-07 13:41:46.967249+02
20240718,8744,605.675,2026-10-07 13:41:46.967249+02,2026-10-07 13:41:46.967249+02
20240718,8745,763.605,2026-10-07 13:41:46.967249+02,2026-10-07 13:41:46.967249+02
20240719,8741,763053.194,2026-10-07 13:41:46.967249+02,2026-10-07 13:41:46.967249+02
20240719,8742,25893.959,2026-10-07 13:41:46.967249+02,2026-10-07 13:41:46.967249+02
20240719,8743,16509.395,2026-10-07 13:41:46.967249+02,2026-10-07 13:41:46.967249+02
20240719,8744,615.280,2026-10-07 13:41:46.967249+02,2026-10-07 13:41:46.967249+02
20240719,8745,773.722,2026-10-07 13:41:46.967249+02,2026-10-07 13:41:46.967249+02
20240720,8741,715757.423,2026-10-07 13:41:46.967249+02,2026-10-07 13:41:46.967249+02
20240720,8742,24627.886,2026-10-07 13:41:46.967249+02,2026-10-07 13:41:46.967249+02
20240720,8743,16239.998,2026-10-07 13:41:46.967249+02,2026-10-07 13:41:46.967249+02
20240720,8744,614.282,2026-10-07 13:41:46.967249+02,2026-10-07 13:41:46.967249+02
20240720,8745,763.610,2026-10-07 13:41:46.967249+02,2026-10-07 13:41:46.967249+02
20240721,8741,700513.125,2026-10-07 13:41:46.967249+02,2026-10-07 13:41:46.967249+02
20240721,8742,23078.840,2026-10-07 13:41:46.967249+02,2026-10-07 13:41:46.967249+02
20240721,8743,14865.087,2026-10-07 13:41:46.967249+02,2026-10-07 13:41:46.967249+02
20240721,8744,568.902,2026-10-07 13:41:46.967249+02,2026-10-07 13:41:46.967249+02
20240721,8745,716.785,2026-10-07 13:41:46.967249+02,2026-10-07 13:41:46.967249+02
20240722,8741,731154.947,2026-10-07 13:41:46.967249+02,2026-10-07 13:41:46.967249+02
20240722,8742,25502.652,2026-10-07 13:41:46.967249+02,2026-10-07 13:41:46.967249+02
20240722,8743,15308.329,2026-10-07 13:41:46.967249+02,2026-10-07 13:41:46.967249+02
20240722,8744,596.030,2026-10-07 13:41:46.967249+02,2026-10-07 13:41:46.967249+02
20240722,8745,758.292,2026-10-07 13:41:46.967249+02,2026-10-07 13:41:46.967249+02
20240723,8741,767920.234,2026-10-07 13:41:46.967249+02,2026-10-07 13:41:46.967249+02
20240723,8742,25840.843,2026-10-07 13:41:46.967249+02,2026-10-07 13:41:46.967249+02
20240723,8743,15768.156,2026-10-07 13:41:46.967249+02,2026-10-07 13:41:46.967249+02
20240723,8744,614.902,2026-10-07 13:41:46.967249+02,2026-10-07 13:41:46.967249+02
20240723,8745,766.131,2026-10-07 13:41:46.967249+02,2026-10-07 13:41:46.967249+02
20240724,8741,806274.722,2026-10-07 13:41:46.967249+02,2026-10-07 13:41:46.967249+02
20240724,8742,26570.053,2026-10-07 13:41:46.967249+02,2026-10-07 13:41:46.967249+02
20240724,8743,16234.548,2026-10-07 13:41:46.967249+02,2026-10-07 13:41:46.967249+02
20240724,8744,606.955,2026-10-07 13:41:46.967249+02,2026-10-07 13:41:46.967249+02
20240724,8745,756.471,2026-10-07 13:41:46.967249+02,2026-10-07 13:41:46.967249+02
20240725,8741,769147.483,2026-10-07 13:41:46.967249+02,2026-10-07 13:41:46.967249+02
20240725,8742,27144.335,2026-10-07 13:41:46.967249+02,2026-10-07 13:41:46.967249+02
20240725,8743,16708.935,2026-10-07 13:41:46.967249+02,2026-10-07 13:41:46.967249+02
20240725,8744,612.723,2026-10-07 13:41:46.967249+02,2026-10-07 13:41:46.967249+02
20240725,8745,764.068,2026-10-07 13:41:46.967249+02,2026-10-07 13:41:46.967249+02
20240726,8741,732328.341,2026-10-07 13:41:46.967249+02,2026-10-07 13:41:46.967249+02
20240726,8742,26843.763,2026-10-07 13:41:46.967249+02,2026-10-07 13:41:46.967249+02
20240726,8743,16932.198,2026-10-07 13:41:46.967249+02,2026-10-07 13:41:46.967249+02
20240726,8744,581.153,2026-10-07 13:41:46.967249+02,2026-10-07 13:41:46.967249+02
20240726,8745,750.662,2026-10-07 13:41:46.967249+02,2026-10-07 13:41:46.967249+02
20240727,8741,702008.996,2026-10-07 13:41:46.967249+02,2026-10-07 13:41:46.967249+02
20240727,8742,24791.532,2026-10-07 13:41:46.967249+02,2026-10-07 13:41:46.967249+02
20240727,8743,16363.922,2026-10-07 13:41:46.967249+02,2026-10-07 13:41:46.967249+02
20240727,8744,588.444,2026-10-07 13:41:46.967249+02,2026-10-07 13:41:46.967249+02
20240727,8745,715.928,2026-10-07 13:41:46.967249+02,2026-10-07 13:41:46.967249+02
20240728,8741,678725.822,2026-10-07 13:41:46.967249+02,2026-10-07 13:41:46.967249+02
20240728,8742,23137.991,2026-10-07 13:41:46.967249+02,2026-10-07 13:41:46.967249+02
20240728,8743,16311.908,2026-10-07 13:41:46.967249+02,2026-10-07 13:41:46.967249+02
20240728,8744,606.994,2026-10-07 13:41:46.967249+02,2026-10-07 13:41:46.967249+02
20240728,8745,680.773,2026-10-07 13:41:46.967249+02,2026-10-07 13:41:46.967249+02
20240729,8741,743682.440,2026-10-07 13:41:46.967249+02,2026-10-07 13:41:46.967249+02
20240729,8742,25980.540,2026-10-07 13:41:46.967249+02,2026-10-07 13:41:46.967249+02
20240729,8743,18257.973,2026-10-07 13:41:46.967249+02,2026-10-07 13:41:46.967249+02
20240729,8744,627.237,2026-10-07 13:41:46.967249+02,2026-10-07 13:41:46.967249+02
20240729,8745,783.686,2026-10-07 13:41:46.967249+02,2026-10-07 13:41:46.967249+02
20240730,8741,800434.800,2026-10-07 13:41:46.967249+02,2026-10-07 13:41:46.967249+02
20240730,8742,25918.067,2026-10-07 13:41:46.967249+02,2026-10-07 13:41:46.967249+02
20240730,8743,18444.365,2026-10-07 13:41:46.967249+02,2026-10-07 13:41:46.967249+02
20240730,8744,637.155,2026-10-07 13:41:46.967249+02,2026-10-07 13:41:46.967249+02
20240730,8745,783.921,2026-10-07 13:41:46.967249+02,2026-10-07 13:41:46.967249+02
20240731,8741,790059.058,2026-10-07 13:41:46.967249+02,2026-10-07 13:41:46.967249+02
20240731,8742,25868.240,2026-10-07 13:41:46.967249+02,2026-10-07 13:41:46.967249+02
20240731,8743,19026.532,2026-10-07 13:41:46.967249+02,2026-10-07 13:41:46.967249+02
20240731,8744,637.624,2026-10-07 13:41:46.967249+02,2026-10-07 13:41:46.967249+02
20240731,8745,784.944,2026-10-07 13:41:46.967249+02,2026-10-07 13:41:46.967249+02
20240801,8741,804055.447,2026-10-07 13:41:46.967249+02,2026-10-07 13:41:46.967249+02
20240801,8742,25983.506,2026-10-07 13:41:46.967249+02,2026-10-07 13:41:46.967249+02
20240801,8743,19565.810,2026-10-07 13:41:46.967249+02,2026-10-07 13:41:46.967249+02
20240801,8744,688.987,2026-10-07 13:41:46.967249+02,2026-10-07 13:41:46.967249+02
20240801,8745,828.505,2026-10-07 13:41:46.967249+02,2026-10-07 13:41:46.967249+02
20240802,8741,789066.631,2026-10-07 13:41:46.967249+02,2026-10-07 13:41:46.967249+02
20240802,8742,26008.579,2026-10-07 13:41:46.967249+02,2026-10-07 13:41:46.967249+02
20240802,8743,19807.837,2026-10-07 13:41:46.967249+02,2026-10-07 13:41:46.967249+02
20240802,8744,641.478,2026-10-07 13:41:46.967249+02,2026-10-07 13:41:46.967249+02
20240802,8745,825.491,2026-10-07 13:41:46.967249+02,2026-10-07 13:41:46.967249+02
20240803,8741,700502.655,2026-10-07 13:41:46.967249+02,2026-10-07 13:41:46.967249+02
20240803,8742,25092.214,2026-10-07 13:41:46.967249+02,2026-10-07 13:41:46.967249+02
20240803,8743,17900.908,2026-10-07 13:41:46.967249+02,2026-10-07 13:41:46.967249+02
20240803,8744,626.129,2026-10-07 13:41:46.967249+02,2026-10-07 13:41:46.967249+02
20240803,8745,745.514,2026-10-07 13:41:46.967249+02,2026-10-07 13:41:46.967249+02
20240804,8741,656217.036,2026-10-07 13:41:46.967249+02,2026-10-07 13:41:46.967249+02
20240804,8742,23591.061,2026-10-07 13:41:46.967249+02,2026-10-07 13:41:46.967249+02
20240804,8743,16385.533,2026-10-07 13:41:46.967249+02,2026-10-07 13:41:46.967249+02
20240804,8744,623.785,2026-10-07 13:41:46.967249+02,2026-10-07 13:41:46.967249+02
20240804,8745,688.116,2026-10-07 13:41:46.967249+02,2026-10-07 13:41:46.967249+02
20240805,8741,703301.416,2026-10-07 13:41:46.967249+02,2026-10-07 13:41:46.967249+02
20240805,8742,25673.197,2026-10-07 13:41:46.967249+02,2026-10-07 13:41:46.967249+02
20240805,8743,18343.884,2026-10-07 13:41:46.967249+02,2026-10-07 13:41:46.967249+02
20240805,8744,586.178,2026-10-07 13:41:46.967249+02,2026-10-07 13:41:46.967249+02
20240805,8745,772.847,2026-10-07 13:41:46.967249+02,2026-10-07 13:41:46.967249+02
20240806,8741,732861.825,2026-10-07 13:41:46.967249+02,2026-10-07 13:41:46.967249+02
20240806,8742,25868.299,2026-10-07 13:41:46.967249+02,2026-10-07 13:41:46.967249+02
20240806,8743,18706.169,2026-10-07 13:41:46.967249+02,2026-10-07 13:41:46.967249+02
20240806,8744,619.761,2026-10-07 13:41:46.967249+02,2026-10-07 13:41:46.967249+02
20240806,8745,780.204,2026-10-07 13:41:46.967249+02,2026-10-07 13:41:46.967249+02
20240807,8741,737368.152,2026-10-07 13:41:46.967249+02,2026-10-07 13:41:46.967249+02
20240807,8742,25852.857,2026-10-07 13:41:46.967249+02,2026-10-07 13:41:46.967249+02
20240807,8743,19445.082,2026-10-07 13:41:46.967249+02,2026-10-07 13:41:46.967249+02
20240807,8744,605.692,2026-10-07 13:41:46.967249+02,2026-10-07 13:41:46.967249+02
20240807,8745,780.685,2026-10-07 13:41:46.967249+02,2026-10-07 13:41:46.967249+02
20240808,8741,723536.722,2026-10-07 13:41:46.967249+02,2026-10-07 13:41:46.967249+02
20240808,8742,26027.638,2026-10-07 13:41:46.967249+02,2026-10-07 13:41:46.967249+02
20240808,8743,19028.628,2026-10-07 13:41:46.967249+02,2026-10-07 13:41:46.967249+02
20240808,8744,643.909,2026-10-07 13:41:46.967249+02,2026-10-07 13:41:46.967249+02
20240808,8745,810.476,2026-10-07 13:41:46.967249+02,2026-10-07 13:41:46.967249+02
20240809,8741,726619.568,2026-10-07 13:41:46.967249+02,2026-10-07 13:41:46.967249+02
20240809,8742,25849.337,2026-10-07 13:41:46.967249+02,2026-10-07 13:41:46.967249+02
20240809,8743,19004.701,2026-10-07 13:41:46.967249+02,2026-10-07 13:41:46.967249+02
20240809,8744,609.690,2026-10-07 13:41:46.967249+02,2026-10-07 13:41:46.967249+02
20240809,8745,811.996,2026-10-07 13:41:46.967249+02,2026-10-07 13:41:46.967249+02
20240810,8741,687464.345,2026-10-07 13:41:46.967249+02,2026-10-07 13:41:46.967249+02
20240810,8742,24512.995,2026-10-07 13:41:46.967249+02,2026-10-07 13:41:46.967249+02
20240810,8743,18141.429,2026-10-07 13:41:46.967249+02,2026-10-07 13:41:46.967249+02
20240810,8744,622.202,2026-10-07 13:41:46.967249+02,2026-10-07 13:41:46.967249+02
20240810,8745,770.337,2026-10-07 13:41:46.967249+02,2026-10-07 13:41:46.967249+02
20240811,8741,664264.821,2026-10-07 13:41:46.967249+02,2026-10-07 13:41:46.967249+02
20240811,8742,23150.711,2026-10-07 13:41:46.967249+02,2026-10-07 13:41:46.967249+02
20240811,8743,17380.428,2026-10-07 13:41:46.967249+02,2026-10-07 13:41:46.967249+02
20240811,8744,623.487,2026-10-07 13:41:46.967249+02,2026-10-07 13:41:46.967249+02
20240811,8745,736.275,2026-10-07 13:41:46.967249+02,2026-10-07 13:41:46.967249+02
20240812,8741,700778.098,2026-10-07 13:41:46.967249+02,2026-10-07 13:41:46.967249+02
20240812,8742,25821.609,2026-10-07 13:41:46.967249+02,2026-10-07 13:41:46.967249+02
20240812,8743,19470.221,2026-10-07 13:41:46.967249+02,2026-10-07 13:41:46.967249+02
20240812,8744,621.655,2026-10-07 13:41:46.967249+02,2026-10-07 13:41:46.967249+02
20240812,8745,824.794,2026-10-07 13:41:46.967249+02,2026-10-07 13:41:46.967249+02
20240813,8741,668383.426,2026-10-07 13:41:46.967249+02,2026-10-07 13:41:46.967249+02
20240813,8742,26159.735,2026-10-07 13:41:46.967249+02,2026-10-07 13:41:46.967249+02
20240813,8743,19454.691,2026-10-07 13:41:46.967249+02,2026-10-07 13:41:46.967249+02
20240813,8744,602.676,2026-10-07 13:41:46.967249+02,2026-10-07 13:41:46.967249+02
20240813,8745,801.390,2026-10-07 13:41:46.967249+02,2026-10-07 13:41:46.967249+02
20240814,8741,708054.995,2026-10-07 13:41:46.967249+02,2026-10-07 13:41:46.967249+02
20240814,8742,26029.178,2026-10-07 13:41:46.967249+02,2026-10-07 13:41:46.967249+02
20240814,8743,20823.495,2026-10-07 13:41:46.967249+02,2026-10-07 13:41:46.967249+02
20240814,8744,584.103,2026-10-07 13:41:46.967249+02,2026-10-07 13:41:46.967249+02
20240814,8745,761.298,2026-10-07 13:41:46.967249+02,2026-10-07 13:41:46.967249+02
20240815,8741,656241.986,2026-10-07 13:41:46.967249+02,2026-10-07 13:41:46.967249+02
20240815,8742,23808.312,2026-10-07 13:41:46.967249+02,2026-10-07 13:41:46.967249+02
20240815,8743,17334.935,2026-10-07 13:41:46.967249+02,2026-10-07 13:41:46.967249+02
20240815,8744,603.496,2026-10-07 13:41:46.967249+02,2026-10-07 13:41:46.967249+02
20240815,8745,673.210,2026-10-07 13:41:46.967249+02,2026-10-07 13:41:46.967249+02
20240816,8741,651060.062,2026-10-07 13:41:46.967249+02,2026-10-07 13:41:46.967249+02
20240816,8742,25713.004,2026-10-07 13:41:46.967249+02,2026-10-07 13:41:46.967249+02
20240816,8743,17467.636,2026-10-07 13:41:46.967249+02,2026-10-07 13:41:46.967249+02
20240816,8744,612.434,2026-10-07 13:41:46.967249+02,2026-10-07 13:41:46.967249+02
20240816,8745,756.592,2026-10-07 13:41:46.967249+02,2026-10-07 13:41:46.967249+02
20240817,8741,643834.472,2026-10-07 13:41:46.967249+02,2026-10-07 13:41:46.967249+02
20240817,8742,25135.299,2026-10-07 13:41:46.967249+02,2026-10-07 13:41:46.967249+02
20240817,8743,14998.879,2026-10-07 13:41:46.967249+02,2026-10-07 13:41:46.967249+02
20240817,8744,596.927,2026-10-07 13:41:46.967249+02,2026-10-07 13:41:46.967249+02
20240817,8745,713.268,2026-10-07 13:41:46.967249+02,2026-10-07 13:41:46.967249+02
20240818,8741,659500.205,2026-10-07 13:41:46.967249+02,2026-10-07 13:41:46.967249+02
20240818,8742,24027.040,2026-10-07 13:41:46.967249+02,2026-10-07 13:41:46.967249+02
20240818,8743,15594.209,2026-10-07 13:41:46.967249+02,2026-10-07 13:41:46.967249+02
20240818,8744,577.016,2026-10-07 13:41:46.967249+02,2026-10-07 13:41:46.967249+02
20240818,8745,671.026,2026-10-07 13:41:46.967249+02,2026-10-07 13:41:46.967249+02
20240819,8741,694479.914,2026-10-07 13:41:46.967249+02,2026-10-07 13:41:46.967249+02
20240819,8742,27184.149,2026-10-07 13:41:46.967249+02,2026-10-07 13:41:46.967249+02
20240819,8743,15929.346,2026-10-07 13:41:46.967249+02,2026-10-07 13:41:46.967249+02
20240819,8744,625.365,2026-10-07 13:41:46.967249+02,2026-10-07 13:41:46.967249+02
20240819,8745,799.509,2026-10-07 13:41:46.967249+02,2026-10-07 13:41:46.967249+02
20240820,8741,684304.489,2026-10-07 13:41:46.967249+02,2026-10-07 13:41:46.967249+02
20240820,8742,27121.524,2026-10-07 13:41:46.967249+02,2026-10-07 13:41:46.967249+02
20240820,8743,16255.988,2026-10-07 13:41:46.967249+02,2026-10-07 13:41:46.967249+02
20240820,8744,614.417,2026-10-07 13:41:46.967249+02,2026-10-07 13:41:46.967249+02
20240820,8745,801.696,2026-10-07 13:41:46.967249+02,2026-10-07 13:41:46.967249+02
20240821,8741,715932.729,2026-10-07 13:41:46.967249+02,2026-10-07 13:41:46.967249+02
20240821,8742,26792.135,2026-10-07 13:41:46.967249+02,2026-10-07 13:41:46.967249+02
20240821,8743,15386.543,2026-10-07 13:41:46.967249+02,2026-10-07 13:41:46.967249+02
20240821,8744,632.300,2026-10-07 13:41:46.967249+02,2026-10-07 13:41:46.967249+02
20240821,8745,791.182,2026-10-07 13:41:46.967249+02,2026-10-07 13:41:46.967249+02
20240822,8741,678306.214,2026-10-07 13:41:46.967249+02,2026-10-07 13:41:46.967249+02
20240822,8742,26681.385,2026-10-07 13:41:46.967249+02,2026-10-07 13:41:46.967249+02
20240822,8743,18945.261,2026-10-07 13:41:46.967249+02,2026-10-07 13:41:46.967249+02
20240822,8744,659.717,2026-10-07 13:41:46.967249+02,2026-10-07 13:41:46.967249+02
20240822,8745,770.438,2026-10-07 13:41:46.967249+02,2026-10-07 13:41:46.967249+02
20240823,8741,689315.458,2026-10-07 13:41:46.967249+02,2026-10-07 13:41:46.967249+02
20240823,8742,25914.018,2026-10-07 13:41:46.967249+02,2026-10-07 13:41:46.967249+02
20240823,8743,19231.450,2026-10-07 13:41:46.967249+02,2026-10-07 13:41:46.967249+02
20240823,8744,587.247,2026-10-07 13:41:46.967249+02,2026-10-07 13:41:46.967249+02
20240823,8745,767.115,2026-10-07 13:41:46.967249+02,2026-10-07 13:41:46.967249+02
20240824,8741,667986.767,2026-10-07 13:41:46.967249+02,2026-10-07 13:41:46.967249+02
20240824,8742,24732.973,2026-10-07 13:41:46.967249+02,2026-10-07 13:41:46.967249+02
20240824,8743,16253.631,2026-10-07 13:41:46.967249+02,2026-10-07 13:41:46.967249+02
20240824,8744,606.159,2026-10-07 13:41:46.967249+02,2026-10-07 13:41:46.967249+02
20240824,8745,754.291,2026-10-07 13:41:46.967249+02,2026-10-07 13:41:46.967249+02
20240825,8741,645050.764,2026-10-07 13:41:46.967249+02,2026-10-07 13:41:46.967249+02
20240825,8742,23396.344,2026-10-07 13:41:46.967249+02,2026-10-07 13:41:46.967249+02
20240825,8743,14970.615,2026-10-07 13:41:46.967249+02,2026-10-07 13:41:46.967249+02
20240825,8744,602.202,2026-10-07 13:41:46.967249+02,2026-10-07 13:41:46.967249+02
20240825,8745,713.825,2026-10-07 13:41:46.967249+02,2026-10-07 13:41:46.967249+02
20240826,8741,705621.725,2026-10-07 13:41:46.967249+02,2026-10-07 13:41:46.967249+02
20240826,8742,26032.381,2026-10-07 13:41:46.967249+02,2026-10-07 13:41:46.967249+02
20240826,8743,15454.272,2026-10-07 13:41:46.967249+02,2026-10-07 13:41:46.967249+02
20240826,8744,652.970,2026-10-07 13:41:46.967249+02,2026-10-07 13:41:46.967249+02
20240826,8745,820.841,2026-10-07 13:41:46.967249+02,2026-10-07 13:41:46.967249+02
20240827,8741,719720.522,2026-10-07 13:41:46.967249+02,2026-10-07 13:41:46.967249+02
20240827,8742,26249.197,2026-10-07 13:41:46.967249+02,2026-10-07 13:41:46.967249+02
20240827,8743,16006.746,2026-10-07 13:41:46.967249+02,2026-10-07 13:41:46.967249+02
20240827,8744,651.987,2026-10-07 13:41:46.967249+02,2026-10-07 13:41:46.967249+02
20240827,8745,812.743,2026-10-07 13:41:46.967249+02,2026-10-07 13:41:46.967249+02
20240828,8741,745299.242,2026-10-07 13:41:46.967249+02,2026-10-07 13:41:46.967249+02
20240828,8742,26063.920,2026-10-07 13:41:46.967249+02,2026-10-07 13:41:46.967249+02
20240828,8743,16479.742,2026-10-07 13:41:46.967249+02,2026-10-07 13:41:46.967249+02
20240828,8744,642.752,2026-10-07 13:41:46.967249+02,2026-10-07 13:41:46.967249+02
20240828,8745,801.565,2026-10-07 13:41:46.967249+02,2026-10-07 13:41:46.967249+02
20240829,8741,741675.402,2026-10-07 13:41:46.967249+02,2026-10-07 13:41:46.967249+02
20240829,8742,25947.512,2026-10-07 13:41:46.967249+02,2026-10-07 13:41:46.967249+02
20240829,8743,18462.197,2026-10-07 13:41:46.967249+02,2026-10-07 13:41:46.967249+02
20240829,8744,675.797,2026-10-07 13:41:46.967249+02,2026-10-07 13:41:46.967249+02
20240829,8745,800.671,2026-10-07 13:41:46.967249+02,2026-10-07 13:41:46.967249+02
20240830,8741,742832.608,2026-10-07 13:41:46.967249+02,2026-10-07 13:41:46.967249+02
20240830,8742,25928.039,2026-10-07 13:41:46.967249+02,2026-10-07 13:41:46.967249+02
20240830,8743,16987.322,2026-10-07 13:41:46.967249+02,2026-10-07 13:41:46.967249+02
20240830,8744,634.865,2026-10-07 13:41:46.967249+02,2026-10-07 13:41:46.967249+02
20240830,8745,803.052,2026-10-07 13:41:46.967249+02,2026-10-07 13:41:46.967249+02
20240831,8741,669193.842,2026-10-07 13:41:46.967249+02,2026-10-07 13:41:46.967249+02
20240831,8742,24317.304,2026-10-07 13:41:46.967249+02,2026-10-07 13:41:46.967249+02
20240831,8743,16373.159,2026-10-07 13:41:46.967249+02,2026-10-07 13:41:46.967249+02
20240831,8744,625.902,2026-10-07 13:41:46.967249+02,2026-10-07 13:41:46.967249+02
20240831,8745,773.439,2026-10-07 13:41:46.967249+02,2026-10-07 13:41:46.967249+02
20240901,8741,607169.929,2026-10-07 13:41:46.967249+02,2026-10-07 13:41:46.967249+02
20240901,8742,22791.243,2026-10-07 13:41:46.967249+02,2026-10-07 13:41:46.967249+02
20240901,8743,15827.261,2026-10-07 13:41:46.967249+02,2026-10-07 13:41:46.967249+02
20240901,8744,621.182,2026-10-07 13:41:46.967249+02,2026-10-07 13:41:46.967249+02
20240901,8745,727.313,2026-10-07 13:41:46.967249+02,2026-10-07 13:41:46.967249+02
20240902,8741,697335.734,2026-10-07 13:41:46.967249+02,2026-10-07 13:41:46.967249+02
20240902,8742,25469.420,2026-10-07 13:41:46.967249+02,2026-10-07 13:41:46.967249+02
20240902,8743,17622.237,2026-10-07 13:41:46.967249+02,2026-10-07 13:41:46.967249+02
20240902,8744,625.146,2026-10-07 13:41:46.967249+02,2026-10-07 13:41:46.967249+02
20240902,8745,800.323,2026-10-07 13:41:46.967249+02,2026-10-07 13:41:46.967249+02
20240903,8741,730878.210,2026-10-07 13:41:46.967249+02,2026-10-07 13:41:46.967249+02
20240903,8742,25924.037,2026-10-07 13:41:46.967249+02,2026-10-07 13:41:46.967249+02
20240903,8743,18834.197,2026-10-07 13:41:46.967249+02,2026-10-07 13:41:46.967249+02
20240903,8744,621.675,2026-10-07 13:41:46.967249+02,2026-10-07 13:41:46.967249+02
20240903,8745,798.639,2026-10-07 13:41:46.967249+02,2026-10-07 13:41:46.967249+02
20240904,8741,738150.935,2026-10-07 13:41:46.967249+02,2026-10-07 13:41:46.967249+02
20240904,8742,25728.826,2026-10-07 13:41:46.967249+02,2026-10-07 13:41:46.967249+02
20240904,8743,17429.219,2026-10-07 13:41:46.967249+02,2026-10-07 13:41:46.967249+02
20240904,8744,603.166,2026-10-07 13:41:46.967249+02,2026-10-07 13:41:46.967249+02
20240904,8745,759.479,2026-10-07 13:41:46.967249+02,2026-10-07 13:41:46.967249+02
20240905,8741,685929.437,2026-10-07 13:41:46.967249+02,2026-10-07 13:41:46.967249+02
20240905,8742,25641.271,2026-10-07 13:41:46.967249+02,2026-10-07 13:41:46.967249+02
20240905,8743,14208.486,2026-10-07 13:41:46.967249+02,2026-10-07 13:41:46.967249+02
20240905,8744,618.285,2026-10-07 13:41:46.967249+02,2026-10-07 13:41:46.967249+02
20240905,8745,734.582,2026-10-07 13:41:46.967249+02,2026-10-07 13:41:46.967249+02
20240906,8741,720301.810,2026-10-07 13:41:46.967249+02,2026-10-07 13:41:46.967249+02
20240906,8742,25691.479,2026-10-07 13:41:46.967249+02,2026-10-07 13:41:46.967249+02
20240906,8743,15888.504,2026-10-07 13:41:46.967249+02,2026-10-07 13:41:46.967249+02
20240906,8744,596.819,2026-10-07 13:41:46.967249+02,2026-10-07 13:41:46.967249+02
20240906,8745,735.446,2026-10-07 13:41:46.967249+02,2026-10-07 13:41:46.967249+02
20240907,8741,626799.816,2026-10-07 13:41:46.967249+02,2026-10-07 13:41:46.967249+02
20240907,8742,24117.700,2026-10-07 13:41:46.967249+02,2026-10-07 13:41:46.967249+02
20240907,8743,14786.559,2026-10-07 13:41:46.967249+02,2026-10-07 13:41:46.967249+02
20240907,8744,557.956,2026-10-07 13:41:46.967249+02,2026-10-07 13:41:46.967249+02
20240907,8745,693.191,2026-10-07 13:41:46.967249+02,2026-10-07 13:41:46.967249+02
20240908,8741,621904.371,2026-10-07 13:41:46.967249+02,2026-10-07 13:41:46.967249+02
20240908,8742,22790.658,2026-10-07 13:41:46.967249+02,2026-10-07 13:41:46.967249+02
20240908,8743,13461.747,2026-10-07 13:41:46.967249+02,2026-10-07 13:41:46.967249+02
20240908,8744,565.493,2026-10-07 13:41:46.967249+02,2026-10-07 13:41:46.967249+02
20240908,8745,665.135,2026-10-07 13:41:46.967249+02,2026-10-07 13:41:46.967249+02
20240909,8741,713824.504,2026-10-07 13:41:46.967249+02,2026-10-07 13:41:46.967249+02
20240909,8742,24432.271,2026-10-07 13:41:46.967249+02,2026-10-07 13:41:46.967249+02
20240909,8743,13055.448,2026-10-07 13:41:46.967249+02,2026-10-07 13:41:46.967249+02
20240909,8744,598.541,2026-10-07 13:41:46.967249+02,2026-10-07 13:41:46.967249+02
20240909,8745,707.305,2026-10-07 13:41:46.967249+02,2026-10-07 13:41:46.967249+02
20240910,8741,722088.866,2026-10-07 13:41:46.967249+02,2026-10-07 13:41:46.967249+02
20240910,8742,25489.337,2026-10-07 13:41:46.967249+02,2026-10-07 13:41:46.967249+02
20240910,8743,12931.747,2026-10-07 13:41:46.967249+02,2026-10-07 13:41:46.967249+02
20240910,8744,579.302,2026-10-07 13:41:46.967249+02,2026-10-07 13:41:46.967249+02
20240910,8745,677.667,2026-10-07 13:41:46.967249+02,2026-10-07 13:41:46.967249+02
20240911,8741,702645.713,2026-10-07 13:41:46.967249+02,2026-10-07 13:41:46.967249+02
20240911,8742,25550.939,2026-10-07 13:41:46.967249+02,2026-10-07 13:41:46.967249+02
20240911,8743,12735.582,2026-10-07 13:41:46.967249+02,2026-10-07 13:41:46.967249+02
20240911,8744,584.005,2026-10-07 13:41:46.967249+02,2026-10-07 13:41:46.967249+02
20240911,8745,641.872,2026-10-07 13:41:46.967249+02,2026-10-07 13:41:46.967249+02
20240912,8741,726139.964,2026-10-07 13:41:46.967249+02,2026-10-07 13:41:46.967249+02
20240912,8742,25531.142,2026-10-07 13:41:46.967249+02,2026-10-07 13:41:46.967249+02
20240912,8743,12893.498,2026-10-07 13:41:46.967249+02,2026-10-07 13:41:46.967249+02
20240912,8744,589.589,2026-10-07 13:41:46.967249+02,2026-10-07 13:41:46.967249+02
20240912,8745,661.589,2026-10-07 13:41:46.967249+02,2026-10-07 13:41:46.967249+02
20240913,8741,741842.086,2026-10-07 13:41:46.967249+02,2026-10-07 13:41:46.967249+02
20240913,8742,25474.140,2026-10-07 13:41:46.967249+02,2026-10-07 13:41:46.967249+02
20240913,8743,11909.474,2026-10-07 13:41:46.967249+02,2026-10-07 13:41:46.967249+02
20240913,8744,575.014,2026-10-07 13:41:46.967249+02,2026-10-07 13:41:46.967249+02
20240913,8745,678.957,2026-10-07 13:41:46.967249+02,2026-10-07 13:41:46.967249+02
20240914,8741,630692.693,2026-10-07 13:41:46.967249+02,2026-10-07 13:41:46.967249+02
20240914,8742,24131.584,2026-10-07 13:41:46.967249+02,2026-10-07 13:41:46.967249+02
20240914,8743,11070.870,2026-10-07 13:41:46.967249+02,2026-10-07 13:41:46.967249+02
20240914,8744,575.744,2026-10-07 13:41:46.967249+02,2026-10-07 13:41:46.967249+02
20240914,8745,632.347,2026-10-07 13:41:46.967249+02,2026-10-07 13:41:46.967249+02
20240915,8741,626840.814,2026-10-07 13:41:46.967249+02,2026-10-07 13:41:46.967249+02
20240915,8742,22900.345,2026-10-07 13:41:46.967249+02,2026-10-07 13:41:46.967249+02
20240915,8743,10833.492,2026-10-07 13:41:46.967249+02,2026-10-07 13:41:46.967249+02
20240915,8744,573.019,2026-10-07 13:41:46.967249+02,2026-10-07 13:41:46.967249+02
20240915,8745,597.033,2026-10-07 13:41:46.967249+02,2026-10-07 13:41:46.967249+02
20240916,8741,738838.175,2026-10-07 13:41:46.967249+02,2026-10-07 13:41:46.967249+02
20240916,8742,25344.667,2026-10-07 13:41:46.967249+02,2026-10-07 13:41:46.967249+02
20240916,8743,11346.480,2026-10-07 13:41:46.967249+02,2026-10-07 13:41:46.967249+02
20240916,8744,594.337,2026-10-07 13:41:46.967249+02,2026-10-07 13:41:46.967249+02
20240916,8745,653.763,2026-10-07 13:41:46.967249+02,2026-10-07 13:41:46.967249+02
20240917,8741,720759.859,2026-10-07 13:41:46.967249+02,2026-10-07 13:41:46.967249+02
20240917,8742,25850.121,2026-10-07 13:41:46.967249+02,2026-10-07 13:41:46.967249+02
20240917,8743,11630.624,2026-10-07 13:41:46.967249+02,2026-10-07 13:41:46.967249+02
20240917,8744,602.334,2026-10-07 13:41:46.967249+02,2026-10-07 13:41:46.967249+02
20240917,8745,591.849,2026-10-07 13:41:46.967249+02,2026-10-07 13:41:46.967249+02
20240918,8741,692594.204,2026-10-07 13:41:46.967249+02,2026-10-07 13:41:46.967249+02
20240918,8742,25686.288,2026-10-07 13:41:46.967249+02,2026-10-07 13:41:46.967249+02
20240918,8743,11568.308,2026-10-07 13:41:46.967249+02,2026-10-07 13:41:46.967249+02
20240918,8744,602.169,2026-10-07 13:41:46.967249+02,2026-10-07 13:41:46.967249+02
20240918,8745,651.521,2026-10-07 13:41:46.967249+02,2026-10-07 13:41:46.967249+02
20240919,8741,676650.871,2026-10-07 13:41:46.967249+02,2026-10-07 13:41:46.967249+02
20240919,8742,25691.228,2026-10-07 13:41:46.967249+02,2026-10-07 13:41:46.967249+02
20240919,8743,11458.484,2026-10-07 13:41:46.967249+02,2026-10-07 13:41:46.967249+02
20240919,8744,598.910,2026-10-07 13:41:46.967249+02,2026-10-07 13:41:46.967249+02
20240919,8745,634.422,2026-10-07 13:41:46.967249+02,2026-10-07 13:41:46.967249+02
20240920,8741,673327.288,2026-10-07 13:41:46.967249+02,2026-10-07 13:41:46.967249+02
20240920,8742,25272.954,2026-10-07 13:41:46.967249+02,2026-10-07 13:41:46.967249+02
20240920,8743,11673.799,2026-10-07 13:41:46.967249+02,2026-10-07 13:41:46.967249+02
20240920,8744,580.338,2026-10-07 13:41:46.967249+02,2026-10-07 13:41:46.967249+02
20240920,8745,635.330,2026-10-07 13:41:46.967249+02,2026-10-07 13:41:46.967249+02
20240921,8741,614121.324,2026-10-07 13:41:46.967249+02,2026-10-07 13:41:46.967249+02
20240921,8742,24056.376,2026-10-07 13:41:46.967249+02,2026-10-07 13:41:46.967249+02
20240921,8743,14294.949,2026-10-07 13:41:46.967249+02,2026-10-07 13:41:46.967249+02
20240921,8744,559.233,2026-10-07 13:41:46.967249+02,2026-10-07 13:41:46.967249+02
20240921,8745,608.998,2026-10-07 13:41:46.967249+02,2026-10-07 13:41:46.967249+02
20240922,8741,568219.073,2026-10-07 13:41:46.967249+02,2026-10-07 13:41:46.967249+02
20240922,8742,22704.339,2026-10-07 13:41:46.967249+02,2026-10-07 13:41:46.967249+02
20240922,8743,10910.179,2026-10-07 13:41:46.967249+02,2026-10-07 13:41:46.967249+02
20240922,8744,561.589,2026-10-07 13:41:46.967249+02,2026-10-07 13:41:46.967249+02
20240922,8745,564.573,2026-10-07 13:41:46.967249+02,2026-10-07 13:41:46.967249+02
20240923,8741,637467.227,2026-10-07 13:41:46.967249+02,2026-10-07 13:41:46.967249+02
20240923,8742,25101.949,2026-10-07 13:41:46.967249+02,2026-10-07 13:41:46.967249+02
20240923,8743,13943.401,2026-10-07 13:41:46.967249+02,2026-10-07 13:41:46.967249+02
20240923,8744,569.172,2026-10-07 13:41:46.967249+02,2026-10-07 13:41:46.967249+02
20240923,8745,610.058,2026-10-07 13:41:46.967249+02,2026-10-07 13:41:46.967249+02
20240924,8741,618943.649,2026-10-07 13:41:46.967249+02,2026-10-07 13:41:46.967249+02
20240924,8742,25316.761,2026-10-07 13:41:46.967249+02,2026-10-07 13:41:46.967249+02
20240924,8743,13196.665,2026-10-07 13:41:46.967249+02,2026-10-07 13:41:46.967249+02
20240924,8744,566.421,2026-10-07 13:41:46.967249+02,2026-10-07 13:41:46.967249+02
20240924,8745,596.931,2026-10-07 13:41:46.967249+02,2026-10-07 13:41:46.967249+02
20240925,8741,684954.415,2026-10-07 13:41:46.967249+02,2026-10-07 13:41:46.967249+02
20240925,8742,25406.287,2026-10-07 13:41:46.967249+02,2026-10-07 13:41:46.967249+02
20240925,8743,11963.390,2026-10-07 13:41:46.967249+02,2026-10-07 13:41:46.967249+02
20240925,8744,577.236,2026-10-07 13:41:46.967249+02,2026-10-07 13:41:46.967249+02
20240925,8745,600.910,2026-10-07 13:41:46.967249+02,2026-10-07 13:41:46.967249+02
20240926,8741,752958.856,2026-10-07 13:41:46.967249+02,2026-10-07 13:41:46.967249+02
20240926,8742,25606.772,2026-10-07 13:41:46.967249+02,2026-10-07 13:41:46.967249+02
20240926,8743,12856.387,2026-10-07 13:41:46.967249+02,2026-10-07 13:41:46.967249+02
20240926,8744,571.035,2026-10-07 13:41:46.967249+02,2026-10-07 13:41:46.967249+02
20240926,8745,616.910,2026-10-07 13:41:46.967249+02,2026-10-07 13:41:46.967249+02
20240927,8741,692854.555,2026-10-07 13:41:46.967249+02,2026-10-07 13:41:46.967249+02
20240927,8742,25682.827,2026-10-07 13:41:46.967249+02,2026-10-07 13:41:46.967249+02
20240927,8743,13336.003,2026-10-07 13:41:46.967249+02,2026-10-07 13:41:46.967249+02
20240927,8744,559.214,2026-10-07 13:41:46.967249+02,2026-10-07 13:41:46.967249+02
20240927,8745,608.126,2026-10-07 13:41:46.967249+02,2026-10-07 13:41:46.967249+02
20240928,8741,591699.537,2026-10-07 13:41:46.967249+02,2026-10-07 13:41:46.967249+02
20240928,8742,24403.789,2026-10-07 13:41:46.967249+02,2026-10-07 13:41:46.967249+02
20240928,8743,11490.987,2026-10-07 13:41:46.967249+02,2026-10-07 13:41:46.967249+02
20240928,8744,540.887,2026-10-07 13:41:46.967249+02,2026-10-07 13:41:46.967249+02
20240928,8745,569.635,2026-10-07 13:41:46.967249+02,2026-10-07 13:41:46.967249+02
20240929,8741,588635.178,2026-10-07 13:41:46.967249+02,2026-10-07 13:41:46.967249+02
20240929,8742,22709.928,2026-10-07 13:41:46.967249+02,2026-10-07 13:41:46.967249+02
20240929,8743,10670.432,2026-10-07 13:41:46.967249+02,2026-10-07 13:41:46.967249+02
20240929,8744,560.934,2026-10-07 13:41:46.967249+02,2026-10-07 13:41:46.967249+02
20240929,8745,544.352,2026-10-07 13:41:46.967249+02,2026-10-07 13:41:46.967249+02
20240930,8741,638711.226,2026-10-07 13:41:46.967249+02,2026-10-07 13:41:46.967249+02
20240930,8742,24928.771,2026-10-07 13:41:46.967249+02,2026-10-07 13:41:46.967249+02
20240930,8743,11599.293,2026-10-07 13:41:46.967249+02,2026-10-07 13:41:46.967249+02
20240930,8744,574.866,2026-10-07 13:41:46.967249+02,2026-10-07 13:41:46.967249+02
20240930,8745,615.500,2026-10-07 13:41:46.967249+02,2026-10-07 13:41:46.967249+02
20241001,8741,678051.011,2026-10-07 13:41:46.967249+02,2026-10-07 13:41:46.967249+02
20241001,8742,25390.574,2026-10-07 13:41:46.967249+02,2026-10-07 13:41:46.967249+02
20241001,8743,11701.155,2026-10-07 13:41:46.967249+02,2026-10-07 13:41:46.967249+02
20241001,8744,576.560,2026-10-07 13:41:46.967249+02,2026-10-07 13:41:46.967249+02
20241001,8745,610.112,2026-10-07 13:41:46.967249+02,2026-10-07 13:41:46.967249+02
20241002,8741,735164.406,2026-10-07 13:41:46.967249+02,2026-10-07 13:41:46.967249+02
20241002,8742,25854.557,2026-10-07 13:41:46.967249+02,2026-10-07 13:41:46.967249+02
20241002,8743,12154.687,2026-10-07 13:41:46.967249+02,2026-10-07 13:41:46.967249+02
20241002,8744,589.344,2026-10-07 13:41:46.967249+02,2026-10-07 13:41:46.967249+02
20241002,8745,619.742,2026-10-07 13:41:46.967249+02,2026-10-07 13:41:46.967249+02
20241003,8741,750215.796,2026-10-07 13:41:46.967249+02,2026-10-07 13:41:46.967249+02
20241003,8742,26015.428,2026-10-07 13:41:46.967249+02,2026-10-07 13:41:46.967249+02
20241003,8743,12708.970,2026-10-07 13:41:46.967249+02,2026-10-07 13:41:46.967249+02
20241003,8744,594.559,2026-10-07 13:41:46.967249+02,2026-10-07 13:41:46.967249+02
20241003,8745,622.084,2026-10-07 13:41:46.967249+02,2026-10-07 13:41:46.967249+02
20241004,8741,703771.313,2026-10-07 13:41:46.967249+02,2026-10-07 13:41:46.967249+02
20241004,8742,26160.171,2026-10-07 13:41:46.967249+02,2026-10-07 13:41:46.967249+02
20241004,8743,11481.101,2026-10-07 13:41:46.967249+02,2026-10-07 13:41:46.967249+02
20241004,8744,559.734,2026-10-07 13:41:46.967249+02,2026-10-07 13:41:46.967249+02
20241004,8745,616.859,2026-10-07 13:41:46.967249+02,2026-10-07 13:41:46.967249+02
20241005,8741,629487.914,2026-10-07 13:41:46.967249+02,2026-10-07 13:41:46.967249+02
20241005,8742,24593.485,2026-10-07 13:41:46.967249+02,2026-10-07 13:41:46.967249+02
20241005,8743,11490.230,2026-10-07 13:41:46.967249+02,2026-10-07 13:41:46.967249+02
20241005,8744,560.084,2026-10-07 13:41:46.967249+02,2026-10-07 13:41:46.967249+02
20241005,8745,582.900,2026-10-07 13:41:46.967249+02,2026-10-07 13:41:46.967249+02
20241006,8741,613567.301,2026-10-07 13:41:46.967249+02,2026-10-07 13:41:46.967249+02
20241006,8742,23334.448,2026-10-07 13:41:46.967249+02,2026-10-07 13:41:46.967249+02
20241006,8743,11783.076,2026-10-07 13:41:46.967249+02,2026-10-07 13:41:46.967249+02
20241006,8744,566.513,2026-10-07 13:41:46.967249+02,2026-10-07 13:41:46.967249+02
20241006,8745,563.625,2026-10-07 13:41:46.967249+02,2026-10-07 13:41:46.967249+02
20241007,8741,679944.929,2026-10-07 13:41:46.967249+02,2026-10-07 13:41:46.967249+02
20241007,8742,25648.402,2026-10-07 13:41:46.967249+02,2026-10-07 13:41:46.967249+02
20241007,8743,12474.161,2026-10-07 13:41:46.967249+02,2026-10-07 13:41:46.967249+02
20241007,8744,569.455,2026-10-07 13:41:46.967249+02,2026-10-07 13:41:46.967249+02
20241007,8745,621.105,2026-10-07 13:41:46.967249+02,2026-10-07 13:41:46.967249+02
20241008,8741,705824.157,2026-10-07 13:41:46.967249+02,2026-10-07 13:41:46.967249+02
20241008,8742,26060.600,2026-10-07 13:41:46.967249+02,2026-10-07 13:41:46.967249+02
20241008,8743,12394.044,2026-10-07 13:41:46.967249+02,2026-10-07 13:41:46.967249+02
20241008,8744,574.453,2026-10-07 13:41:46.967249+02,2026-10-07 13:41:46.967249+02
20241008,8745,602.292,2026-10-07 13:41:46.967249+02,2026-10-07 13:41:46.967249+02
20241009,8741,685744.737,2026-10-07 13:41:46.967249+02,2026-10-07 13:41:46.967249+02
20241009,8742,25673.603,2026-10-07 13:41:46.967249+02,2026-10-07 13:41:46.967249+02
20241009,8743,12191.205,2026-10-07 13:41:46.967249+02,2026-10-07 13:41:46.967249+02
20241009,8744,562.826,2026-10-07 13:41:46.967249+02,2026-10-07 13:41:46.967249+02
20241009,8745,592.797,2026-10-07 13:41:46.967249+02,2026-10-07 13:41:46.967249+02
20241010,8741,675346.071,2026-10-07 13:41:46.967249+02,2026-10-07 13:41:46.967249+02
20241010,8742,26275.487,2026-10-07 13:41:46.967249+02,2026-10-07 13:41:46.967249+02
20241010,8743,12331.054,2026-10-07 13:41:46.967249+02,2026-10-07 13:41:46.967249+02
20241010,8744,567.099,2026-10-07 13:41:46.967249+02,2026-10-07 13:41:46.967249+02
20241010,8745,593.586,2026-10-07 13:41:46.967249+02,2026-10-07 13:41:46.967249+02
20241011,8741,624316.413,2026-10-07 13:41:46.967249+02,2026-10-07 13:41:46.967249+02
20241011,8742,26231.472,2026-10-07 13:41:46.967249+02,2026-10-07 13:41:46.967249+02
20241011,8743,11723.725,2026-10-07 13:41:46.967249+02,2026-10-07 13:41:46.967249+02
20241011,8744,538.674,2026-10-07 13:41:46.967249+02,2026-10-07 13:41:46.967249+02
20241011,8745,588.400,2026-10-07 13:41:46.967249+02,2026-10-07 13:41:46.967249+02
20241012,8741,573093.993,2026-10-07 13:41:46.967249+02,2026-10-07 13:41:46.967249+02
20241012,8742,24636.933,2026-10-07 13:41:46.967249+02,2026-10-07 13:41:46.967249+02
20241012,8743,11134.840,2026-10-07 13:41:46.967249+02,2026-10-07 13:41:46.967249+02
20241012,8744,528.340,2026-10-07 13:41:46.967249+02,2026-10-07 13:41:46.967249+02
20241012,8745,555.789,2026-10-07 13:41:46.967249+02,2026-10-07 13:41:46.967249+02
20241013,8741,519310.090,2026-10-07 13:41:46.967249+02,2026-10-07 13:41:46.967249+02
20241013,8742,23121.842,2026-10-07 13:41:46.967249+02,2026-10-07 13:41:46.967249+02
20241013,8743,10952.044,2026-10-07 13:41:46.967249+02,2026-10-07 13:41:46.967249+02
20241013,8744,550.788,2026-10-07 13:41:46.967249+02,2026-10-07 13:41:46.967249+02
20241013,8745,535.630,2026-10-07 13:41:46.967249+02,2026-10-07 13:41:46.967249+02
20241014,8741,614288.118,2026-10-07 13:41:46.967249+02,2026-10-07 13:41:46.967249+02
20241014,8742,25265.899,2026-10-07 13:41:46.967249+02,2026-10-07 13:41:46.967249+02
20241014,8743,12769.495,2026-10-07 13:41:46.967249+02,2026-10-07 13:41:46.967249+02
20241014,8744,545.421,2026-10-07 13:41:46.967249+02,2026-10-07 13:41:46.967249+02
20241014,8745,595.112,2026-10-07 13:41:46.967249+02,2026-10-07 13:41:46.967249+02
20241015,8741,659857.011,2026-10-07 13:41:46.967249+02,2026-10-07 13:41:46.967249+02
20241015,8742,25602.288,2026-10-07 13:41:46.967249+02,2026-10-07 13:41:46.967249+02
20241015,8743,12281.076,2026-10-07 13:41:46.967249+02,2026-10-07 13:41:46.967249+02
20241015,8744,565.948,2026-10-07 13:41:46.967249+02,2026-10-07 13:41:46.967249+02
20241015,8745,589.430,2026-10-07 13:41:46.967249+02,2026-10-07 13:41:46.967249+02
20241016,8741,671661.444,2026-10-07 13:41:46.967249+02,2026-10-07 13:41:46.967249+02
20241016,8742,26377.594,2026-10-07 13:41:46.967249+02,2026-10-07 13:41:46.967249+02
20241016,8743,12543.817,2026-10-07 13:41:46.967249+02,2026-10-07 13:41:46.967249+02
20241016,8744,559.440,2026-10-07 13:41:46.967249+02,2026-10-07 13:41:46.967249+02
20241016,8745,606.074,2026-10-07 13:41:46.967249+02,2026-10-07 13:41:46.967249+02
20241017,8741,693516.683,2026-10-07 13:41:46.967249+02,2026-10-07 13:41:46.967249+02
20241017,8742,25760.340,2026-10-07 13:41:46.967249+02,2026-10-07 13:41:46.967249+02
20241017,8743,12068.411,2026-10-07 13:41:46.967249+02,2026-10-07 13:41:46.967249+02
20241017,8744,541.536,2026-10-07 13:41:46.967249+02,2026-10-07 13:41:46.967249+02
20241017,8745,582.758,2026-10-07 13:41:46.967249+02,2026-10-07 13:41:46.967249+02
20241018,8741,711916.894,2026-10-07 13:41:46.967249+02,2026-10-07 13:41:46.967249+02
20241018,8742,25279.203,2026-10-07 13:41:46.967249+02,2026-10-07 13:41:46.967249+02
20241018,8743,11599.533,2026-10-07 13:41:46.967249+02,2026-10-07 13:41:46.967249+02
20241018,8744,514.916,2026-10-07 13:41:46.967249+02,2026-10-07 13:41:46.967249+02
20241018,8745,565.810,2026-10-07 13:41:46.967249+02,2026-10-07 13:41:46.967249+02
20241019,8741,594721.189,2026-10-07 13:41:46.967249+02,2026-10-07 13:41:46.967249+02
20241019,8742,23936.490,2026-10-07 13:41:46.967249+02,2026-10-07 13:41:46.967249+02
20241019,8743,10547.622,2026-10-07 13:41:46.967249+02,2026-10-07 13:41:46.967249+02
20241019,8744,530.554,2026-10-07 13:41:46.967249+02,2026-10-07 13:41:46.967249+02
20241019,8745,545.510,2026-10-07 13:41:46.967249+02,2026-10-07 13:41:46.967249+02
20241020,8741,550139.770,2026-10-07 13:41:46.967249+02,2026-10-07 13:41:46.967249+02
20241020,8742,22845.209,2026-10-07 13:41:46.967249+02,2026-10-07 13:41:46.967249+02
20241020,8743,10153.128,2026-10-07 13:41:46.967249+02,2026-10-07 13:41:46.967249+02
20241020,8744,539.130,2026-10-07 13:41:46.967249+02,2026-10-07 13:41:46.967249+02
20241020,8745,521.281,2026-10-07 13:41:46.967249+02,2026-10-07 13:41:46.967249+02
20241021,8741,638555.492,2026-10-07 13:41:46.967249+02,2026-10-07 13:41:46.967249+02
20241021,8742,25394.052,2026-10-07 13:41:46.967249+02,2026-10-07 13:41:46.967249+02
20241021,8743,11290.205,2026-10-07 13:41:46.967249+02,2026-10-07 13:41:46.967249+02
20241021,8744,535.740,2026-10-07 13:41:46.967249+02,2026-10-07 13:41:46.967249+02
20241021,8745,573.774,2026-10-07 13:41:46.967249+02,2026-10-07 13:41:46.967249+02
20241022,8741,679050.326,2026-10-07 13:41:46.967249+02,2026-10-07 13:41:46.967249+02
20241022,8742,25473.747,2026-10-07 13:41:46.967249+02,2026-10-07 13:41:46.967249+02
20241022,8743,11339.419,2026-10-07 13:41:46.967249+02,2026-10-07 13:41:46.967249+02
20241022,8744,543.781,2026-10-07 13:41:46.967249+02,2026-10-07 13:41:46.967249+02
20241022,8745,581.219,2026-10-07 13:41:46.967249+02,2026-10-07 13:41:46.967249+02
20241023,8741,660572.582,2026-10-07 13:41:46.967249+02,2026-10-07 13:41:46.967249+02
20241023,8742,25580.367,2026-10-07 13:41:46.967249+02,2026-10-07 13:41:46.967249+02
20241023,8743,11247.827,2026-10-07 13:41:46.967249+02,2026-10-07 13:41:46.967249+02
20241023,8744,562.431,2026-10-07 13:41:46.967249+02,2026-10-07 13:41:46.967249+02
20241023,8745,585.344,2026-10-07 13:41:46.967249+02,2026-10-07 13:41:46.967249+02
20241024,8741,674705.446,2026-10-07 13:41:46.967249+02,2026-10-07 13:41:46.967249+02
20241024,8742,25578.584,2026-10-07 13:41:46.967249+02,2026-10-07 13:41:46.967249+02
20241024,8743,10980.392,2026-10-07 13:41:46.967249+02,2026-10-07 13:41:46.967249+02
20241024,8744,548.405,2026-10-07 13:41:46.967249+02,2026-10-07 13:41:46.967249+02
20241024,8745,589.585,2026-10-07 13:41:46.967249+02,2026-10-07 13:41:46.967249+02
20241025,8741,639169.973,2026-10-07 13:41:46.967249+02,2026-10-07 13:41:46.967249+02
20241025,8742,25400.610,2026-10-07 13:41:46.967249+02,2026-10-07 13:41:46.967249+02
20241025,8743,11516.105,2026-10-07 13:41:46.967249+02,2026-10-07 13:41:46.967249+02
20241025,8744,532.520,2026-10-07 13:41:46.967249+02,2026-10-07 13:41:46.967249+02
20241025,8745,572.833,2026-10-07 13:41:46.967249+02,2026-10-07 13:41:46.967249+02
20241026,8741,605364.030,2026-10-07 13:41:46.967249+02,2026-10-07 13:41:46.967249+02
20241026,8742,23880.364,2026-10-07 13:41:46.967249+02,2026-10-07 13:41:46.967249+02
20241026,8743,11805.884,2026-10-07 13:41:46.967249+02,2026-10-07 13:41:46.967249+02
20241026,8744,526.352,2026-10-07 13:41:46.967249+02,2026-10-07 13:41:46.967249+02
20241026,8745,531.145,2026-10-07 13:41:46.967249+02,2026-10-07 13:41:46.967249+02
20241027,8741,580093.832,2026-10-07 13:41:46.967249+02,2026-10-07 13:41:46.967249+02
20241027,8742,23403.723,2026-10-07 13:41:46.967249+02,2026-10-07 13:41:46.967249+02
20241027,8743,10208.679,2026-10-07 13:41:46.967249+02,2026-10-07 13:41:46.967249+02
20241027,8744,559.220,2026-10-07 13:41:46.967249+02,2026-10-07 13:41:46.967249+02
20241027,8745,542.629,2026-10-07 13:41:46.967249+02,2026-10-07 13:41:46.967249+02
20241028,8741,683201.467,2026-10-07 13:41:46.967249+02,2026-10-07 13:41:46.967249+02
20241028,8742,24840.337,2026-10-07 13:41:46.967249+02,2026-10-07 13:41:46.967249+02
20241028,8743,10708.861,2026-10-07 13:41:46.967249+02,2026-10-07 13:41:46.967249+02
20241028,8744,553.592,2026-10-07 13:41:46.967249+02,2026-10-07 13:41:46.967249+02
20241028,8745,568.432,2026-10-07 13:41:46.967249+02,2026-10-07 13:41:46.967249+02
20241029,8741,699996.252,2026-10-07 13:41:46.967249+02,2026-10-07 13:41:46.967249+02
20241029,8742,24961.436,2026-10-07 13:41:46.967249+02,2026-10-07 13:41:46.967249+02
20241029,8743,12575.583,2026-10-07 13:41:46.967249+02,2026-10-07 13:41:46.967249+02
20241029,8744,539.464,2026-10-07 13:41:46.967249+02,2026-10-07 13:41:46.967249+02
20241029,8745,562.025,2026-10-07 13:41:46.967249+02,2026-10-07 13:41:46.967249+02
20241030,8741,704804.781,2026-10-07 13:41:46.967249+02,2026-10-07 13:41:46.967249+02
20241030,8742,24932.707,2026-10-07 13:41:46.967249+02,2026-10-07 13:41:46.967249+02
20241030,8743,10615.692,2026-10-07 13:41:46.967249+02,2026-10-07 13:41:46.967249+02
20241030,8744,553.389,2026-10-07 13:41:46.967249+02,2026-10-07 13:41:46.967249+02
20241030,8745,560.999,2026-10-07 13:41:46.967249+02,2026-10-07 13:41:46.967249+02
20241031,8741,608893.438,2026-10-07 13:41:46.967249+02,2026-10-07 13:41:46.967249+02
20241031,8742,24600.871,2026-10-07 13:41:46.967249+02,2026-10-07 13:41:46.967249+02
20241031,8743,11193.528,2026-10-07 13:41:46.967249+02,2026-10-07 13:41:46.967249+02
20241031,8744,539.467,2026-10-07 13:41:46.967249+02,2026-10-07 13:41:46.967249+02
20241031,8745,555.973,2026-10-07 13:41:46.967249+02,2026-10-07 13:41:46.967249+02
20241101,8741,543873.820,2026-10-07 13:41:46.967249+02,2026-10-07 13:41:46.967249+02
20241101,8742,23092.166,2026-10-07 13:41:46.967249+02,2026-10-07 13:41:46.967249+02
20241101,8743,11225.389,2026-10-07 13:41:46.967249+02,2026-10-07 13:41:46.967249+02
20241101,8744,520.568,2026-10-07 13:41:46.967249+02,2026-10-07 13:41:46.967249+02
20241101,8745,507.924,2026-10-07 13:41:46.967249+02,2026-10-07 13:41:46.967249+02
20241102,8741,553483.439,2026-10-07 13:41:46.967249+02,2026-10-07 13:41:46.967249+02
20241102,8742,23664.305,2026-10-07 13:41:46.967249+02,2026-10-07 13:41:46.967249+02
20241102,8743,9622.255,2026-10-07 13:41:46.967249+02,2026-10-07 13:41:46.967249+02
20241102,8744,533.861,2026-10-07 13:41:46.967249+02,2026-10-07 13:41:46.967249+02
20241102,8745,524.722,2026-10-07 13:41:46.967249+02,2026-10-07 13:41:46.967249+02
20241103,8741,572784.343,2026-10-07 13:41:46.967249+02,2026-10-07 13:41:46.967249+02
20241103,8742,22667.606,2026-10-07 13:41:46.967249+02,2026-10-07 13:41:46.967249+02
20241103,8743,10268.347,2026-10-07 13:41:46.967249+02,2026-10-07 13:41:46.967249+02
20241103,8744,518.593,2026-10-07 13:41:46.967249+02,2026-10-07 13:41:46.967249+02
20241103,8745,511.924,2026-10-07 13:41:46.967249+02,2026-10-07 13:41:46.967249+02
20241104,8741,627825.829,2026-10-07 13:41:46.967249+02,2026-10-07 13:41:46.967249+02
20241104,8742,25079.111,2026-10-07 13:41:46.967249+02,2026-10-07 13:41:46.967249+02
20241104,8743,11105.387,2026-10-07 13:41:46.967249+02,2026-10-07 13:41:46.967249+02
20241104,8744,529.549,2026-10-07 13:41:46.967249+02,2026-10-07 13:41:46.967249+02
20241104,8745,552.161,2026-10-07 13:41:46.967249+02,2026-10-07 13:41:46.967249+02
20241105,8741,625139.045,2026-10-07 13:41:46.967249+02,2026-10-07 13:41:46.967249+02
20241105,8742,25184.744,2026-10-07 13:41:46.967249+02,2026-10-07 13:41:46.967249+02
20241105,8743,10958.726,2026-10-07 13:41:46.967249+02,2026-10-07 13:41:46.967249+02
20241105,8744,544.277,2026-10-07 13:41:46.967249+02,2026-10-07 13:41:46.967249+02
20241105,8745,562.576,2026-10-07 13:41:46.967249+02,2026-10-07 13:41:46.967249+02
20241106,8741,634399.938,2026-10-07 13:41:46.967249+02,2026-10-07 13:41:46.967249+02
20241106,8742,25413.563,2026-10-07 13:41:46.967249+02,2026-10-07 13:41:46.967249+02
20241106,8743,10990.154,2026-10-07 13:41:46.967249+02,2026-10-07 13:41:46.967249+02
20241106,8744,547.012,2026-10-07 13:41:46.967249+02,2026-10-07 13:41:46.967249+02
20241106,8745,563.012,2026-10-07 13:41:46.967249+02,2026-10-07 13:41:46.967249+02
20241107,8741,634453.406,2026-10-07 13:41:46.967249+02,2026-10-07 13:41:46.967249+02
20241107,8742,25726.274,2026-10-07 13:41:46.967249+02,2026-10-07 13:41:46.967249+02
20241107,8743,10707.551,2026-10-07 13:41:46.967249+02,2026-10-07 13:41:46.967249+02
20241107,8744,557.565,2026-10-07 13:41:46.967249+02,2026-10-07 13:41:46.967249+02
20241107,8745,571.379,2026-10-07 13:41:46.967249+02,2026-10-07 13:41:46.967249+02
20241108,8741,631682.148,2026-10-07 13:41:46.967249+02,2026-10-07 13:41:46.967249+02
20241108,8742,26041.500,2026-10-07 13:41:46.967249+02,2026-10-07 13:41:46.967249+02
20241108,8743,10438.025,2026-10-07 13:41:46.967249+02,2026-10-07 13:41:46.967249+02
20241108,8744,531.271,2026-10-07 13:41:46.967249+02,2026-10-07 13:41:46.967249+02
20241108,8745,562.817,2026-10-07 13:41:46.967249+02,2026-10-07 13:41:46.967249+02
20241109,8741,623870.190,2026-10-07 13:41:46.967249+02,2026-10-07 13:41:46.967249+02
20241109,8742,24589.720,2026-10-07 13:41:46.967249+02,2026-10-07 13:41:46.967249+02
20241109,8743,9700.053,2026-10-07 13:41:46.967249+02,2026-10-07 13:41:46.967249+02
20241109,8744,535.301,2026-10-07 13:41:46.967249+02,2026-10-07 13:41:46.967249+02
20241109,8745,540.737,2026-10-07 13:41:46.967249+02,2026-10-07 13:41:46.967249+02
20241110,8741,640664.731,2026-10-07 13:41:46.967249+02,2026-10-07 13:41:46.967249+02
20241110,8742,23453.085,2026-10-07 13:41:46.967249+02,2026-10-07 13:41:46.967249+02
20241110,8743,9269.373,2026-10-07 13:41:46.967249+02,2026-10-07 13:41:46.967249+02
20241110,8744,545.105,2026-10-07 13:41:46.967249+02,2026-10-07 13:41:46.967249+02
20241110,8745,529.455,2026-10-07 13:41:46.967249+02,2026-10-07 13:41:46.967249+02
20241111,8741,701290.608,2026-10-07 13:41:46.967249+02,2026-10-07 13:41:46.967249+02
20241111,8742,25712.839,2026-10-07 13:41:46.967249+02,2026-10-07 13:41:46.967249+02
20241111,8743,9993.391,2026-10-07 13:41:46.967249+02,2026-10-07 13:41:46.967249+02
20241111,8744,552.048,2026-10-07 13:41:46.967249+02,2026-10-07 13:41:46.967249+02
20241111,8745,556.509,2026-10-07 13:41:46.967249+02,2026-10-07 13:41:46.967249+02
20241112,8741,726803.067,2026-10-07 13:41:46.967249+02,2026-10-07 13:41:46.967249+02
20241112,8742,25676.517,2026-10-07 13:41:46.967249+02,2026-10-07 13:41:46.967249+02
20241112,8743,11322.578,2026-10-07 13:41:46.967249+02,2026-10-07 13:41:46.967249+02
20241112,8744,539.942,2026-10-07 13:41:46.967249+02,2026-10-07 13:41:46.967249+02
20241112,8745,549.205,2026-10-07 13:41:46.967249+02,2026-10-07 13:41:46.967249+02
20241113,8741,685354.431,2026-10-07 13:41:46.967249+02,2026-10-07 13:41:46.967249+02
20241113,8742,25532.695,2026-10-07 13:41:46.967249+02,2026-10-07 13:41:46.967249+02
20241113,8743,10618.542,2026-10-07 13:41:46.967249+02,2026-10-07 13:41:46.967249+02
20241113,8744,560.862,2026-10-07 13:41:46.967249+02,2026-10-07 13:41:46.967249+02
20241113,8745,559.030,2026-10-07 13:41:46.967249+02,2026-10-07 13:41:46.967249+02
20241114,8741,663153.866,2026-10-07 13:41:46.967249+02,2026-10-07 13:41:46.967249+02
20241114,8742,25653.793,2026-10-07 13:41:46.967249+02,2026-10-07 13:41:46.967249+02
20241114,8743,10555.110,2026-10-07 13:41:46.967249+02,2026-10-07 13:41:46.967249+02
20241114,8744,546.691,2026-10-07 13:41:46.967249+02,2026-10-07 13:41:46.967249+02
20241114,8745,569.023,2026-10-07 13:41:46.967249+02,2026-10-07 13:41:46.967249+02
20241115,8741,642023.348,2026-10-07 13:41:46.967249+02,2026-10-07 13:41:46.967249+02
20241115,8742,25281.829,2026-10-07 13:41:46.967249+02,2026-10-07 13:41:46.967249+02
20241115,8743,10854.180,2026-10-07 13:41:46.967249+02,2026-10-07 13:41:46.967249+02
20241115,8744,540.854,2026-10-07 13:41:46.967249+02,2026-10-07 13:41:46.967249+02
20241115,8745,569.061,2026-10-07 13:41:46.967249+02,2026-10-07 13:41:46.967249+02
20241116,8741,559560.214,2026-10-07 13:41:46.967249+02,2026-10-07 13:41:46.967249+02
20241116,8742,23820.544,2026-10-07 13:41:46.967249+02,2026-10-07 13:41:46.967249+02
20241116,8743,10347.136,2026-10-07 13:41:46.967249+02,2026-10-07 13:41:46.967249+02
20241116,8744,545.401,2026-10-07 13:41:46.967249+02,2026-10-07 13:41:46.967249+02
20241116,8745,545.155,2026-10-07 13:41:46.967249+02,2026-10-07 13:41:46.967249+02
20241117,8741,522593.451,2026-10-07 13:41:46.967249+02,2026-10-07 13:41:46.967249+02
20241117,8742,22843.309,2026-10-07 13:41:46.967249+02,2026-10-07 13:41:46.967249+02
20241117,8743,9003.824,2026-10-07 13:41:46.967249+02,2026-10-07 13:41:46.967249+02
20241117,8744,534.847,2026-10-07 13:41:46.967249+02,2026-10-07 13:41:46.967249+02
20241117,8745,526.901,2026-10-07 13:41:46.967249+02,2026-10-07 13:41:46.967249+02
20241118,8741,651887.321,2026-10-07 13:41:46.967249+02,2026-10-07 13:41:46.967249+02
20241118,8742,25068.856,2026-10-07 13:41:46.967249+02,2026-10-07 13:41:46.967249+02
20241118,8743,10664.880,2026-10-07 13:41:46.967249+02,2026-10-07 13:41:46.967249+02
20241118,8744,558.020,2026-10-07 13:41:46.967249+02,2026-10-07 13:41:46.967249+02
20241118,8745,561.032,2026-10-07 13:41:46.967249+02,2026-10-07 13:41:46.967249+02
20241119,8741,674600.922,2026-10-07 13:41:46.967249+02,2026-10-07 13:41:46.967249+02
20241119,8742,25450.426,2026-10-07 13:41:46.967249+02,2026-10-07 13:41:46.967249+02
20241119,8743,10638.638,2026-10-07 13:41:46.967249+02,2026-10-07 13:41:46.967249+02
20241119,8744,544.372,2026-10-07 13:41:46.967249+02,2026-10-07 13:41:46.967249+02
20241119,8745,563.810,2026-10-07 13:41:46.967249+02,2026-10-07 13:41:46.967249+02
20241120,8741,757797.142,2026-10-07 13:41:46.967249+02,2026-10-07 13:41:46.967249+02
20241120,8742,25855.532,2026-10-07 13:41:46.967249+02,2026-10-07 13:41:46.967249+02
20241120,8743,10246.413,2026-10-07 13:41:46.967249+02,2026-10-07 13:41:46.967249+02
20241120,8744,541.893,2026-10-07 13:41:46.967249+02,2026-10-07 13:41:46.967249+02
20241120,8745,565.018,2026-10-07 13:41:46.967249+02,2026-10-07 13:41:46.967249+02
20241121,8741,803127.086,2026-10-07 13:41:46.967249+02,2026-10-07 13:41:46.967249+02
20241121,8742,26108.608,2026-10-07 13:41:46.967249+02,2026-10-07 13:41:46.967249+02
20241121,8743,10020.509,2026-10-07 13:41:46.967249+02,2026-10-07 13:41:46.967249+02
20241121,8744,525.845,2026-10-07 13:41:46.967249+02,2026-10-07 13:41:46.967249+02
20241121,8745,568.085,2026-10-07 13:41:46.967249+02,2026-10-07 13:41:46.967249+02
20241122,8741,714046.546,2026-10-07 13:41:46.967249+02,2026-10-07 13:41:46.967249+02
20241122,8742,25845.759,2026-10-07 13:41:46.967249+02,2026-10-07 13:41:46.967249+02
20241122,8743,10453.119,2026-10-07 13:41:46.967249+02,2026-10-07 13:41:46.967249+02
20241122,8744,491.068,2026-10-07 13:41:46.967249+02,2026-10-07 13:41:46.967249+02
20241122,8745,562.869,2026-10-07 13:41:46.967249+02,2026-10-07 13:41:46.967249+02
20241123,8741,583379.047,2026-10-07 13:41:46.967249+02,2026-10-07 13:41:46.967249+02
20241123,8742,24497.429,2026-10-07 13:41:46.967249+02,2026-10-07 13:41:46.967249+02
20241123,8743,9502.878,2026-10-07 13:41:46.967249+02,2026-10-07 13:41:46.967249+02
20241123,8744,462.227,2026-10-07 13:41:46.967249+02,2026-10-07 13:41:46.967249+02
20241123,8745,538.368,2026-10-07 13:41:46.967249+02,2026-10-07 13:41:46.967249+02
20241124,8741,625975.336,2026-10-07 13:41:46.967249+02,2026-10-07 13:41:46.967249+02
20241124,8742,23334.474,2026-10-07 13:41:46.967249+02,2026-10-07 13:41:46.967249+02
20241124,8743,8771.462,2026-10-07 13:41:46.967249+02,2026-10-07 13:41:46.967249+02
20241124,8744,463.755,2026-10-07 13:41:46.967249+02,2026-10-07 13:41:46.967249+02
20241124,8745,518.350,2026-10-07 13:41:46.967249+02,2026-10-07 13:41:46.967249+02
20241125,8741,701853.210,2026-10-07 13:41:46.967249+02,2026-10-07 13:41:46.967249+02
20241125,8742,25504.630,2026-10-07 13:41:46.967249+02,2026-10-07 13:41:46.967249+02
20241125,8743,9495.953,2026-10-07 13:41:46.967249+02,2026-10-07 13:41:46.967249+02
20241125,8744,514.092,2026-10-07 13:41:46.967249+02,2026-10-07 13:41:46.967249+02
20241125,8745,565.335,2026-10-07 13:41:46.967249+02,2026-10-07 13:41:46.967249+02
20241126,8741,681460.489,2026-10-07 13:41:46.967249+02,2026-10-07 13:41:46.967249+02
20241126,8742,25768.343,2026-10-07 13:41:46.967249+02,2026-10-07 13:41:46.967249+02
20241126,8743,10536.956,2026-10-07 13:41:46.967249+02,2026-10-07 13:41:46.967249+02
20241126,8744,515.493,2026-10-07 13:41:46.967249+02,2026-10-07 13:41:46.967249+02
20241126,8745,568.438,2026-10-07 13:41:46.967249+02,2026-10-07 13:41:46.967249+02
20241127,8741,669541.782,2026-10-07 13:41:46.967249+02,2026-10-07 13:41:46.967249+02
20241127,8742,25664.598,2026-10-07 13:41:46.967249+02,2026-10-07 13:41:46.967249+02
20241127,8743,10006.630,2026-10-07 13:41:46.967249+02,2026-10-07 13:41:46.967249+02
20241127,8744,520.147,2026-10-07 13:41:46.967249+02,2026-10-07 13:41:46.967249+02
20241127,8745,574.562,2026-10-07 13:41:46.967249+02,2026-10-07 13:41:46.967249+02
20241128,8741,661110.995,2026-10-07 13:41:46.967249+02,2026-10-07 13:41:46.967249+02
20241128,8742,25764.112,2026-10-07 13:41:46.967249+02,2026-10-07 13:41:46.967249+02
20241128,8743,9825.639,2026-10-07 13:41:46.967249+02,2026-10-07 13:41:46.967249+02
20241128,8744,519.640,2026-10-07 13:41:46.967249+02,2026-10-07 13:41:46.967249+02
20241128,8745,570.419,2026-10-07 13:41:46.967249+02,2026-10-07 13:41:46.967249+02
20241129,8741,659686.501,2026-10-07 13:41:46.967249+02,2026-10-07 13:41:46.967249+02
20241129,8742,25522.357,2026-10-07 13:41:46.967249+02,2026-10-07 13:41:46.967249+02
20241129,8743,10096.400,2026-10-07 13:41:46.967249+02,2026-10-07 13:41:46.967249+02
20241129,8744,507.336,2026-10-07 13:41:46.967249+02,2026-10-07 13:41:46.967249+02
20241129,8745,562.600,2026-10-07 13:41:46.967249+02,2026-10-07 13:41:46.967249+02
20241130,8741,587006.758,2026-10-07 13:41:46.967249+02,2026-10-07 13:41:46.967249+02
20241130,8742,24514.857,2026-10-07 13:41:46.967249+02,2026-10-07 13:41:46.967249+02
20241130,8743,9783.327,2026-10-07 13:41:46.967249+02,2026-10-07 13:41:46.967249+02
20241130,8744,472.326,2026-10-07 13:41:46.967249+02,2026-10-07 13:41:46.967249+02
20241130,8745,541.755,2026-10-07 13:41:46.967249+02,2026-10-07 13:41:46.967249+02
20241201,8741,555507.523,2026-10-07 13:41:46.967249+02,2026-10-07 13:41:46.967249+02
20241201,8742,23552.082,2026-10-07 13:41:46.967249+02,2026-10-07 13:41:46.967249+02
20241201,8743,9727.776,2026-10-07 13:41:46.967249+02,2026-10-07 13:41:46.967249+02
20241201,8744,466.849,2026-10-07 13:41:46.967249+02,2026-10-07 13:41:46.967249+02
20241201,8745,541.646,2026-10-07 13:41:46.967249+02,2026-10-07 13:41:46.967249+02
20241202,8741,678240.051,2026-10-07 13:41:46.967249+02,2026-10-07 13:41:46.967249+02
20241202,8742,25170.243,2026-10-07 13:41:46.967249+02,2026-10-07 13:41:46.967249+02
20241202,8743,10785.978,2026-10-07 13:41:46.967249+02,2026-10-07 13:41:46.967249+02
20241202,8744,510.226,2026-10-07 13:41:46.967249+02,2026-10-07 13:41:46.967249+02
20241202,8745,568.643,2026-10-07 13:41:46.967249+02,2026-10-07 13:41:46.967249+02
20241203,8741,729877.355,2026-10-07 13:41:46.967249+02,2026-10-07 13:41:46.967249+02
20241203,8742,25293.819,2026-10-07 13:41:46.967249+02,2026-10-07 13:41:46.967249+02
20241203,8743,10777.194,2026-10-07 13:41:46.967249+02,2026-10-07 13:41:46.967249+02
20241203,8744,515.862,2026-10-07 13:41:46.967249+02,2026-10-07 13:41:46.967249+02
20241203,8745,573.295,2026-10-07 13:41:46.967249+02,2026-10-07 13:41:46.967249+02
20241204,8741,760944.928,2026-10-07 13:41:46.967249+02,2026-10-07 13:41:46.967249+02
20241204,8742,25392.894,2026-10-07 13:41:46.967249+02,2026-10-07 13:41:46.967249+02
20241204,8743,10400.912,2026-10-07 13:41:46.967249+02,2026-10-07 13:41:46.967249+02
20241204,8744,510.778,2026-10-07 13:41:46.967249+02,2026-10-07 13:41:46.967249+02
20241204,8745,569.890,2026-10-07 13:41:46.967249+02,2026-10-07 13:41:46.967249+02
20241205,8741,719629.950,2026-10-07 13:41:46.967249+02,2026-10-07 13:41:46.967249+02
20241205,8742,25258.007,2026-10-07 13:41:46.967249+02,2026-10-07 13:41:46.967249+02
20241205,8743,11147.097,2026-10-07 13:41:46.967249+02,2026-10-07 13:41:46.967249+02
20241205,8744,499.966,2026-10-07 13:41:46.967249+02,2026-10-07 13:41:46.967249+02
20241205,8745,561.168,2026-10-07 13:41:46.967249+02,2026-10-07 13:41:46.967249+02
20241206,8741,666302.172,2026-10-07 13:41:46.967249+02,2026-10-07 13:41:46.967249+02
20241206,8742,23855.245,2026-10-07 13:41:46.967249+02,2026-10-07 13:41:46.967249+02
20241206,8743,10725.901,2026-10-07 13:41:46.967249+02,2026-10-07 13:41:46.967249+02
20241206,8744,454.929,2026-10-07 13:41:46.967249+02,2026-10-07 13:41:46.967249+02
20241206,8745,516.129,2026-10-07 13:41:46.967249+02,2026-10-07 13:41:46.967249+02
20241207,8741,674765.708,2026-10-07 13:41:46.967249+02,2026-10-07 13:41:46.967249+02
20241207,8742,23735.494,2026-10-07 13:41:46.967249+02,2026-10-07 13:41:46.967249+02
20241207,8743,9677.206,2026-10-07 13:41:46.967249+02,2026-10-07 13:41:46.967249+02
20241207,8744,454.936,2026-10-07 13:41:46.967249+02,2026-10-07 13:41:46.967249+02
20241207,8745,534.165,2026-10-07 13:41:46.967249+02,2026-10-07 13:41:46.967249+02
20241208,8741,706330.579,2026-10-07 13:41:46.967249+02,2026-10-07 13:41:46.967249+02
20241208,8742,22778.701,2026-10-07 13:41:46.967249+02,2026-10-07 13:41:46.967249+02
20241208,8743,9557.617,2026-10-07 13:41:46.967249+02,2026-10-07 13:41:46.967249+02
20241208,8744,452.558,2026-10-07 13:41:46.967249+02,2026-10-07 13:41:46.967249+02
20241208,8745,514.672,2026-10-07 13:41:46.967249+02,2026-10-07 13:41:46.967249+02
20241209,8741,781925.086,2026-10-07 13:41:46.967249+02,2026-10-07 13:41:46.967249+02
20241209,8742,24813.758,2026-10-07 13:41:46.967249+02,2026-10-07 13:41:46.967249+02
20241209,8743,10998.916,2026-10-07 13:41:46.967249+02,2026-10-07 13:41:46.967249+02
20241209,8744,520.554,2026-10-07 13:41:46.967249+02,2026-10-07 13:41:46.967249+02
20241209,8745,543.549,2026-10-07 13:41:46.967249+02,2026-10-07 13:41:46.967249+02
20241210,8741,777916.023,2026-10-07 13:41:46.967249+02,2026-10-07 13:41:46.967249+02
20241210,8742,24803.341,2026-10-07 13:41:46.967249+02,2026-10-07 13:41:46.967249+02
20241210,8743,11726.070,2026-10-07 13:41:46.967249+02,2026-10-07 13:41:46.967249+02
20241210,8744,529.422,2026-10-07 13:41:46.967249+02,2026-10-07 13:41:46.967249+02
20241210,8745,576.420,2026-10-07 13:41:46.967249+02,2026-10-07 13:41:46.967249+02
20241211,8741,775824.224,2026-10-07 13:41:46.967249+02,2026-10-07 13:41:46.967249+02
20241211,8742,24846.201,2026-10-07 13:41:46.967249+02,2026-10-07 13:41:46.967249+02
20241211,8743,14125.462,2026-10-07 13:41:46.967249+02,2026-10-07 13:41:46.967249+02
20241211,8744,547.324,2026-10-07 13:41:46.967249+02,2026-10-07 13:41:46.967249+02
20241211,8745,591.697,2026-10-07 13:41:46.967249+02,2026-10-07 13:41:46.967249+02
20241212,8741,763686.929,2026-10-07 13:41:46.967249+02,2026-10-07 13:41:46.967249+02
20241212,8742,24890.060,2026-10-07 13:41:46.967249+02,2026-10-07 13:41:46.967249+02
20241212,8743,15060.664,2026-10-07 13:41:46.967249+02,2026-10-07 13:41:46.967249+02
20241212,8744,549.094,2026-10-07 13:41:46.967249+02,2026-10-07 13:41:46.967249+02
20241212,8745,600.311,2026-10-07 13:41:46.967249+02,2026-10-07 13:41:46.967249+02
20241213,8741,752247.534,2026-10-07 13:41:46.967249+02,2026-10-07 13:41:46.967249+02
20241213,8742,24816.240,2026-10-07 13:41:46.967249+02,2026-10-07 13:41:46.967249+02
20241213,8743,14257.541,2026-10-07 13:41:46.967249+02,2026-10-07 13:41:46.967249+02
20241213,8744,539.488,2026-10-07 13:41:46.967249+02,2026-10-07 13:41:46.967249+02
20241213,8745,588.698,2026-10-07 13:41:46.967249+02,2026-10-07 13:41:46.967249+02
20241214,8741,676484.901,2026-10-07 13:41:46.967249+02,2026-10-07 13:41:46.967249+02
20241214,8742,23816.571,2026-10-07 13:41:46.967249+02,2026-10-07 13:41:46.967249+02
20241214,8743,13387.544,2026-10-07 13:41:46.967249+02,2026-10-07 13:41:46.967249+02
20241214,8744,499.661,2026-10-07 13:41:46.967249+02,2026-10-07 13:41:46.967249+02
20241214,8745,565.622,2026-10-07 13:41:46.967249+02,2026-10-07 13:41:46.967249+02
20241215,8741,662097.193,2026-10-07 13:41:46.967249+02,2026-10-07 13:41:46.967249+02
20241215,8742,23622.396,2026-10-07 13:41:46.967249+02,2026-10-07 13:41:46.967249+02
20241215,8743,12198.431,2026-10-07 13:41:46.967249+02,2026-10-07 13:41:46.967249+02
20241215,8744,498.688,2026-10-07 13:41:46.967249+02,2026-10-07 13:41:46.967249+02
20241215,8745,564.341,2026-10-07 13:41:46.967249+02,2026-10-07 13:41:46.967249+02
20241216,8741,694131.494,2026-10-07 13:41:46.967249+02,2026-10-07 13:41:46.967249+02
20241216,8742,24982.477,2026-10-07 13:41:46.967249+02,2026-10-07 13:41:46.967249+02
20241216,8743,13988.617,2026-10-07 13:41:46.967249+02,2026-10-07 13:41:46.967249+02
20241216,8744,548.929,2026-10-07 13:41:46.967249+02,2026-10-07 13:41:46.967249+02
20241216,8745,596.155,2026-10-07 13:41:46.967249+02,2026-10-07 13:41:46.967249+02
20241217,8741,725814.982,2026-10-07 13:41:46.967249+02,2026-10-07 13:41:46.967249+02
20241217,8742,25012.072,2026-10-07 13:41:46.967249+02,2026-10-07 13:41:46.967249+02
20241217,8743,14971.413,2026-10-07 13:41:46.967249+02,2026-10-07 13:41:46.967249+02
20241217,8744,544.137,2026-10-07 13:41:46.967249+02,2026-10-07 13:41:46.967249+02
20241217,8745,599.291,2026-10-07 13:41:46.967249+02,2026-10-07 13:41:46.967249+02
20241218,8741,704261.357,2026-10-07 13:41:46.967249+02,2026-10-07 13:41:46.967249+02
20241218,8742,24868.291,2026-10-07 13:41:46.967249+02,2026-10-07 13:41:46.967249+02
20241218,8743,13473.457,2026-10-07 13:41:46.967249+02,2026-10-07 13:41:46.967249+02
20241218,8744,531.827,2026-10-07 13:41:46.967249+02,2026-10-07 13:41:46.967249+02
20241218,8745,606.435,2026-10-07 13:41:46.967249+02,2026-10-07 13:41:46.967249+02
20241219,8741,741384.741,2026-10-07 13:41:46.967249+02,2026-10-07 13:41:46.967249+02
20241219,8742,24939.763,2026-10-07 13:41:46.967249+02,2026-10-07 13:41:46.967249+02
20241219,8743,12135.270,2026-10-07 13:41:46.967249+02,2026-10-07 13:41:46.967249+02
20241219,8744,534.168,2026-10-07 13:41:46.967249+02,2026-10-07 13:41:46.967249+02
20241219,8745,603.427,2026-10-07 13:41:46.967249+02,2026-10-07 13:41:46.967249+02
20241220,8741,718391.567,2026-10-07 13:41:46.967249+02,2026-10-07 13:41:46.967249+02
20241220,8742,24948.826,2026-10-07 13:41:46.967249+02,2026-10-07 13:41:46.967249+02
20241220,8743,12433.414,2026-10-07 13:41:46.967249+02,2026-10-07 13:41:46.967249+02
20241220,8744,512.452,2026-10-07 13:41:46.967249+02,2026-10-07 13:41:46.967249+02
20241220,8745,588.228,2026-10-07 13:41:46.967249+02,2026-10-07 13:41:46.967249+02
20241221,8741,628581.055,2026-10-07 13:41:46.967249+02,2026-10-07 13:41:46.967249+02
20241221,8742,24078.712,2026-10-07 13:41:46.967249+02,2026-10-07 13:41:46.967249+02
20241221,8743,11871.927,2026-10-07 13:41:46.967249+02,2026-10-07 13:41:46.967249+02
20241221,8744,491.752,2026-10-07 13:41:46.967249+02,2026-10-07 13:41:46.967249+02
20241221,8745,578.645,2026-10-07 13:41:46.967249+02,2026-10-07 13:41:46.967249+02
20241222,8741,677854.475,2026-10-07 13:41:46.967249+02,2026-10-07 13:41:46.967249+02
20241222,8742,23461.626,2026-10-07 13:41:46.967249+02,2026-10-07 13:41:46.967249+02
20241222,8743,10594.091,2026-10-07 13:41:46.967249+02,2026-10-07 13:41:46.967249+02
20241222,8744,477.903,2026-10-07 13:41:46.967249+02,2026-10-07 13:41:46.967249+02
20241222,8745,552.743,2026-10-07 13:41:46.967249+02,2026-10-07 13:41:46.967249+02
20241223,8741,754440.145,2026-10-07 13:41:46.967249+02,2026-10-07 13:41:46.967249+02
20241223,8742,24939.914,2026-10-07 13:41:46.967249+02,2026-10-07 13:41:46.967249+02
20241223,8743,11440.107,2026-10-07 13:41:46.967249+02,2026-10-07 13:41:46.967249+02
20241223,8744,514.180,2026-10-07 13:41:46.967249+02,2026-10-07 13:41:46.967249+02
20241223,8745,581.828,2026-10-07 13:41:46.967249+02,2026-10-07 13:41:46.967249+02
20241224,8741,677103.682,2026-10-07 13:41:46.967249+02,2026-10-07 13:41:46.967249+02
20241224,8742,24687.686,2026-10-07 13:41:46.967249+02,2026-10-07 13:41:46.967249+02
20241224,8743,10861.863,2026-10-07 13:41:46.967249+02,2026-10-07 13:41:46.967249+02
20241224,8744,489.438,2026-10-07 13:41:46.967249+02,2026-10-07 13:41:46.967249+02
20241224,8745,576.129,2026-10-07 13:41:46.967249+02,2026-10-07 13:41:46.967249+02
20241225,8741,567960.273,2026-10-07 13:41:46.967249+02,2026-10-07 13:41:46.967249+02
20241225,8742,21998.148,2026-10-07 13:41:46.967249+02,2026-10-07 13:41:46.967249+02
20241225,8743,10331.681,2026-10-07 13:41:46.967249+02,2026-10-07 13:41:46.967249+02
20241225,8744,444.769,2026-10-07 13:41:46.967249+02,2026-10-07 13:41:46.967249+02
20241225,8745,531.596,2026-10-07 13:41:46.967249+02,2026-10-07 13:41:46.967249+02
20241226,8741,595681.704,2026-10-07 13:41:46.967249+02,2026-10-07 13:41:46.967249+02
20241226,8742,24844.287,2026-10-07 13:41:46.967249+02,2026-10-07 13:41:46.967249+02
20241226,8743,12047.920,2026-10-07 13:41:46.967249+02,2026-10-07 13:41:46.967249+02
20241226,8744,502.687,2026-10-07 13:41:46.967249+02,2026-10-07 13:41:46.967249+02
20241226,8745,566.492,2026-10-07 13:41:46.967249+02,2026-10-07 13:41:46.967249+02
20241227,8741,659905.162,2026-10-07 13:41:46.967249+02,2026-10-07 13:41:46.967249+02
20241227,8742,24992.296,2026-10-07 13:41:46.967249+02,2026-10-07 13:41:46.967249+02
20241227,8743,13649.212,2026-10-07 13:41:46.967249+02,2026-10-07 13:41:46.967249+02
20241227,8744,498.143,2026-10-07 13:41:46.967249+02,2026-10-07 13:41:46.967249+02
20241227,8745,569.356,2026-10-07 13:41:46.967249+02,2026-10-07 13:41:46.967249+02
20241228,8741,617351.825,2026-10-07 13:41:46.967249+02,2026-10-07 13:41:46.967249+02
20241228,8742,23900.850,2026-10-07 13:41:46.967249+02,2026-10-07 13:41:46.967249+02
20241228,8743,12693.229,2026-10-07 13:41:46.967249+02,2026-10-07 13:41:46.967249+02
20241228,8744,479.043,2026-10-07 13:41:46.967249+02,2026-10-07 13:41:46.967249+02
20241228,8745,548.797,2026-10-07 13:41:46.967249+02,2026-10-07 13:41:46.967249+02
20241229,8741,603567.044,2026-10-07 13:41:46.967249+02,2026-10-07 13:41:46.967249+02
20241229,8742,23221.019,2026-10-07 13:41:46.967249+02,2026-10-07 13:41:46.967249+02
20241229,8743,12567.415,2026-10-07 13:41:46.967249+02,2026-10-07 13:41:46.967249+02
20241229,8744,470.496,2026-10-07 13:41:46.967249+02,2026-10-07 13:41:46.967249+02
20241229,8745,545.911,2026-10-07 13:41:46.967249+02,2026-10-07 13:41:46.967249+02
20241230,8741,653239.428,2026-10-07 13:41:46.967249+02,2026-10-07 13:41:46.967249+02
20241230,8742,24747.612,2026-10-07 13:41:46.967249+02,2026-10-07 13:41:46.967249+02
20241230,8743,13437.802,2026-10-07 13:41:46.967249+02,2026-10-07 13:41:46.967249+02
20241230,8744,510.190,2026-10-07 13:41:46.967249+02,2026-10-07 13:41:46.967249+02
20241230,8745,587.402,2026-10-07 13:41:46.967249+02,2026-10-07 13:41:46.967249+02
20241231,8741,617747.545,2026-10-07 13:41:46.967249+02,2026-10-07 13:41:46.967249+02
20241231,8742,24953.730,2026-10-07 13:41:46.967249+02,2026-10-07 13:41:46.967249+02
20241231,8743,13567.870,2026-10-07 13:41:46.967249+02,2026-10-07 13:41:46.967249+02
20241231,8744,495.576,2026-10-07 13:41:46.967249+02,2026-10-07 13:41:46.967249+02
20241231,8745,594.142,2026-10-07 13:41:46.967249+02,2026-10-07 13:41:46.967249+02
20250101,8741,576793.964,2026-10-07 13:41:46.967249+02,2026-10-07 13:41:46.967249+02
20250101,8742,22313.061,2026-10-07 13:41:46.967249+02,2026-10-07 13:41:46.967249+02
20250101,8743,11751.186,2026-10-07 13:41:46.967249+02,2026-10-07 13:41:46.967249+02
20250101,8744,487.445,2026-10-07 13:41:46.967249+02,2026-10-07 13:41:46.967249+02
20250101,8745,556.544,2026-10-07 13:41:46.967249+02,2026-10-07 13:41:46.967249+02
20250102,8741,693870.129,2026-10-07 13:41:46.967249+02,2026-10-07 13:41:46.967249+02
20250102,8742,25045.524,2026-10-07 13:41:46.967249+02,2026-10-07 13:41:46.967249+02
20250102,8743,13019.733,2026-10-07 13:41:46.967249+02,2026-10-07 13:41:46.967249+02
20250102,8744,533.500,2026-10-07 13:41:46.967249+02,2026-10-07 13:41:46.967249+02
20250102,8745,593.485,2026-10-07 13:41:46.967249+02,2026-10-07 13:41:46.967249+02
20250103,8741,749441.362,2026-10-07 13:41:46.967249+02,2026-10-07 13:41:46.967249+02
20250103,8742,25150.288,2026-10-07 13:41:46.967249+02,2026-10-07 13:41:46.967249+02
20250103,8743,12974.502,2026-10-07 13:41:46.967249+02,2026-10-07 13:41:46.967249+02
20250103,8744,524.412,2026-10-07 13:41:46.967249+02,2026-10-07 13:41:46.967249+02
20250103,8745,598.940,2026-10-07 13:41:46.967249+02,2026-10-07 13:41:46.967249+02
20250104,8741,696510.459,2026-10-07 13:41:46.967249+02,2026-10-07 13:41:46.967249+02
20250104,8742,24032.982,2026-10-07 13:41:46.967249+02,2026-10-07 13:41:46.967249+02
20250104,8743,12140.863,2026-10-07 13:41:46.967249+02,2026-10-07 13:41:46.967249+02
20250104,8744,513.048,2026-10-07 13:41:46.967249+02,2026-10-07 13:41:46.967249+02
20250104,8745,579.683,2026-10-07 13:41:46.967249+02,2026-10-07 13:41:46.967249+02
20250105,8741,673028.470,2026-10-07 13:41:46.967249+02,2026-10-07 13:41:46.967249+02
20250105,8742,23369.847,2026-10-07 13:41:46.967249+02,2026-10-07 13:41:46.967249+02
20250105,8743,11482.873,2026-10-07 13:41:46.967249+02,2026-10-07 13:41:46.967249+02
20250105,8744,514.490,2026-10-07 13:41:46.967249+02,2026-10-07 13:41:46.967249+02
20250105,8745,563.217,2026-10-07 13:41:46.967249+02,2026-10-07 13:41:46.967249+02
20250106,8741,669577.199,2026-10-07 13:41:46.967249+02,2026-10-07 13:41:46.967249+02
20250106,8742,22228.505,2026-10-07 13:41:46.967249+02,2026-10-07 13:41:46.967249+02
20250106,8743,11150.510,2026-10-07 13:41:46.967249+02,2026-10-07 13:41:46.967249+02
20250106,8744,509.689,2026-10-07 13:41:46.967249+02,2026-10-07 13:41:46.967249+02
20250106,8745,563.965,2026-10-07 13:41:46.967249+02,2026-10-07 13:41:46.967249+02
20250107,8741,763204.566,2026-10-07 13:41:46.967249+02,2026-10-07 13:41:46.967249+02
20250107,8742,25104.490,2026-10-07 13:41:46.967249+02,2026-10-07 13:41:46.967249+02
20250107,8743,12154.465,2026-10-07 13:41:46.967249+02,2026-10-07 13:41:46.967249+02
20250107,8744,571.714,2026-10-07 13:41:46.967249+02,2026-10-07 13:41:46.967249+02
20250107,8745,604.947,2026-10-07 13:41:46.967249+02,2026-10-07 13:41:46.967249+02
20250108,8741,793759.080,2026-10-07 13:41:46.967249+02,2026-10-07 13:41:46.967249+02
20250108,8742,25330.861,2026-10-07 13:41:46.967249+02,2026-10-07 13:41:46.967249+02
20250108,8743,10310.822,2026-10-07 13:41:46.967249+02,2026-10-07 13:41:46.967249+02
20250108,8744,564.230,2026-10-07 13:41:46.967249+02,2026-10-07 13:41:46.967249+02
20250108,8745,620.570,2026-10-07 13:41:46.967249+02,2026-10-07 13:41:46.967249+02
20250109,8741,807259.836,2026-10-07 13:41:46.967249+02,2026-10-07 13:41:46.967249+02
20250109,8742,25188.753,2026-10-07 13:41:46.967249+02,2026-10-07 13:41:46.967249+02
20250109,8743,10068.237,2026-10-07 13:41:46.967249+02,2026-10-07 13:41:46.967249+02
20250109,8744,549.540,2026-10-07 13:41:46.967249+02,2026-10-07 13:41:46.967249+02
20250109,8745,609.632,2026-10-07 13:41:46.967249+02,2026-10-07 13:41:46.967249+02
20250110,8741,780638.403,2026-10-07 13:41:46.967249+02,2026-10-07 13:41:46.967249+02
20250110,8742,25052.258,2026-10-07 13:41:46.967249+02,2026-10-07 13:41:46.967249+02
20250110,8743,10847.675,2026-10-07 13:41:46.967249+02,2026-10-07 13:41:46.967249+02
20250110,8744,536.070,2026-10-07 13:41:46.967249+02,2026-10-07 13:41:46.967249+02
20250110,8745,592.994,2026-10-07 13:41:46.967249+02,2026-10-07 13:41:46.967249+02
20250111,8741,749037.335,2026-10-07 13:41:46.967249+02,2026-10-07 13:41:46.967249+02
20250111,8742,23871.344,2026-10-07 13:41:46.967249+02,2026-10-07 13:41:46.967249+02
20250111,8743,9998.588,2026-10-07 13:41:46.967249+02,2026-10-07 13:41:46.967249+02
20250111,8744,550.285,2026-10-07 13:41:46.967249+02,2026-10-07 13:41:46.967249+02
20250111,8745,569.767,2026-10-07 13:41:46.967249+02,2026-10-07 13:41:46.967249+02
20250112,8741,737007.728,2026-10-07 13:41:46.967249+02,2026-10-07 13:41:46.967249+02
20250112,8742,22759.015,2026-10-07 13:41:46.967249+02,2026-10-07 13:41:46.967249+02
20250112,8743,10136.251,2026-10-07 13:41:46.967249+02,2026-10-07 13:41:46.967249+02
20250112,8744,528.711,2026-10-07 13:41:46.967249+02,2026-10-07 13:41:46.967249+02
20250112,8745,557.630,2026-10-07 13:41:46.967249+02,2026-10-07 13:41:46.967249+02
20250113,8741,792990.046,2026-10-07 13:41:46.967249+02,2026-10-07 13:41:46.967249+02
20250113,8742,24898.581,2026-10-07 13:41:46.967249+02,2026-10-07 13:41:46.967249+02
20250113,8743,13299.164,2026-10-07 13:41:46.967249+02,2026-10-07 13:41:46.967249+02
20250113,8744,572.885,2026-10-07 13:41:46.967249+02,2026-10-07 13:41:46.967249+02
20250113,8745,596.100,2026-10-07 13:41:46.967249+02,2026-10-07 13:41:46.967249+02
20250114,8741,790606.976,2026-10-07 13:41:46.967249+02,2026-10-07 13:41:46.967249+02
20250114,8742,24944.179,2026-10-07 13:41:46.967249+02,2026-10-07 13:41:46.967249+02
20250114,8743,15733.648,2026-10-07 13:41:46.967249+02,2026-10-07 13:41:46.967249+02
20250114,8744,565.847,2026-10-07 13:41:46.967249+02,2026-10-07 13:41:46.967249+02
20250114,8745,615.672,2026-10-07 13:41:46.967249+02,2026-10-07 13:41:46.967249+02
20250115,8741,846170.541,2026-10-07 13:41:46.967249+02,2026-10-07 13:41:46.967249+02
20250115,8742,24933.086,2026-10-07 13:41:46.967249+02,2026-10-07 13:41:46.967249+02
20250115,8743,14706.288,2026-10-07 13:41:46.967249+02,2026-10-07 13:41:46.967249+02
20250115,8744,557.436,2026-10-07 13:41:46.967249+02,2026-10-07 13:41:46.967249+02
20250115,8745,634.783,2026-10-07 13:41:46.967249+02,2026-10-07 13:41:46.967249+02
20250116,8741,858062.065,2026-10-07 13:41:46.967249+02,2026-10-07 13:41:46.967249+02
20250116,8742,25039.081,2026-10-07 13:41:46.967249+02,2026-10-07 13:41:46.967249+02
20250116,8743,14246.631,2026-10-07 13:41:46.967249+02,2026-10-07 13:41:46.967249+02
20250116,8744,570.504,2026-10-07 13:41:46.967249+02,2026-10-07 13:41:46.967249+02
20250116,8745,630.085,2026-10-07 13:41:46.967249+02,2026-10-07 13:41:46.967249+02
20250117,8741,793796.568,2026-10-07 13:41:46.967249+02,2026-10-07 13:41:46.967249+02
20250117,8742,25218.788,2026-10-07 13:41:46.967249+02,2026-10-07 13:41:46.967249+02
20250117,8743,15438.104,2026-10-07 13:41:46.967249+02,2026-10-07 13:41:46.967249+02
20250117,8744,565.575,2026-10-07 13:41:46.967249+02,2026-10-07 13:41:46.967249+02
20250117,8745,643.151,2026-10-07 13:41:46.967249+02,2026-10-07 13:41:46.967249+02
20250118,8741,704369.229,2026-10-07 13:41:46.967249+02,2026-10-07 13:41:46.967249+02
20250118,8742,23995.921,2026-10-07 13:41:46.967249+02,2026-10-07 13:41:46.967249+02
20250118,8743,12935.076,2026-10-07 13:41:46.967249+02,2026-10-07 13:41:46.967249+02
20250118,8744,566.925,2026-10-07 13:41:46.967249+02,2026-10-07 13:41:46.967249+02
20250118,8745,628.649,2026-10-07 13:41:46.967249+02,2026-10-07 13:41:46.967249+02
20250119,8741,684053.029,2026-10-07 13:41:46.967249+02,2026-10-07 13:41:46.967249+02
20250119,8742,22938.133,2026-10-07 13:41:46.967249+02,2026-10-07 13:41:46.967249+02
20250119,8743,12353.975,2026-10-07 13:41:46.967249+02,2026-10-07 13:41:46.967249+02
20250119,8744,565.685,2026-10-07 13:41:46.967249+02,2026-10-07 13:41:46.967249+02
20250119,8745,601.127,2026-10-07 13:41:46.967249+02,2026-10-07 13:41:46.967249+02
20250120,8741,783661.812,2026-10-07 13:41:46.967249+02,2026-10-07 13:41:46.967249+02
20250120,8742,24941.679,2026-10-07 13:41:46.967249+02,2026-10-07 13:41:46.967249+02
20250120,8743,14686.097,2026-10-07 13:41:46.967249+02,2026-10-07 13:41:46.967249+02
20250120,8744,599.210,2026-10-07 13:41:46.967249+02,2026-10-07 13:41:46.967249+02
20250120,8745,645.497,2026-10-07 13:41:46.967249+02,2026-10-07 13:41:46.967249+02
20250121,8741,801625.005,2026-10-07 13:41:46.967249+02,2026-10-07 13:41:46.967249+02
20250121,8742,25150.144,2026-10-07 13:41:46.967249+02,2026-10-07 13:41:46.967249+02
20250121,8743,14142.312,2026-10-07 13:41:46.967249+02,2026-10-07 13:41:46.967249+02
20250121,8744,578.641,2026-10-07 13:41:46.967249+02,2026-10-07 13:41:46.967249+02
20250121,8745,636.005,2026-10-07 13:41:46.967249+02,2026-10-07 13:41:46.967249+02
20250122,8741,788316.535,2026-10-07 13:41:46.967249+02,2026-10-07 13:41:46.967249+02
20250122,8742,25235.539,2026-10-07 13:41:46.967249+02,2026-10-07 13:41:46.967249+02
20250122,8743,12458.127,2026-10-07 13:41:46.967249+02,2026-10-07 13:41:46.967249+02
20250122,8744,566.729,2026-10-07 13:41:46.967249+02,2026-10-07 13:41:46.967249+02
20250122,8745,620.541,2026-10-07 13:41:46.967249+02,2026-10-07 13:41:46.967249+02
20250123,8741,723819.475,2026-10-07 13:41:46.967249+02,2026-10-07 13:41:46.967249+02
20250123,8742,25212.150,2026-10-07 13:41:46.967249+02,2026-10-07 13:41:46.967249+02
20250123,8743,12203.931,2026-10-07 13:41:46.967249+02,2026-10-07 13:41:46.967249+02
20250123,8744,553.040,2026-10-07 13:41:46.967249+02,2026-10-07 13:41:46.967249+02
20250123,8745,600.579,2026-10-07 13:41:46.967249+02,2026-10-07 13:41:46.967249+02
20250124,8741,689264.576,2026-10-07 13:41:46.967249+02,2026-10-07 13:41:46.967249+02
20250124,8742,25048.576,2026-10-07 13:41:46.967249+02,2026-10-07 13:41:46.967249+02
20250124,8743,12060.950,2026-10-07 13:41:46.967249+02,2026-10-07 13:41:46.967249+02
20250124,8744,554.779,2026-10-07 13:41:46.967249+02,2026-10-07 13:41:46.967249+02
20250124,8745,600.804,2026-10-07 13:41:46.967249+02,2026-10-07 13:41:46.967249+02
20250125,8741,687744.368,2026-10-07 13:41:46.967249+02,2026-10-07 13:41:46.967249+02
20250125,8742,23668.317,2026-10-07 13:41:46.967249+02,2026-10-07 13:41:46.967249+02
20250125,8743,10103.323,2026-10-07 13:41:46.967249+02,2026-10-07 13:41:46.967249+02
20250125,8744,552.678,2026-10-07 13:41:46.967249+02,2026-10-07 13:41:46.967249+02
20250125,8745,570.465,2026-10-07 13:41:46.967249+02,2026-10-07 13:41:46.967249+02
20250126,8741,665086.665,2026-10-07 13:41:46.967249+02,2026-10-07 13:41:46.967249+02
20250126,8742,22376.110,2026-10-07 13:41:46.967249+02,2026-10-07 13:41:46.967249+02
20250126,8743,9604.872,2026-10-07 13:41:46.967249+02,2026-10-07 13:41:46.967249+02
20250126,8744,524.927,2026-10-07 13:41:46.967249+02,2026-10-07 13:41:46.967249+02
20250126,8745,549.233,2026-10-07 13:41:46.967249+02,2026-10-07 13:41:46.967249+02
20250127,8741,759493.979,2026-10-07 13:41:46.967249+02,2026-10-07 13:41:46.967249+02
20250127,8742,24504.464,2026-10-07 13:41:46.967249+02,2026-10-07 13:41:46.967249+02
20250127,8743,9937.697,2026-10-07 13:41:46.967249+02,2026-10-07 13:41:46.967249+02
20250127,8744,555.221,2026-10-07 13:41:46.967249+02,2026-10-07 13:41:46.967249+02
20250127,8745,584.220,2026-10-07 13:41:46.967249+02,2026-10-07 13:41:46.967249+02
20250128,8741,783152.518,2026-10-07 13:41:46.967249+02,2026-10-07 13:41:46.967249+02
20250128,8742,24810.820,2026-10-07 13:41:46.967249+02,2026-10-07 13:41:46.967249+02
20250128,8743,10441.186,2026-10-07 13:41:46.967249+02,2026-10-07 13:41:46.967249+02
20250128,8744,554.989,2026-10-07 13:41:46.967249+02,2026-10-07 13:41:46.967249+02
20250128,8745,594.920,2026-10-07 13:41:46.967249+02,2026-10-07 13:41:46.967249+02
20250129,8741,768454.671,2026-10-07 13:41:46.967249+02,2026-10-07 13:41:46.967249+02
20250129,8742,24661.903,2026-10-07 13:41:46.967249+02,2026-10-07 13:41:46.967249+02
20250129,8743,10829.805,2026-10-07 13:41:46.967249+02,2026-10-07 13:41:46.967249+02
20250129,8744,562.065,2026-10-07 13:41:46.967249+02,2026-10-07 13:41:46.967249+02
20250129,8745,595.859,2026-10-07 13:41:46.967249+02,2026-10-07 13:41:46.967249+02
20250130,8741,796520.906,2026-10-07 13:41:46.967249+02,2026-10-07 13:41:46.967249+02
20250130,8742,24929.480,2026-10-07 13:41:46.967249+02,2026-10-07 13:41:46.967249+02
20250130,8743,10697.793,2026-10-07 13:41:46.967249+02,2026-10-07 13:41:46.967249+02
20250130,8744,581.270,2026-10-07 13:41:46.967249+02,2026-10-07 13:41:46.967249+02
20250130,8745,626.566,2026-10-07 13:41:46.967249+02,2026-10-07 13:41:46.967249+02
20250131,8741,796639.541,2026-10-07 13:41:46.967249+02,2026-10-07 13:41:46.967249+02
20250131,8742,24768.633,2026-10-07 13:41:46.967249+02,2026-10-07 13:41:46.967249+02
20250131,8743,11470.452,2026-10-07 13:41:46.967249+02,2026-10-07 13:41:46.967249+02
20250131,8744,561.502,2026-10-07 13:41:46.967249+02,2026-10-07 13:41:46.967249+02
20250131,8745,620.193,2026-10-07 13:41:46.967249+02,2026-10-07 13:41:46.967249+02
20250201,8741,727766.104,2026-10-07 13:41:46.967249+02,2026-10-07 13:41:46.967249+02
20250201,8742,23734.063,2026-10-07 13:41:46.967249+02,2026-10-07 13:41:46.967249+02
20250201,8743,10844.991,2026-10-07 13:41:46.967249+02,2026-10-07 13:41:46.967249+02
20250201,8744,563.911,2026-10-07 13:41:46.967249+02,2026-10-07 13:41:46.967249+02
20250201,8745,586.084,2026-10-07 13:41:46.967249+02,2026-10-07 13:41:46.967249+02
20250202,8741,662347.114,2026-10-07 13:41:46.967249+02,2026-10-07 13:41:46.967249+02
20250202,8742,22661.227,2026-10-07 13:41:46.967249+02,2026-10-07 13:41:46.967249+02
20250202,8743,10840.716,2026-10-07 13:41:46.967249+02,2026-10-07 13:41:46.967249+02
20250202,8744,546.653,2026-10-07 13:41:46.967249+02,2026-10-07 13:41:46.967249+02
20250202,8745,567.781,2026-10-07 13:41:46.967249+02,2026-10-07 13:41:46.967249+02
20250203,8741,759315.987,2026-10-07 13:41:46.967249+02,2026-10-07 13:41:46.967249+02
20250203,8742,24036.644,2026-10-07 13:41:46.967249+02,2026-10-07 13:41:46.967249+02
20250203,8743,11518.718,2026-10-07 13:41:46.967249+02,2026-10-07 13:41:46.967249+02
20250203,8744,592.198,2026-10-07 13:41:46.967249+02,2026-10-07 13:41:46.967249+02
20250203,8745,636.150,2026-10-07 13:41:46.967249+02,2026-10-07 13:41:46.967249+02
20250204,8741,794430.262,2026-10-07 13:41:46.967249+02,2026-10-07 13:41:46.967249+02
20250204,8742,24751.772,2026-10-07 13:41:46.967249+02,2026-10-07 13:41:46.967249+02
20250204,8743,12192.314,2026-10-07 13:41:46.967249+02,2026-10-07 13:41:46.967249+02
20250204,8744,598.170,2026-10-07 13:41:46.967249+02,2026-10-07 13:41:46.967249+02
20250204,8745,623.854,2026-10-07 13:41:46.967249+02,2026-10-07 13:41:46.967249+02
20250205,8741,807547.017,2026-10-07 13:41:46.967249+02,2026-10-07 13:41:46.967249+02
20250205,8742,24772.717,2026-10-07 13:41:46.967249+02,2026-10-07 13:41:46.967249+02
20250205,8743,12585.443,2026-10-07 13:41:46.967249+02,2026-10-07 13:41:46.967249+02
20250205,8744,581.567,2026-10-07 13:41:46.967249+02,2026-10-07 13:41:46.967249+02
20250205,8745,620.809,2026-10-07 13:41:46.967249+02,2026-10-07 13:41:46.967249+02
20250206,8741,789989.578,2026-10-07 13:41:46.967249+02,2026-10-07 13:41:46.967249+02
20250206,8742,24837.452,2026-10-07 13:41:46.967249+02,2026-10-07 13:41:46.967249+02
20250206,8743,12857.842,2026-10-07 13:41:46.967249+02,2026-10-07 13:41:46.967249+02
20250206,8744,577.479,2026-10-07 13:41:46.967249+02,2026-10-07 13:41:46.967249+02
20250206,8745,615.524,2026-10-07 13:41:46.967249+02,2026-10-07 13:41:46.967249+02
20250207,8741,796431.503,2026-10-07 13:41:46.967249+02,2026-10-07 13:41:46.967249+02
20250207,8742,24657.760,2026-10-07 13:41:46.967249+02,2026-10-07 13:41:46.967249+02
20250207,8743,12959.925,2026-10-07 13:41:46.967249+02,2026-10-07 13:41:46.967249+02
20250207,8744,550.565,2026-10-07 13:41:46.967249+02,2026-10-07 13:41:46.967249+02
20250207,8745,609.072,2026-10-07 13:41:46.967249+02,2026-10-07 13:41:46.967249+02
20250208,8741,749272.931,2026-10-07 13:41:46.967249+02,2026-10-07 13:41:46.967249+02
20250208,8742,23702.717,2026-10-07 13:41:46.967249+02,2026-10-07 13:41:46.967249+02
20250208,8743,11996.468,2026-10-07 13:41:46.967249+02,2026-10-07 13:41:46.967249+02
20250208,8744,566.679,2026-10-07 13:41:46.967249+02,2026-10-07 13:41:46.967249+02
20250208,8745,578.609,2026-10-07 13:41:46.967249+02,2026-10-07 13:41:46.967249+02
20250209,8741,699902.874,2026-10-07 13:41:46.967249+02,2026-10-07 13:41:46.967249+02
20250209,8742,22660.895,2026-10-07 13:41:46.967249+02,2026-10-07 13:41:46.967249+02
20250209,8743,11892.953,2026-10-07 13:41:46.967249+02,2026-10-07 13:41:46.967249+02
20250209,8744,549.198,2026-10-07 13:41:46.967249+02,2026-10-07 13:41:46.967249+02
20250209,8745,554.965,2026-10-07 13:41:46.967249+02,2026-10-07 13:41:46.967249+02
20250210,8741,727455.653,2026-10-07 13:41:46.967249+02,2026-10-07 13:41:46.967249+02
20250210,8742,24521.531,2026-10-07 13:41:46.967249+02,2026-10-07 13:41:46.967249+02
20250210,8743,12507.968,2026-10-07 13:41:46.967249+02,2026-10-07 13:41:46.967249+02
20250210,8744,567.159,2026-10-07 13:41:46.967249+02,2026-10-07 13:41:46.967249+02
20250210,8745,596.498,2026-10-07 13:41:46.967249+02,2026-10-07 13:41:46.967249+02
20250211,8741,759415.356,2026-10-07 13:41:46.967249+02,2026-10-07 13:41:46.967249+02
20250211,8742,24742.512,2026-10-07 13:41:46.967249+02,2026-10-07 13:41:46.967249+02
20250211,8743,11956.912,2026-10-07 13:41:46.967249+02,2026-10-07 13:41:46.967249+02
20250211,8744,557.460,2026-10-07 13:41:46.967249+02,2026-10-07 13:41:46.967249+02
20250211,8745,592.952,2026-10-07 13:41:46.967249+02,2026-10-07 13:41:46.967249+02
20250212,8741,801539.032,2026-10-07 13:41:46.967249+02,2026-10-07 13:41:46.967249+02
20250212,8742,24726.023,2026-10-07 13:41:46.967249+02,2026-10-07 13:41:46.967249+02
20250212,8743,11855.900,2026-10-07 13:41:46.967249+02,2026-10-07 13:41:46.967249+02
20250212,8744,561.978,2026-10-07 13:41:46.967249+02,2026-10-07 13:41:46.967249+02
20250212,8745,610.783,2026-10-07 13:41:46.967249+02,2026-10-07 13:41:46.967249+02
20250213,8741,785641.472,2026-10-07 13:41:46.967249+02,2026-10-07 13:41:46.967249+02
20250213,8742,24654.437,2026-10-07 13:41:46.967249+02,2026-10-07 13:41:46.967249+02
20250213,8743,11966.625,2026-10-07 13:41:46.967249+02,2026-10-07 13:41:46.967249+02
20250213,8744,555.585,2026-10-07 13:41:46.967249+02,2026-10-07 13:41:46.967249+02
20250213,8745,592.739,2026-10-07 13:41:46.967249+02,2026-10-07 13:41:46.967249+02
20250214,8741,761204.815,2026-10-07 13:41:46.967249+02,2026-10-07 13:41:46.967249+02
20250214,8742,24678.868,2026-10-07 13:41:46.967249+02,2026-10-07 13:41:46.967249+02
20250214,8743,11688.138,2026-10-07 13:41:46.967249+02,2026-10-07 13:41:46.967249+02
20250214,8744,538.496,2026-10-07 13:41:46.967249+02,2026-10-07 13:41:46.967249+02
20250214,8745,587.633,2026-10-07 13:41:46.967249+02,2026-10-07 13:41:46.967249+02
20250215,8741,682863.714,2026-10-07 13:41:46.967249+02,2026-10-07 13:41:46.967249+02
20250215,8742,23693.427,2026-10-07 13:41:46.967249+02,2026-10-07 13:41:46.967249+02
20250215,8743,10900.839,2026-10-07 13:41:46.967249+02,2026-10-07 13:41:46.967249+02
20250215,8744,552.540,2026-10-07 13:41:46.967249+02,2026-10-07 13:41:46.967249+02
20250215,8745,559.316,2026-10-07 13:41:46.967249+02,2026-10-07 13:41:46.967249+02
20250216,8741,655975.253,2026-10-07 13:41:46.967249+02,2026-10-07 13:41:46.967249+02
20250216,8742,22439.691,2026-10-07 13:41:46.967249+02,2026-10-07 13:41:46.967249+02
20250216,8743,10555.472,2026-10-07 13:41:46.967249+02,2026-10-07 13:41:46.967249+02
20250216,8744,526.850,2026-10-07 13:41:46.967249+02,2026-10-07 13:41:46.967249+02
20250216,8745,542.928,2026-10-07 13:41:46.967249+02,2026-10-07 13:41:46.967249+02
20250217,8741,712471.078,2026-10-07 13:41:46.967249+02,2026-10-07 13:41:46.967249+02
20250217,8742,24560.121,2026-10-07 13:41:46.967249+02,2026-10-07 13:41:46.967249+02
20250217,8743,11889.750,2026-10-07 13:41:46.967249+02,2026-10-07 13:41:46.967249+02
20250217,8744,547.188,2026-10-07 13:41:46.967249+02,2026-10-07 13:41:46.967249+02
20250217,8745,578.615,2026-10-07 13:41:46.967249+02,2026-10-07 13:41:46.967249+02
20250218,8741,728820.949,2026-10-07 13:41:46.967249+02,2026-10-07 13:41:46.967249+02
20250218,8742,24769.052,2026-10-07 13:41:46.967249+02,2026-10-07 13:41:46.967249+02
20250218,8743,11965.468,2026-10-07 13:41:46.967249+02,2026-10-07 13:41:46.967249+02
20250218,8744,547.118,2026-10-07 13:41:46.967249+02,2026-10-07 13:41:46.967249+02
20250218,8745,566.063,2026-10-07 13:41:46.967249+02,2026-10-07 13:41:46.967249+02
20250219,8741,690084.056,2026-10-07 13:41:46.967249+02,2026-10-07 13:41:46.967249+02
20250219,8742,24751.599,2026-10-07 13:41:46.967249+02,2026-10-07 13:41:46.967249+02
20250219,8743,11145.944,2026-10-07 13:41:46.967249+02,2026-10-07 13:41:46.967249+02
20250219,8744,561.354,2026-10-07 13:41:46.967249+02,2026-10-07 13:41:46.967249+02
20250219,8745,571.674,2026-10-07 13:41:46.967249+02,2026-10-07 13:41:46.967249+02
20250220,8741,711200.327,2026-10-07 13:41:46.967249+02,2026-10-07 13:41:46.967249+02
20250220,8742,24767.370,2026-10-07 13:41:46.967249+02,2026-10-07 13:41:46.967249+02
20250220,8743,11606.081,2026-10-07 13:41:46.967249+02,2026-10-07 13:41:46.967249+02
20250220,8744,556.548,2026-10-07 13:41:46.967249+02,2026-10-07 13:41:46.967249+02
20250220,8745,574.912,2026-10-07 13:41:46.967249+02,2026-10-07 13:41:46.967249+02
20250221,8741,748875.037,2026-10-07 13:41:46.967249+02,2026-10-07 13:41:46.967249+02
20250221,8742,24707.039,2026-10-07 13:41:46.967249+02,2026-10-07 13:41:46.967249+02
20250221,8743,11751.099,2026-10-07 13:41:46.967249+02,2026-10-07 13:41:46.967249+02
20250221,8744,547.674,2026-10-07 13:41:46.967249+02,2026-10-07 13:41:46.967249+02
20250221,8745,573.307,2026-10-07 13:41:46.967249+02,2026-10-07 13:41:46.967249+02
20250222,8741,657076.560,2026-10-07 13:41:46.967249+02,2026-10-07 13:41:46.967249+02
20250222,8742,23384.857,2026-10-07 13:41:46.967249+02,2026-10-07 13:41:46.967249+02
20250222,8743,11244.326,2026-10-07 13:41:46.967249+02,2026-10-07 13:41:46.967249+02
20250222,8744,555.480,2026-10-07 13:41:46.967249+02,2026-10-07 13:41:46.967249+02
20250222,8745,558.266,2026-10-07 13:41:46.967249+02,2026-10-07 13:41:46.967249+02
20250223,8741,654520.025,2026-10-07 13:41:46.967249+02,2026-10-07 13:41:46.967249+02
20250223,8742,22452.236,2026-10-07 13:41:46.967249+02,2026-10-07 13:41:46.967249+02
20250223,8743,11550.292,2026-10-07 13:41:46.967249+02,2026-10-07 13:41:46.967249+02
20250223,8744,522.058,2026-10-07 13:41:46.967249+02,2026-10-07 13:41:46.967249+02
20250223,8745,532.333,2026-10-07 13:41:46.967249+02,2026-10-07 13:41:46.967249+02
20250224,8741,730809.783,2026-10-07 13:41:46.967249+02,2026-10-07 13:41:46.967249+02
20250224,8742,24254.757,2026-10-07 13:41:46.967249+02,2026-10-07 13:41:46.967249+02
20250224,8743,12145.641,2026-10-07 13:41:46.967249+02,2026-10-07 13:41:46.967249+02
20250224,8744,532.508,2026-10-07 13:41:46.967249+02,2026-10-07 13:41:46.967249+02
20250224,8745,571.803,2026-10-07 13:41:46.967249+02,2026-10-07 13:41:46.967249+02
20250225,8741,793109.125,2026-10-07 13:41:46.967249+02,2026-10-07 13:41:46.967249+02
20250225,8742,24448.424,2026-10-07 13:41:46.967249+02,2026-10-07 13:41:46.967249+02
20250225,8743,12141.866,2026-10-07 13:41:46.967249+02,2026-10-07 13:41:46.967249+02
20250225,8744,539.029,2026-10-07 13:41:46.967249+02,2026-10-07 13:41:46.967249+02
20250225,8745,569.846,2026-10-07 13:41:46.967249+02,2026-10-07 13:41:46.967249+02
20250226,8741,758172.419,2026-10-07 13:41:46.967249+02,2026-10-07 13:41:46.967249+02
20250226,8742,24370.598,2026-10-07 13:41:46.967249+02,2026-10-07 13:41:46.967249+02
20250226,8743,12042.218,2026-10-07 13:41:46.967249+02,2026-10-07 13:41:46.967249+02
20250226,8744,532.679,2026-10-07 13:41:46.967249+02,2026-10-07 13:41:46.967249+02
20250226,8745,577.774,2026-10-07 13:41:46.967249+02,2026-10-07 13:41:46.967249+02
20250227,8741,676445.328,2026-10-07 13:41:46.967249+02,2026-10-07 13:41:46.967249+02
20250227,8742,24623.866,2026-10-07 13:41:46.967249+02,2026-10-07 13:41:46.967249+02
20250227,8743,11118.425,2026-10-07 13:41:46.967249+02,2026-10-07 13:41:46.967249+02
20250227,8744,534.338,2026-10-07 13:41:46.967249+02,2026-10-07 13:41:46.967249+02
20250227,8745,571.333,2026-10-07 13:41:46.967249+02,2026-10-07 13:41:46.967249+02
20250228,8741,727610.759,2026-10-07 13:41:46.967249+02,2026-10-07 13:41:46.967249+02
20250228,8742,24524.656,2026-10-07 13:41:46.967249+02,2026-10-07 13:41:46.967249+02
20250228,8743,11889.586,2026-10-07 13:41:46.967249+02,2026-10-07 13:41:46.967249+02
20250228,8744,546.199,2026-10-07 13:41:46.967249+02,2026-10-07 13:41:46.967249+02
20250228,8745,579.921,2026-10-07 13:41:46.967249+02,2026-10-07 13:41:46.967249+02
20250301,8741,734099.040,2026-10-07 13:41:46.967249+02,2026-10-07 13:41:46.967249+02
20250301,8742,23528.624,2026-10-07 13:41:46.967249+02,2026-10-07 13:41:46.967249+02
20250301,8743,10305.495,2026-10-07 13:41:46.967249+02,2026-10-07 13:41:46.967249+02
20250301,8744,561.359,2026-10-07 13:41:46.967249+02,2026-10-07 13:41:46.967249+02
20250301,8745,568.592,2026-10-07 13:41:46.967249+02,2026-10-07 13:41:46.967249+02
20250302,8741,687576.404,2026-10-07 13:41:46.967249+02,2026-10-07 13:41:46.967249+02
20250302,8742,22893.460,2026-10-07 13:41:46.967249+02,2026-10-07 13:41:46.967249+02
20250302,8743,9883.901,2026-10-07 13:41:46.967249+02,2026-10-07 13:41:46.967249+02
20250302,8744,541.817,2026-10-07 13:41:46.967249+02,2026-10-07 13:41:46.967249+02
20250302,8745,550.310,2026-10-07 13:41:46.967249+02,2026-10-07 13:41:46.967249+02
20250303,8741,759667.149,2026-10-07 13:41:46.967249+02,2026-10-07 13:41:46.967249+02
20250303,8742,24163.767,2026-10-07 13:41:46.967249+02,2026-10-07 13:41:46.967249+02
20250303,8743,11194.914,2026-10-07 13:41:46.967249+02,2026-10-07 13:41:46.967249+02
20250303,8744,540.294,2026-10-07 13:41:46.967249+02,2026-10-07 13:41:46.967249+02
20250303,8745,584.957,2026-10-07 13:41:46.967249+02,2026-10-07 13:41:46.967249+02
20250304,8741,761127.599,2026-10-07 13:41:46.967249+02,2026-10-07 13:41:46.967249+02
20250304,8742,23346.441,2026-10-07 13:41:46.967249+02,2026-10-07 13:41:46.967249+02
20250304,8743,11395.107,2026-10-07 13:41:46.967249+02,2026-10-07 13:41:46.967249+02
20250304,8744,554.289,2026-10-07 13:41:46.967249+02,2026-10-07 13:41:46.967249+02
20250304,8745,582.797,2026-10-07 13:41:46.967249+02,2026-10-07 13:41:46.967249+02
20250305,8741,758827.396,2026-10-07 13:41:46.967249+02,2026-10-07 13:41:46.967249+02
20250305,8742,24310.044,2026-10-07 13:41:46.967249+02,2026-10-07 13:41:46.967249+02
20250305,8743,11869.297,2026-10-07 13:41:46.967249+02,2026-10-07 13:41:46.967249+02
20250305,8744,559.225,2026-10-07 13:41:46.967249+02,2026-10-07 13:41:46.967249+02
20250305,8745,571.981,2026-10-07 13:41:46.967249+02,2026-10-07 13:41:46.967249+02
20250306,8741,766514.551,2026-10-07 13:41:46.967249+02,2026-10-07 13:41:46.967249+02
20250306,8742,24635.005,2026-10-07 13:41:46.967249+02,2026-10-07 13:41:46.967249+02
20250306,8743,11217.040,2026-10-07 13:41:46.967249+02,2026-10-07 13:41:46.967249+02
20250306,8744,569.435,2026-10-07 13:41:46.967249+02,2026-10-07 13:41:46.967249+02
20250306,8745,581.346,2026-10-07 13:41:46.967249+02,2026-10-07 13:41:46.967249+02
20250307,8741,725349.599,2026-10-07 13:41:46.967249+02,2026-10-07 13:41:46.967249+02
20250307,8742,24413.055,2026-10-07 13:41:46.967249+02,2026-10-07 13:41:46.967249+02
20250307,8743,11493.081,2026-10-07 13:41:46.967249+02,2026-10-07 13:41:46.967249+02
20250307,8744,567.840,2026-10-07 13:41:46.967249+02,2026-10-07 13:41:46.967249+02
20250307,8745,574.783,2026-10-07 13:41:46.967249+02,2026-10-07 13:41:46.967249+02
20250308,8741,710182.697,2026-10-07 13:41:46.967249+02,2026-10-07 13:41:46.967249+02
20250308,8742,23608.828,2026-10-07 13:41:46.967249+02,2026-10-07 13:41:46.967249+02
20250308,8743,10926.830,2026-10-07 13:41:46.967249+02,2026-10-07 13:41:46.967249+02
20250308,8744,573.763,2026-10-07 13:41:46.967249+02,2026-10-07 13:41:46.967249+02
20250308,8745,555.143,2026-10-07 13:41:46.967249+02,2026-10-07 13:41:46.967249+02
20250309,8741,647895.697,2026-10-07 13:41:46.967249+02,2026-10-07 13:41:46.967249+02
20250309,8742,22366.330,2026-10-07 13:41:46.967249+02,2026-10-07 13:41:46.967249+02
20250309,8743,10794.076,2026-10-07 13:41:46.967249+02,2026-10-07 13:41:46.967249+02
20250309,8744,568.715,2026-10-07 13:41:46.967249+02,2026-10-07 13:41:46.967249+02
20250309,8745,536.112,2026-10-07 13:41:46.967249+02,2026-10-07 13:41:46.967249+02
20250310,8741,698075.833,2026-10-07 13:41:46.967249+02,2026-10-07 13:41:46.967249+02
20250310,8742,24341.752,2026-10-07 13:41:46.967249+02,2026-10-07 13:41:46.967249+02
20250310,8743,11382.016,2026-10-07 13:41:46.967249+02,2026-10-07 13:41:46.967249+02
20250310,8744,562.869,2026-10-07 13:41:46.967249+02,2026-10-07 13:41:46.967249+02
20250310,8745,568.030,2026-10-07 13:41:46.967249+02,2026-10-07 13:41:46.967249+02
20250311,8741,764583.491,2026-10-07 13:41:46.967249+02,2026-10-07 13:41:46.967249+02
20250311,8742,24480.565,2026-10-07 13:41:46.967249+02,2026-10-07 13:41:46.967249+02
20250311,8743,10676.693,2026-10-07 13:41:46.967249+02,2026-10-07 13:41:46.967249+02
20250311,8744,564.558,2026-10-07 13:41:46.967249+02,2026-10-07 13:41:46.967249+02
20250311,8745,567.992,2026-10-07 13:41:46.967249+02,2026-10-07 13:41:46.967249+02
20250312,8741,777315.494,2026-10-07 13:41:46.967249+02,2026-10-07 13:41:46.967249+02
20250312,8742,24437.984,2026-10-07 13:41:46.967249+02,2026-10-07 13:41:46.967249+02
20250312,8743,10873.329,2026-10-07 13:41:46.967249+02,2026-10-07 13:41:46.967249+02
20250312,8744,561.807,2026-10-07 13:41:46.967249+02,2026-10-07 13:41:46.967249+02
20250312,8745,570.578,2026-10-07 13:41:46.967249+02,2026-10-07 13:41:46.967249+02
20250313,8741,765412.137,2026-10-07 13:41:46.967249+02,2026-10-07 13:41:46.967249+02
20250313,8742,24519.367,2026-10-07 13:41:46.967249+02,2026-10-07 13:41:46.967249+02
20250313,8743,11957.716,2026-10-07 13:41:46.967249+02,2026-10-07 13:41:46.967249+02
20250313,8744,556.869,2026-10-07 13:41:46.967249+02,2026-10-07 13:41:46.967249+02
20250313,8745,561.233,2026-10-07 13:41:46.967249+02,2026-10-07 13:41:46.967249+02
20250314,8741,798129.158,2026-10-07 13:41:46.967249+02,2026-10-07 13:41:46.967249+02
20250314,8742,24207.627,2026-10-07 13:41:46.967249+02,2026-10-07 13:41:46.967249+02
20250314,8743,11081.471,2026-10-07 13:41:46.967249+02,2026-10-07 13:41:46.967249+02
20250314,8744,569.845,2026-10-07 13:41:46.967249+02,2026-10-07 13:41:46.967249+02
20250314,8745,562.354,2026-10-07 13:41:46.967249+02,2026-10-07 13:41:46.967249+02
20250315,8741,728610.681,2026-10-07 13:41:46.967249+02,2026-10-07 13:41:46.967249+02
20250315,8742,23194.311,2026-10-07 13:41:46.967249+02,2026-10-07 13:41:46.967249+02
20250315,8743,10931.823,2026-10-07 13:41:46.967249+02,2026-10-07 13:41:46.967249+02
20250315,8744,559.030,2026-10-07 13:41:46.967249+02,2026-10-07 13:41:46.967249+02
20250315,8745,552.306,2026-10-07 13:41:46.967249+02,2026-10-07 13:41:46.967249+02
20250316,8741,656943.777,2026-10-07 13:41:46.967249+02,2026-10-07 13:41:46.967249+02
20250316,8742,22077.304,2026-10-07 13:41:46.967249+02,2026-10-07 13:41:46.967249+02
20250316,8743,10596.550,2026-10-07 13:41:46.967249+02,2026-10-07 13:41:46.967249+02
20250316,8744,544.883,2026-10-07 13:41:46.967249+02,2026-10-07 13:41:46.967249+02
20250316,8745,526.552,2026-10-07 13:41:46.967249+02,2026-10-07 13:41:46.967249+02
20250317,8741,720640.738,2026-10-07 13:41:46.967249+02,2026-10-07 13:41:46.967249+02
20250317,8742,24092.883,2026-10-07 13:41:46.967249+02,2026-10-07 13:41:46.967249+02
20250317,8743,10782.062,2026-10-07 13:41:46.967249+02,2026-10-07 13:41:46.967249+02
20250317,8744,550.601,2026-10-07 13:41:46.967249+02,2026-10-07 13:41:46.967249+02
20250317,8745,560.749,2026-10-07 13:41:46.967249+02,2026-10-07 13:41:46.967249+02
20250318,8741,786229.901,2026-10-07 13:41:46.967249+02,2026-10-07 13:41:46.967249+02
20250318,8742,24364.862,2026-10-07 13:41:46.967249+02,2026-10-07 13:41:46.967249+02
20250318,8743,11274.806,2026-10-07 13:41:46.967249+02,2026-10-07 13:41:46.967249+02
20250318,8744,556.595,2026-10-07 13:41:46.967249+02,2026-10-07 13:41:46.967249+02
20250318,8745,559.499,2026-10-07 13:41:46.967249+02,2026-10-07 13:41:46.967249+02
20250319,8741,749822.615,2026-10-07 13:41:46.967249+02,2026-10-07 13:41:46.967249+02
20250319,8742,24404.876,2026-10-07 13:41:46.967249+02,2026-10-07 13:41:46.967249+02
20250319,8743,11122.889,2026-10-07 13:41:46.967249+02,2026-10-07 13:41:46.967249+02
20250319,8744,541.635,2026-10-07 13:41:46.967249+02,2026-10-07 13:41:46.967249+02
20250319,8745,560.492,2026-10-07 13:41:46.967249+02,2026-10-07 13:41:46.967249+02
20250320,8741,794314.971,2026-10-07 13:41:46.967249+02,2026-10-07 13:41:46.967249+02
20250320,8742,24830.237,2026-10-07 13:41:46.967249+02,2026-10-07 13:41:46.967249+02
20250320,8743,10509.830,2026-10-07 13:41:46.967249+02,2026-10-07 13:41:46.967249+02
20250320,8744,560.552,2026-10-07 13:41:46.967249+02,2026-10-07 13:41:46.967249+02
20250320,8745,562.738,2026-10-07 13:41:46.967249+02,2026-10-07 13:41:46.967249+02
20250321,8741,771208.776,2026-10-07 13:41:46.967249+02,2026-10-07 13:41:46.967249+02
20250321,8742,24220.535,2026-10-07 13:41:46.967249+02,2026-10-07 13:41:46.967249+02
20250321,8743,10524.595,2026-10-07 13:41:46.967249+02,2026-10-07 13:41:46.967249+02
20250321,8744,540.379,2026-10-07 13:41:46.967249+02,2026-10-07 13:41:46.967249+02
20250321,8745,556.774,2026-10-07 13:41:46.967249+02,2026-10-07 13:41:46.967249+02
20250322,8741,680380.722,2026-10-07 13:41:46.967249+02,2026-10-07 13:41:46.967249+02
20250322,8742,23321.809,2026-10-07 13:41:46.967249+02,2026-10-07 13:41:46.967249+02
20250322,8743,10474.707,2026-10-07 13:41:46.967249+02,2026-10-07 13:41:46.967249+02
20250322,8744,551.561,2026-10-07 13:41:46.967249+02,2026-10-07 13:41:46.967249+02
20250322,8745,543.320,2026-10-07 13:41:46.967249+02,2026-10-07 13:41:46.967249+02
20250323,8741,648398.065,2026-10-07 13:41:46.967249+02,2026-10-07 13:41:46.967249+02
20250323,8742,22469.803,2026-10-07 13:41:46.967249+02,2026-10-07 13:41:46.967249+02
20250323,8743,9980.984,2026-10-07 13:41:46.967249+02,2026-10-07 13:41:46.967249+02
20250323,8744,523.144,2026-10-07 13:41:46.967249+02,2026-10-07 13:41:46.967249+02
20250323,8745,544.406,2026-10-07 13:41:46.967249+02,2026-10-07 13:41:46.967249+02
20250324,8741,739978.468,2026-10-07 13:41:46.967249+02,2026-10-07 13:41:46.967249+02
20250324,8742,24340.970,2026-10-07 13:41:46.967249+02,2026-10-07 13:41:46.967249+02
20250324,8743,11890.832,2026-10-07 13:41:46.967249+02,2026-10-07 13:41:46.967249+02
20250324,8744,547.437,2026-10-07 13:41:46.967249+02,2026-10-07 13:41:46.967249+02
20250324,8745,570.562,2026-10-07 13:41:46.967249+02,2026-10-07 13:41:46.967249+02
20250325,8741,765539.519,2026-10-07 13:41:46.967249+02,2026-10-07 13:41:46.967249+02
20250325,8742,24324.949,2026-10-07 13:41:46.967249+02,2026-10-07 13:41:46.967249+02
20250325,8743,11890.569,2026-10-07 13:41:46.967249+02,2026-10-07 13:41:46.967249+02
20250325,8744,566.725,2026-10-07 13:41:46.967249+02,2026-10-07 13:41:46.967249+02
20250325,8745,565.567,2026-10-07 13:41:46.967249+02,2026-10-07 13:41:46.967249+02
20250326,8741,760856.136,2026-10-07 13:41:46.967249+02,2026-10-07 13:41:46.967249+02
20250326,8742,24260.457,2026-10-07 13:41:46.967249+02,2026-10-07 13:41:46.967249+02
20250326,8743,11205.905,2026-10-07 13:41:46.967249+02,2026-10-07 13:41:46.967249+02
20250326,8744,546.436,2026-10-07 13:41:46.967249+02,2026-10-07 13:41:46.967249+02
20250326,8745,567.079,2026-10-07 13:41:46.967249+02,2026-10-07 13:41:46.967249+02
20250327,8741,752959.657,2026-10-07 13:41:46.967249+02,2026-10-07 13:41:46.967249+02
20250327,8742,24364.337,2026-10-07 13:41:46.967249+02,2026-10-07 13:41:46.967249+02
20250327,8743,11912.413,2026-10-07 13:41:46.967249+02,2026-10-07 13:41:46.967249+02
20250327,8744,545.992,2026-10-07 13:41:46.967249+02,2026-10-07 13:41:46.967249+02
20250327,8745,562.844,2026-10-07 13:41:46.967249+02,2026-10-07 13:41:46.967249+02
20250328,8741,756141.643,2026-10-07 13:41:46.967249+02,2026-10-07 13:41:46.967249+02
20250328,8742,24343.938,2026-10-07 13:41:46.967249+02,2026-10-07 13:41:46.967249+02
20250328,8743,10981.200,2026-10-07 13:41:46.967249+02,2026-10-07 13:41:46.967249+02
20250328,8744,524.087,2026-10-07 13:41:46.967249+02,2026-10-07 13:41:46.967249+02
20250328,8745,553.831,2026-10-07 13:41:46.967249+02,2026-10-07 13:41:46.967249+02
20250329,8741,721878.696,2026-10-07 13:41:46.967249+02,2026-10-07 13:41:46.967249+02
20250329,8742,22860.523,2026-10-07 13:41:46.967249+02,2026-10-07 13:41:46.967249+02
20250329,8743,10988.033,2026-10-07 13:41:46.967249+02,2026-10-07 13:41:46.967249+02
20250329,8744,529.152,2026-10-07 13:41:46.967249+02,2026-10-07 13:41:46.967249+02
20250329,8745,527.866,2026-10-07 13:41:46.967249+02,2026-10-07 13:41:46.967249+02
20250330,8741,605904.556,2026-10-07 13:41:46.967249+02,2026-10-07 13:41:46.967249+02
20250330,8742,20943.596,2026-10-07 13:41:46.967249+02,2026-10-07 13:41:46.967249+02
20250330,8743,10044.494,2026-10-07 13:41:46.967249+02,2026-10-07 13:41:46.967249+02
20250330,8744,485.360,2026-10-07 13:41:46.967249+02,2026-10-07 13:41:46.967249+02
20250330,8745,488.717,2026-10-07 13:41:46.967249+02,2026-10-07 13:41:46.967249+02
20250331,8741,660250.477,2026-10-07 13:41:46.967249+02,2026-10-07 13:41:46.967249+02
20250331,8742,23713.929,2026-10-07 13:41:46.967249+02,2026-10-07 13:41:46.967249+02
20250331,8743,11065.917,2026-10-07 13:41:46.967249+02,2026-10-07 13:41:46.967249+02
20250331,8744,458.149,2026-10-07 13:41:46.967249+02,2026-10-07 13:41:46.967249+02
20250331,8745,495.441,2026-10-07 13:41:46.967249+02,2026-10-07 13:41:46.967249+02
20250401,8741,623021.682,2026-10-07 13:41:46.967249+02,2026-10-07 13:41:46.967249+02
20250401,8742,24156.003,2026-10-07 13:41:46.967249+02,2026-10-07 13:41:46.967249+02
20250401,8743,11488.222,2026-10-07 13:41:46.967249+02,2026-10-07 13:41:46.967249+02
20250401,8744,521.911,2026-10-07 13:41:46.967249+02,2026-10-07 13:41:46.967249+02
20250401,8745,531.338,2026-10-07 13:41:46.967249+02,2026-10-07 13:41:46.967249+02
20250402,8741,674297.676,2026-10-07 13:41:46.967249+02,2026-10-07 13:41:46.967249+02
20250402,8742,24374.424,2026-10-07 13:41:46.967249+02,2026-10-07 13:41:46.967249+02
20250402,8743,11553.068,2026-10-07 13:41:46.967249+02,2026-10-07 13:41:46.967249+02
20250402,8744,518.799,2026-10-07 13:41:46.967249+02,2026-10-07 13:41:46.967249+02
20250402,8745,544.215,2026-10-07 13:41:46.967249+02,2026-10-07 13:41:46.967249+02
20250403,8741,719290.965,2026-10-07 13:41:46.967249+02,2026-10-07 13:41:46.967249+02
20250403,8742,24021.008,2026-10-07 13:41:46.967249+02,2026-10-07 13:41:46.967249+02
20250403,8743,12367.231,2026-10-07 13:41:46.967249+02,2026-10-07 13:41:46.967249+02
20250403,8744,527.619,2026-10-07 13:41:46.967249+02,2026-10-07 13:41:46.967249+02
20250403,8745,555.541,2026-10-07 13:41:46.967249+02,2026-10-07 13:41:46.967249+02
20250404,8741,718103.378,2026-10-07 13:41:46.967249+02,2026-10-07 13:41:46.967249+02
20250404,8742,24110.683,2026-10-07 13:41:46.967249+02,2026-10-07 13:41:46.967249+02
20250404,8743,11819.913,2026-10-07 13:41:46.967249+02,2026-10-07 13:41:46.967249+02
20250404,8744,510.853,2026-10-07 13:41:46.967249+02,2026-10-07 13:41:46.967249+02
20250404,8745,547.561,2026-10-07 13:41:46.967249+02,2026-10-07 13:41:46.967249+02
20250405,8741,617164.428,2026-10-07 13:41:46.967249+02,2026-10-07 13:41:46.967249+02
20250405,8742,22823.486,2026-10-07 13:41:46.967249+02,2026-10-07 13:41:46.967249+02
20250405,8743,10753.604,2026-10-07 13:41:46.967249+02,2026-10-07 13:41:46.967249+02
20250405,8744,524.166,2026-10-07 13:41:46.967249+02,2026-10-07 13:41:46.967249+02
20250405,8745,514.228,2026-10-07 13:41:46.967249+02,2026-10-07 13:41:46.967249+02
20250406,8741,568549.386,2026-10-07 13:41:46.967249+02,2026-10-07 13:41:46.967249+02
20250406,8742,21685.799,2026-10-07 13:41:46.967249+02,2026-10-07 13:41:46.967249+02
20250406,8743,10015.235,2026-10-07 13:41:46.967249+02,2026-10-07 13:41:46.967249+02
20250406,8744,483.164,2026-10-07 13:41:46.967249+02,2026-10-07 13:41:46.967249+02
20250406,8745,506.032,2026-10-07 13:41:46.967249+02,2026-10-07 13:41:46.967249+02
20250407,8741,688125.666,2026-10-07 13:41:46.967249+02,2026-10-07 13:41:46.967249+02
20250407,8742,23621.746,2026-10-07 13:41:46.967249+02,2026-10-07 13:41:46.967249+02
20250407,8743,10805.065,2026-10-07 13:41:46.967249+02,2026-10-07 13:41:46.967249+02
20250407,8744,499.344,2026-10-07 13:41:46.967249+02,2026-10-07 13:41:46.967249+02
20250407,8745,533.159,2026-10-07 13:41:46.967249+02,2026-10-07 13:41:46.967249+02
20250408,8741,675671.624,2026-10-07 13:41:46.967249+02,2026-10-07 13:41:46.967249+02
20250408,8742,24065.242,2026-10-07 13:41:46.967249+02,2026-10-07 13:41:46.967249+02
20250408,8743,11364.577,2026-10-07 13:41:46.967249+02,2026-10-07 13:41:46.967249+02
20250408,8744,508.410,2026-10-07 13:41:46.967249+02,2026-10-07 13:41:46.967249+02
20250408,8745,535.278,2026-10-07 13:41:46.967249+02,2026-10-07 13:41:46.967249+02
20250409,8741,682299.815,2026-10-07 13:41:46.967249+02,2026-10-07 13:41:46.967249+02
20250409,8742,24274.773,2026-10-07 13:41:46.967249+02,2026-10-07 13:41:46.967249+02
20250409,8743,11481.153,2026-10-07 13:41:46.967249+02,2026-10-07 13:41:46.967249+02
20250409,8744,507.855,2026-10-07 13:41:46.967249+02,2026-10-07 13:41:46.967249+02
20250409,8745,543.270,2026-10-07 13:41:46.967249+02,2026-10-07 13:41:46.967249+02
20250410,8741,723914.020,2026-10-07 13:41:46.967249+02,2026-10-07 13:41:46.967249+02
20250410,8742,24203.573,2026-10-07 13:41:46.967249+02,2026-10-07 13:41:46.967249+02
20250410,8743,11996.389,2026-10-07 13:41:46.967249+02,2026-10-07 13:41:46.967249+02
20250410,8744,500.095,2026-10-07 13:41:46.967249+02,2026-10-07 13:41:46.967249+02
20250410,8745,548.525,2026-10-07 13:41:46.967249+02,2026-10-07 13:41:46.967249+02
20250411,8741,711603.091,2026-10-07 13:41:46.967249+02,2026-10-07 13:41:46.967249+02
20250411,8742,24057.299,2026-10-07 13:41:46.967249+02,2026-10-07 13:41:46.967249+02
20250411,8743,11820.385,2026-10-07 13:41:46.967249+02,2026-10-07 13:41:46.967249+02
20250411,8744,497.751,2026-10-07 13:41:46.967249+02,2026-10-07 13:41:46.967249+02
20250411,8745,550.322,2026-10-07 13:41:46.967249+02,2026-10-07 13:41:46.967249+02
20250412,8741,598070.266,2026-10-07 13:41:46.967249+02,2026-10-07 13:41:46.967249+02
20250412,8742,22989.036,2026-10-07 13:41:46.967249+02,2026-10-07 13:41:46.967249+02
20250412,8743,11734.817,2026-10-07 13:41:46.967249+02,2026-10-07 13:41:46.967249+02
20250412,8744,495.442,2026-10-07 13:41:46.967249+02,2026-10-07 13:41:46.967249+02
20250412,8745,524.012,2026-10-07 13:41:46.967249+02,2026-10-07 13:41:46.967249+02
20250413,8741,565988.042,2026-10-07 13:41:46.967249+02,2026-10-07 13:41:46.967249+02
20250413,8742,21713.453,2026-10-07 13:41:46.967249+02,2026-10-07 13:41:46.967249+02
20250413,8743,10817.535,2026-10-07 13:41:46.967249+02,2026-10-07 13:41:46.967249+02
20250413,8744,447.104,2026-10-07 13:41:46.967249+02,2026-10-07 13:41:46.967249+02
20250413,8745,500.962,2026-10-07 13:41:46.967249+02,2026-10-07 13:41:46.967249+02
20250414,8741,678367.293,2026-10-07 13:41:46.967249+02,2026-10-07 13:41:46.967249+02
20250414,8742,23834.625,2026-10-07 13:41:46.967249+02,2026-10-07 13:41:46.967249+02
20250414,8743,11727.991,2026-10-07 13:41:46.967249+02,2026-10-07 13:41:46.967249+02
20250414,8744,494.777,2026-10-07 13:41:46.967249+02,2026-10-07 13:41:46.967249+02
20250414,8745,531.042,2026-10-07 13:41:46.967249+02,2026-10-07 13:41:46.967249+02
20250415,8741,706130.327,2026-10-07 13:41:46.967249+02,2026-10-07 13:41:46.967249+02
20250415,8742,23768.515,2026-10-07 13:41:46.967249+02,2026-10-07 13:41:46.967249+02
20250415,8743,10895.415,2026-10-07 13:41:46.967249+02,2026-10-07 13:41:46.967249+02
20250415,8744,507.171,2026-10-07 13:41:46.967249+02,2026-10-07 13:41:46.967249+02
20250415,8745,541.901,2026-10-07 13:41:46.967249+02,2026-10-07 13:41:46.967249+02
20250416,8741,722730.711,2026-10-07 13:41:46.967249+02,2026-10-07 13:41:46.967249+02
20250416,8742,23545.945,2026-10-07 13:41:46.967249+02,2026-10-07 13:41:46.967249+02
20250416,8743,11873.535,2026-10-07 13:41:46.967249+02,2026-10-07 13:41:46.967249+02
20250416,8744,490.201,2026-10-07 13:41:46.967249+02,2026-10-07 13:41:46.967249+02
20250416,8745,532.317,2026-10-07 13:41:46.967249+02,2026-10-07 13:41:46.967249+02
20250417,8741,657491.091,2026-10-07 13:41:46.967249+02,2026-10-07 13:41:46.967249+02
20250417,8742,22245.480,2026-10-07 13:41:46.967249+02,2026-10-07 13:41:46.967249+02
20250417,8743,10659.179,2026-10-07 13:41:46.967249+02,2026-10-07 13:41:46.967249+02
20250417,8744,452.219,2026-10-07 13:41:46.967249+02,2026-10-07 13:41:46.967249+02
20250417,8745,490.761,2026-10-07 13:41:46.967249+02,2026-10-07 13:41:46.967249+02
20250418,8741,588827.550,2026-10-07 13:41:46.967249+02,2026-10-07 13:41:46.967249+02
20250418,8742,21426.978,2026-10-07 13:41:46.967249+02,2026-10-07 13:41:46.967249+02
20250418,8743,11000.394,2026-10-07 13:41:46.967249+02,2026-10-07 13:41:46.967249+02
20250418,8744,446.127,2026-10-07 13:41:46.967249+02,2026-10-07 13:41:46.967249+02
20250418,8745,486.035,2026-10-07 13:41:46.967249+02,2026-10-07 13:41:46.967249+02
20250419,8741,623099.678,2026-10-07 13:41:46.967249+02,2026-10-07 13:41:46.967249+02
20250419,8742,22206.228,2026-10-07 13:41:46.967249+02,2026-10-07 13:41:46.967249+02
20250419,8743,10745.516,2026-10-07 13:41:46.967249+02,2026-10-07 13:41:46.967249+02
20250419,8744,452.687,2026-10-07 13:41:46.967249+02,2026-10-07 13:41:46.967249+02
20250419,8745,505.868,2026-10-07 13:41:46.967249+02,2026-10-07 13:41:46.967249+02
20250420,8741,550094.520,2026-10-07 13:41:46.967249+02,2026-10-07 13:41:46.967249+02
20250420,8742,21300.575,2026-10-07 13:41:46.967249+02,2026-10-07 13:41:46.967249+02
20250420,8743,10238.339,2026-10-07 13:41:46.967249+02,2026-10-07 13:41:46.967249+02
20250420,8744,455.253,2026-10-07 13:41:46.967249+02,2026-10-07 13:41:46.967249+02
20250420,8745,493.601,2026-10-07 13:41:46.967249+02,2026-10-07 13:41:46.967249+02
20250421,8741,591891.274,2026-10-07 13:41:46.967249+02,2026-10-07 13:41:46.967249+02
20250421,8742,23347.795,2026-10-07 13:41:46.967249+02,2026-10-07 13:41:46.967249+02
20250421,8743,10781.888,2026-10-07 13:41:46.967249+02,2026-10-07 13:41:46.967249+02
20250421,8744,509.329,2026-10-07 13:41:46.967249+02,2026-10-07 13:41:46.967249+02
20250421,8745,540.630,2026-10-07 13:41:46.967249+02,2026-10-07 13:41:46.967249+02
20250422,8741,661876.764,2026-10-07 13:41:46.967249+02,2026-10-07 13:41:46.967249+02
20250422,8742,23654.694,2026-10-07 13:41:46.967249+02,2026-10-07 13:41:46.967249+02
20250422,8743,12198.020,2026-10-07 13:41:46.967249+02,2026-10-07 13:41:46.967249+02
20250422,8744,517.452,2026-10-07 13:41:46.967249+02,2026-10-07 13:41:46.967249+02
20250422,8745,545.851,2026-10-07 13:41:46.967249+02,2026-10-07 13:41:46.967249+02
20250423,8741,709407.662,2026-10-07 13:41:46.967249+02,2026-10-07 13:41:46.967249+02
20250423,8742,23617.051,2026-10-07 13:41:46.967249+02,2026-10-07 13:41:46.967249+02
20250423,8743,11620.713,2026-10-07 13:41:46.967249+02,2026-10-07 13:41:46.967249+02
20250423,8744,515.349,2026-10-07 13:41:46.967249+02,2026-10-07 13:41:46.967249+02
20250423,8745,546.870,2026-10-07 13:41:46.967249+02,2026-10-07 13:41:46.967249+02
20250424,8741,693460.341,2026-10-07 13:41:46.967249+02,2026-10-07 13:41:46.967249+02
20250424,8742,23585.357,2026-10-07 13:41:46.967249+02,2026-10-07 13:41:46.967249+02
20250424,8743,11659.566,2026-10-07 13:41:46.967249+02,2026-10-07 13:41:46.967249+02
20250424,8744,517.036,2026-10-07 13:41:46.967249+02,2026-10-07 13:41:46.967249+02
20250424,8745,538.683,2026-10-07 13:41:46.967249+02,2026-10-07 13:41:46.967249+02
20250425,8741,649527.381,2026-10-07 13:41:46.967249+02,2026-10-07 13:41:46.967249+02
20250425,8742,23818.528,2026-10-07 13:41:46.967249+02,2026-10-07 13:41:46.967249+02
20250425,8743,11643.225,2026-10-07 13:41:46.967249+02,2026-10-07 13:41:46.967249+02
20250425,8744,508.462,2026-10-07 13:41:46.967249+02,2026-10-07 13:41:46.967249+02
20250425,8745,553.029,2026-10-07 13:41:46.967249+02,2026-10-07 13:41:46.967249+02
20250426,8741,652051.669,2026-10-07 13:41:46.967249+02,2026-10-07 13:41:46.967249+02
20250426,8742,22539.360,2026-10-07 13:41:46.967249+02,2026-10-07 13:41:46.967249+02
20250426,8743,11451.168,2026-10-07 13:41:46.967249+02,2026-10-07 13:41:46.967249+02
20250426,8744,494.726,2026-10-07 13:41:46.967249+02,2026-10-07 13:41:46.967249+02
20250426,8745,529.569,2026-10-07 13:41:46.967249+02,2026-10-07 13:41:46.967249+02
20250427,8741,583408.723,2026-10-07 13:41:46.967249+02,2026-10-07 13:41:46.967249+02
20250427,8742,21390.947,2026-10-07 13:41:46.967249+02,2026-10-07 13:41:46.967249+02
20250427,8743,10980.264,2026-10-07 13:41:46.967249+02,2026-10-07 13:41:46.967249+02
20250427,8744,486.441,2026-10-07 13:41:46.967249+02,2026-10-07 13:41:46.967249+02
20250427,8745,507.961,2026-10-07 13:41:46.967249+02,2026-10-07 13:41:46.967249+02
20250428,8741,360716.603,2026-10-07 13:41:46.967249+02,2026-10-07 13:41:46.967249+02
20250428,8742,23252.141,2026-10-07 13:41:46.967249+02,2026-10-07 13:41:46.967249+02
20250428,8743,13130.446,2026-10-07 13:41:46.967249+02,2026-10-07 13:41:46.967249+02
20250428,8744,523.773,2026-10-07 13:41:46.967249+02,2026-10-07 13:41:46.967249+02
20250428,8745,520.196,2026-10-07 13:41:46.967249+02,2026-10-07 13:41:46.967249+02
20250429,8741,561142.420,2026-10-07 13:41:46.967249+02,2026-10-07 13:41:46.967249+02
20250429,8742,23952.295,2026-10-07 13:41:46.967249+02,2026-10-07 13:41:46.967249+02
20250429,8743,13213.302,2026-10-07 13:41:46.967249+02,2026-10-07 13:41:46.967249+02
20250429,8744,527.561,2026-10-07 13:41:46.967249+02,2026-10-07 13:41:46.967249+02
20250429,8745,531.275,2026-10-07 13:41:46.967249+02,2026-10-07 13:41:46.967249+02
20250430,8741,623714.449,2026-10-07 13:41:46.967249+02,2026-10-07 13:41:46.967249+02
20250430,8742,23773.768,2026-10-07 13:41:46.967249+02,2026-10-07 13:41:46.967249+02
20250430,8743,11336.937,2026-10-07 13:41:46.967249+02,2026-10-07 13:41:46.967249+02
20250430,8744,520.215,2026-10-07 13:41:46.967249+02,2026-10-07 13:41:46.967249+02
20250430,8745,562.446,2026-10-07 13:41:46.967249+02,2026-10-07 13:41:46.967249+02
20250501,8741,546545.838,2026-10-07 13:41:46.967249+02,2026-10-07 13:41:46.967249+02
20250501,8742,21785.414,2026-10-07 13:41:46.967249+02,2026-10-07 13:41:46.967249+02
20250501,8743,11628.390,2026-10-07 13:41:46.967249+02,2026-10-07 13:41:46.967249+02
20250501,8744,462.036,2026-10-07 13:41:46.967249+02,2026-10-07 13:41:46.967249+02
20250501,8745,511.250,2026-10-07 13:41:46.967249+02,2026-10-07 13:41:46.967249+02
20250502,8741,598566.074,2026-10-07 13:41:46.967249+02,2026-10-07 13:41:46.967249+02
20250502,8742,23078.304,2026-10-07 13:41:46.967249+02,2026-10-07 13:41:46.967249+02
20250502,8743,11628.702,2026-10-07 13:41:46.967249+02,2026-10-07 13:41:46.967249+02
20250502,8744,494.500,2026-10-07 13:41:46.967249+02,2026-10-07 13:41:46.967249+02
20250502,8745,540.726,2026-10-07 13:41:46.967249+02,2026-10-07 13:41:46.967249+02
20250503,8741,525578.508,2026-10-07 13:41:46.967249+02,2026-10-07 13:41:46.967249+02
20250503,8742,22364.412,2026-10-07 13:41:46.967249+02,2026-10-07 13:41:46.967249+02
20250503,8743,11483.152,2026-10-07 13:41:46.967249+02,2026-10-07 13:41:46.967249+02
20250503,8744,487.517,2026-10-07 13:41:46.967249+02,2026-10-07 13:41:46.967249+02
20250503,8745,526.985,2026-10-07 13:41:46.967249+02,2026-10-07 13:41:46.967249+02
20250504,8741,517865.493,2026-10-07 13:41:46.967249+02,2026-10-07 13:41:46.967249+02
20250504,8742,21237.782,2026-10-07 13:41:46.967249+02,2026-10-07 13:41:46.967249+02
20250504,8743,10680.826,2026-10-07 13:41:46.967249+02,2026-10-07 13:41:46.967249+02
20250504,8744,477.803,2026-10-07 13:41:46.967249+02,2026-10-07 13:41:46.967249+02
20250504,8745,513.651,2026-10-07 13:41:46.967249+02,2026-10-07 13:41:46.967249+02
20250505,8741,651730.439,2026-10-07 13:41:46.967249+02,2026-10-07 13:41:46.967249+02
20250505,8742,23436.053,2026-10-07 13:41:46.967249+02,2026-10-07 13:41:46.967249+02
20250505,8743,11378.467,2026-10-07 13:41:46.967249+02,2026-10-07 13:41:46.967249+02
20250505,8744,522.598,2026-10-07 13:41:46.967249+02,2026-10-07 13:41:46.967249+02
20250505,8745,545.645,2026-10-07 13:41:46.967249+02,2026-10-07 13:41:46.967249+02
20250506,8741,655374.046,2026-10-07 13:41:46.967249+02,2026-10-07 13:41:46.967249+02
20250506,8742,23726.510,2026-10-07 13:41:46.967249+02,2026-10-07 13:41:46.967249+02
20250506,8743,12318.653,2026-10-07 13:41:46.967249+02,2026-10-07 13:41:46.967249+02
20250506,8744,514.379,2026-10-07 13:41:46.967249+02,2026-10-07 13:41:46.967249+02
20250506,8745,548.507,2026-10-07 13:41:46.967249+02,2026-10-07 13:41:46.967249+02
20250507,8741,659634.441,2026-10-07 13:41:46.967249+02,2026-10-07 13:41:46.967249+02
20250507,8742,23770.516,2026-10-07 13:41:46.967249+02,2026-10-07 13:41:46.967249+02
20250507,8743,11944.927,2026-10-07 13:41:46.967249+02,2026-10-07 13:41:46.967249+02
20250507,8744,510.988,2026-10-07 13:41:46.967249+02,2026-10-07 13:41:46.967249+02
20250507,8745,546.986,2026-10-07 13:41:46.967249+02,2026-10-07 13:41:46.967249+02
20250508,8741,617966.733,2026-10-07 13:41:46.967249+02,2026-10-07 13:41:46.967249+02
20250508,8742,24193.747,2026-10-07 13:41:46.967249+02,2026-10-07 13:41:46.967249+02
20250508,8743,12582.055,2026-10-07 13:41:46.967249+02,2026-10-07 13:41:46.967249+02
20250508,8744,516.357,2026-10-07 13:41:46.967249+02,2026-10-07 13:41:46.967249+02
20250508,8745,554.667,2026-10-07 13:41:46.967249+02,2026-10-07 13:41:46.967249+02
20250509,8741,627056.082,2026-10-07 13:41:46.967249+02,2026-10-07 13:41:46.967249+02
20250509,8742,24098.066,2026-10-07 13:41:46.967249+02,2026-10-07 13:41:46.967249+02
20250509,8743,12344.674,2026-10-07 13:41:46.967249+02,2026-10-07 13:41:46.967249+02
20250509,8744,500.366,2026-10-07 13:41:46.967249+02,2026-10-07 13:41:46.967249+02
20250509,8745,547.438,2026-10-07 13:41:46.967249+02,2026-10-07 13:41:46.967249+02
20250510,8741,585395.323,2026-10-07 13:41:46.967249+02,2026-10-07 13:41:46.967249+02
20250510,8742,22567.487,2026-10-07 13:41:46.967249+02,2026-10-07 13:41:46.967249+02
20250510,8743,12005.710,2026-10-07 13:41:46.967249+02,2026-10-07 13:41:46.967249+02
20250510,8744,492.282,2026-10-07 13:41:46.967249+02,2026-10-07 13:41:46.967249+02
20250510,8745,530.384,2026-10-07 13:41:46.967249+02,2026-10-07 13:41:46.967249+02
20250511,8741,578241.461,2026-10-07 13:41:46.967249+02,2026-10-07 13:41:46.967249+02
20250511,8742,21617.267,2026-10-07 13:41:46.967249+02,2026-10-07 13:41:46.967249+02
20250511,8743,11331.449,2026-10-07 13:41:46.967249+02,2026-10-07 13:41:46.967249+02
20250511,8744,488.385,2026-10-07 13:41:46.967249+02,2026-10-07 13:41:46.967249+02
20250511,8745,505.917,2026-10-07 13:41:46.967249+02,2026-10-07 13:41:46.967249+02
20250512,8741,671142.901,2026-10-07 13:41:46.967249+02,2026-10-07 13:41:46.967249+02
20250512,8742,23822.774,2026-10-07 13:41:46.967249+02,2026-10-07 13:41:46.967249+02
20250512,8743,11526.134,2026-10-07 13:41:46.967249+02,2026-10-07 13:41:46.967249+02
20250512,8744,514.344,2026-10-07 13:41:46.967249+02,2026-10-07 13:41:46.967249+02
20250512,8745,542.882,2026-10-07 13:41:46.967249+02,2026-10-07 13:41:46.967249+02
20250513,8741,631291.492,2026-10-07 13:41:46.967249+02,2026-10-07 13:41:46.967249+02
20250513,8742,23644.201,2026-10-07 13:41:46.967249+02,2026-10-07 13:41:46.967249+02
20250513,8743,12159.997,2026-10-07 13:41:46.967249+02,2026-10-07 13:41:46.967249+02
20250513,8744,505.209,2026-10-07 13:41:46.967249+02,2026-10-07 13:41:46.967249+02
20250513,8745,561.103,2026-10-07 13:41:46.967249+02,2026-10-07 13:41:46.967249+02
20250514,8741,630247.356,2026-10-07 13:41:46.967249+02,2026-10-07 13:41:46.967249+02
20250514,8742,23480.491,2026-10-07 13:41:46.967249+02,2026-10-07 13:41:46.967249+02
20250514,8743,12051.724,2026-10-07 13:41:46.967249+02,2026-10-07 13:41:46.967249+02
20250514,8744,504.415,2026-10-07 13:41:46.967249+02,2026-10-07 13:41:46.967249+02
20250514,8745,552.366,2026-10-07 13:41:46.967249+02,2026-10-07 13:41:46.967249+02
20250515,8741,662610.533,2026-10-07 13:41:46.967249+02,2026-10-07 13:41:46.967249+02
20250515,8742,23386.186,2026-10-07 13:41:46.967249+02,2026-10-07 13:41:46.967249+02
20250515,8743,11699.130,2026-10-07 13:41:46.967249+02,2026-10-07 13:41:46.967249+02
20250515,8744,507.964,2026-10-07 13:41:46.967249+02,2026-10-07 13:41:46.967249+02
20250515,8745,548.072,2026-10-07 13:41:46.967249+02,2026-10-07 13:41:46.967249+02
20250516,8741,701532.037,2026-10-07 13:41:46.967249+02,2026-10-07 13:41:46.967249+02
20250516,8742,23413.991,2026-10-07 13:41:46.967249+02,2026-10-07 13:41:46.967249+02
20250516,8743,11483.379,2026-10-07 13:41:46.967249+02,2026-10-07 13:41:46.967249+02
20250516,8744,504.331,2026-10-07 13:41:46.967249+02,2026-10-07 13:41:46.967249+02
20250516,8745,546.430,2026-10-07 13:41:46.967249+02,2026-10-07 13:41:46.967249+02
20250517,8741,604046.235,2026-10-07 13:41:46.967249+02,2026-10-07 13:41:46.967249+02
20250517,8742,22187.118,2026-10-07 13:41:46.967249+02,2026-10-07 13:41:46.967249+02
20250517,8743,11800.358,2026-10-07 13:41:46.967249+02,2026-10-07 13:41:46.967249+02
20250517,8744,501.885,2026-10-07 13:41:46.967249+02,2026-10-07 13:41:46.967249+02
20250517,8745,526.981,2026-10-07 13:41:46.967249+02,2026-10-07 13:41:46.967249+02
20250518,8741,591102.164,2026-10-07 13:41:46.967249+02,2026-10-07 13:41:46.967249+02
20250518,8742,21275.019,2026-10-07 13:41:46.967249+02,2026-10-07 13:41:46.967249+02
20250518,8743,11034.997,2026-10-07 13:41:46.967249+02,2026-10-07 13:41:46.967249+02
20250518,8744,477.900,2026-10-07 13:41:46.967249+02,2026-10-07 13:41:46.967249+02
20250518,8745,507.878,2026-10-07 13:41:46.967249+02,2026-10-07 13:41:46.967249+02
20250519,8741,685772.383,2026-10-07 13:41:46.967249+02,2026-10-07 13:41:46.967249+02
20250519,8742,22954.630,2026-10-07 13:41:46.967249+02,2026-10-07 13:41:46.967249+02
20250519,8743,11770.135,2026-10-07 13:41:46.967249+02,2026-10-07 13:41:46.967249+02
20250519,8744,508.795,2026-10-07 13:41:46.967249+02,2026-10-07 13:41:46.967249+02
20250519,8745,552.931,2026-10-07 13:41:46.967249+02,2026-10-07 13:41:46.967249+02
20250520,8741,687473.445,2026-10-07 13:41:46.967249+02,2026-10-07 13:41:46.967249+02
20250520,8742,23224.679,2026-10-07 13:41:46.967249+02,2026-10-07 13:41:46.967249+02
20250520,8743,11923.687,2026-10-07 13:41:46.967249+02,2026-10-07 13:41:46.967249+02
20250520,8744,512.859,2026-10-07 13:41:46.967249+02,2026-10-07 13:41:46.967249+02
20250520,8745,565.080,2026-10-07 13:41:46.967249+02,2026-10-07 13:41:46.967249+02
20250521,8741,681610.420,2026-10-07 13:41:46.967249+02,2026-10-07 13:41:46.967249+02
20250521,8742,23241.005,2026-10-07 13:41:46.967249+02,2026-10-07 13:41:46.967249+02
20250521,8743,12027.091,2026-10-07 13:41:46.967249+02,2026-10-07 13:41:46.967249+02
20250521,8744,513.646,2026-10-07 13:41:46.967249+02,2026-10-07 13:41:46.967249+02
20250521,8745,573.353,2026-10-07 13:41:46.967249+02,2026-10-07 13:41:46.967249+02
20250522,8741,718427.706,2026-10-07 13:41:46.967249+02,2026-10-07 13:41:46.967249+02
20250522,8742,23512.526,2026-10-07 13:41:46.967249+02,2026-10-07 13:41:46.967249+02
20250522,8743,12299.807,2026-10-07 13:41:46.967249+02,2026-10-07 13:41:46.967249+02
20250522,8744,517.853,2026-10-07 13:41:46.967249+02,2026-10-07 13:41:46.967249+02
20250522,8745,577.565,2026-10-07 13:41:46.967249+02,2026-10-07 13:41:46.967249+02
20250523,8741,714458.627,2026-10-07 13:41:46.967249+02,2026-10-07 13:41:46.967249+02
20250523,8742,23597.400,2026-10-07 13:41:46.967249+02,2026-10-07 13:41:46.967249+02
20250523,8743,11766.620,2026-10-07 13:41:46.967249+02,2026-10-07 13:41:46.967249+02
20250523,8744,516.787,2026-10-07 13:41:46.967249+02,2026-10-07 13:41:46.967249+02
20250523,8745,579.030,2026-10-07 13:41:46.967249+02,2026-10-07 13:41:46.967249+02
20250524,8741,609687.951,2026-10-07 13:41:46.967249+02,2026-10-07 13:41:46.967249+02
20250524,8742,22424.719,2026-10-07 13:41:46.967249+02,2026-10-07 13:41:46.967249+02
20250524,8743,11799.430,2026-10-07 13:41:46.967249+02,2026-10-07 13:41:46.967249+02
20250524,8744,502.214,2026-10-07 13:41:46.967249+02,2026-10-07 13:41:46.967249+02
20250524,8745,539.868,2026-10-07 13:41:46.967249+02,2026-10-07 13:41:46.967249+02
20250525,8741,551179.305,2026-10-07 13:41:46.967249+02,2026-10-07 13:41:46.967249+02
20250525,8742,21370.557,2026-10-07 13:41:46.967249+02,2026-10-07 13:41:46.967249+02
20250525,8743,11307.416,2026-10-07 13:41:46.967249+02,2026-10-07 13:41:46.967249+02
20250525,8744,489.456,2026-10-07 13:41:46.967249+02,2026-10-07 13:41:46.967249+02
20250525,8745,517.577,2026-10-07 13:41:46.967249+02,2026-10-07 13:41:46.967249+02
20250526,8741,683058.377,2026-10-07 13:41:46.967249+02,2026-10-07 13:41:46.967249+02
20250526,8742,23709.275,2026-10-07 13:41:46.967249+02,2026-10-07 13:41:46.967249+02
20250526,8743,11779.303,2026-10-07 13:41:46.967249+02,2026-10-07 13:41:46.967249+02
20250526,8744,533.397,2026-10-07 13:41:46.967249+02,2026-10-07 13:41:46.967249+02
20250526,8745,561.240,2026-10-07 13:41:46.967249+02,2026-10-07 13:41:46.967249+02
20250527,8741,672969.354,2026-10-07 13:41:46.967249+02,2026-10-07 13:41:46.967249+02
20250527,8742,23922.122,2026-10-07 13:41:46.967249+02,2026-10-07 13:41:46.967249+02
20250527,8743,12213.381,2026-10-07 13:41:46.967249+02,2026-10-07 13:41:46.967249+02
20250527,8744,533.802,2026-10-07 13:41:46.967249+02,2026-10-07 13:41:46.967249+02
20250527,8745,593.687,2026-10-07 13:41:46.967249+02,2026-10-07 13:41:46.967249+02
20250528,8741,672706.267,2026-10-07 13:41:46.967249+02,2026-10-07 13:41:46.967249+02
20250528,8742,23861.311,2026-10-07 13:41:46.967249+02,2026-10-07 13:41:46.967249+02
20250528,8743,11930.774,2026-10-07 13:41:46.967249+02,2026-10-07 13:41:46.967249+02
20250528,8744,540.400,2026-10-07 13:41:46.967249+02,2026-10-07 13:41:46.967249+02
20250528,8745,601.730,2026-10-07 13:41:46.967249+02,2026-10-07 13:41:46.967249+02
20250529,8741,682833.688,2026-10-07 13:41:46.967249+02,2026-10-07 13:41:46.967249+02
20250529,8742,23812.621,2026-10-07 13:41:46.967249+02,2026-10-07 13:41:46.967249+02
20250529,8743,12193.571,2026-10-07 13:41:46.967249+02,2026-10-07 13:41:46.967249+02
20250529,8744,544.742,2026-10-07 13:41:46.967249+02,2026-10-07 13:41:46.967249+02
20250529,8745,613.626,2026-10-07 13:41:46.967249+02,2026-10-07 13:41:46.967249+02
20250530,8741,691985.794,2026-10-07 13:41:46.967249+02,2026-10-07 13:41:46.967249+02
20250530,8742,21800.517,2026-10-07 13:41:46.967249+02,2026-10-07 13:41:46.967249+02
20250530,8743,12779.524,2026-10-07 13:41:46.967249+02,2026-10-07 13:41:46.967249+02
20250530,8744,552.539,2026-10-07 13:41:46.967249+02,2026-10-07 13:41:46.967249+02
20250530,8745,623.249,2026-10-07 13:41:46.967249+02,2026-10-07 13:41:46.967249+02
20250531,8741,638074.064,2026-10-07 13:41:46.967249+02,2026-10-07 13:41:46.967249+02
20250531,8742,22197.023,2026-10-07 13:41:46.967249+02,2026-10-07 13:41:46.967249+02
20250531,8743,12583.363,2026-10-07 13:41:46.967249+02,2026-10-07 13:41:46.967249+02
20250531,8744,525.854,2026-10-07 13:41:46.967249+02,2026-10-07 13:41:46.967249+02
20250531,8745,598.543,2026-10-07 13:41:46.967249+02,2026-10-07 13:41:46.967249+02
20250601,8741,621002.860,2026-10-07 13:41:46.967249+02,2026-10-07 13:41:46.967249+02
20250601,8742,21380.436,2026-10-07 13:41:46.967249+02,2026-10-07 13:41:46.967249+02
20250601,8743,12214.208,2026-10-07 13:41:46.967249+02,2026-10-07 13:41:46.967249+02
20250601,8744,511.753,2026-10-07 13:41:46.967249+02,2026-10-07 13:41:46.967249+02
20250601,8745,591.884,2026-10-07 13:41:46.967249+02,2026-10-07 13:41:46.967249+02
20250602,8741,722938.334,2026-10-07 13:41:46.967249+02,2026-10-07 13:41:46.967249+02
20250602,8742,23734.749,2026-10-07 13:41:46.967249+02,2026-10-07 13:41:46.967249+02
20250602,8743,13421.904,2026-10-07 13:41:46.967249+02,2026-10-07 13:41:46.967249+02
20250602,8744,544.874,2026-10-07 13:41:46.967249+02,2026-10-07 13:41:46.967249+02
20250602,8745,637.439,2026-10-07 13:41:46.967249+02,2026-10-07 13:41:46.967249+02
20250603,8741,649434.919,2026-10-07 13:41:46.967249+02,2026-10-07 13:41:46.967249+02
20250603,8742,23732.804,2026-10-07 13:41:46.967249+02,2026-10-07 13:41:46.967249+02
20250603,8743,14888.321,2026-10-07 13:41:46.967249+02,2026-10-07 13:41:46.967249+02
20250603,8744,526.776,2026-10-07 13:41:46.967249+02,2026-10-07 13:41:46.967249+02
20250603,8745,621.623,2026-10-07 13:41:46.967249+02,2026-10-07 13:41:46.967249+02
20250604,8741,676626.265,2026-10-07 13:41:46.967249+02,2026-10-07 13:41:46.967249+02
20250604,8742,23627.564,2026-10-07 13:41:46.967249+02,2026-10-07 13:41:46.967249+02
20250604,8743,13857.429,2026-10-07 13:41:46.967249+02,2026-10-07 13:41:46.967249+02
20250604,8744,523.425,2026-10-07 13:41:46.967249+02,2026-10-07 13:41:46.967249+02
20250604,8745,607.858,2026-10-07 13:41:46.967249+02,2026-10-07 13:41:46.967249+02
20250605,8741,691606.762,2026-10-07 13:41:46.967249+02,2026-10-07 13:41:46.967249+02
20250605,8742,23752.005,2026-10-07 13:41:46.967249+02,2026-10-07 13:41:46.967249+02
20250605,8743,13517.950,2026-10-07 13:41:46.967249+02,2026-10-07 13:41:46.967249+02
20250605,8744,537.916,2026-10-07 13:41:46.967249+02,2026-10-07 13:41:46.967249+02
20250605,8745,616.023,2026-10-07 13:41:46.967249+02,2026-10-07 13:41:46.967249+02
20250606,8741,704378.919,2026-10-07 13:41:46.967249+02,2026-10-07 13:41:46.967249+02
20250606,8742,23771.907,2026-10-07 13:41:46.967249+02,2026-10-07 13:41:46.967249+02
20250606,8743,13678.295,2026-10-07 13:41:46.967249+02,2026-10-07 13:41:46.967249+02
20250606,8744,503.833,2026-10-07 13:41:46.967249+02,2026-10-07 13:41:46.967249+02
20250606,8745,571.310,2026-10-07 13:41:46.967249+02,2026-10-07 13:41:46.967249+02
20250607,8741,641874.269,2026-10-07 13:41:46.967249+02,2026-10-07 13:41:46.967249+02
20250607,8742,22685.180,2026-10-07 13:41:46.967249+02,2026-10-07 13:41:46.967249+02
20250607,8743,13763.197,2026-10-07 13:41:46.967249+02,2026-10-07 13:41:46.967249+02
20250607,8744,509.704,2026-10-07 13:41:46.967249+02,2026-10-07 13:41:46.967249+02
20250607,8745,585.526,2026-10-07 13:41:46.967249+02,2026-10-07 13:41:46.967249+02
20250608,8741,619779.781,2026-10-07 13:41:46.967249+02,2026-10-07 13:41:46.967249+02
20250608,8742,21705.548,2026-10-07 13:41:46.967249+02,2026-10-07 13:41:46.967249+02
20250608,8743,13328.277,2026-10-07 13:41:46.967249+02,2026-10-07 13:41:46.967249+02
20250608,8744,505.775,2026-10-07 13:41:46.967249+02,2026-10-07 13:41:46.967249+02
20250608,8745,581.913,2026-10-07 13:41:46.967249+02,2026-10-07 13:41:46.967249+02
20250609,8741,692696.473,2026-10-07 13:41:46.967249+02,2026-10-07 13:41:46.967249+02
20250609,8742,23975.139,2026-10-07 13:41:46.967249+02,2026-10-07 13:41:46.967249+02
20250609,8743,14162.338,2026-10-07 13:41:46.967249+02,2026-10-07 13:41:46.967249+02
20250609,8744,556.865,2026-10-07 13:41:46.967249+02,2026-10-07 13:41:46.967249+02
20250609,8745,656.120,2026-10-07 13:41:46.967249+02,2026-10-07 13:41:46.967249+02
20250610,8741,703947.343,2026-10-07 13:41:46.967249+02,2026-10-07 13:41:46.967249+02
20250610,8742,23938.962,2026-10-07 13:41:46.967249+02,2026-10-07 13:41:46.967249+02
20250610,8743,14734.577,2026-10-07 13:41:46.967249+02,2026-10-07 13:41:46.967249+02
20250610,8744,559.907,2026-10-07 13:41:46.967249+02,2026-10-07 13:41:46.967249+02
20250610,8745,642.989,2026-10-07 13:41:46.967249+02,2026-10-07 13:41:46.967249+02
20250611,8741,751263.240,2026-10-07 13:41:46.967249+02,2026-10-07 13:41:46.967249+02
20250611,8742,24038.571,2026-10-07 13:41:46.967249+02,2026-10-07 13:41:46.967249+02
20250611,8743,14464.590,2026-10-07 13:41:46.967249+02,2026-10-07 13:41:46.967249+02
20250611,8744,554.651,2026-10-07 13:41:46.967249+02,2026-10-07 13:41:46.967249+02
20250611,8745,609.717,2026-10-07 13:41:46.967249+02,2026-10-07 13:41:46.967249+02
20250612,8741,733489.459,2026-10-07 13:41:46.967249+02,2026-10-07 13:41:46.967249+02
20250612,8742,24234.612,2026-10-07 13:41:46.967249+02,2026-10-07 13:41:46.967249+02
20250612,8743,14432.128,2026-10-07 13:41:46.967249+02,2026-10-07 13:41:46.967249+02
20250612,8744,549.968,2026-10-07 13:41:46.967249+02,2026-10-07 13:41:46.967249+02
20250612,8745,563.046,2026-10-07 13:41:46.967249+02,2026-10-07 13:41:46.967249+02
20250613,8741,757262.119,2026-10-07 13:41:46.967249+02,2026-10-07 13:41:46.967249+02
20250613,8742,24211.074,2026-10-07 13:41:46.967249+02,2026-10-07 13:41:46.967249+02
20250613,8743,14274.283,2026-10-07 13:41:46.967249+02,2026-10-07 13:41:46.967249+02
20250613,8744,519.006,2026-10-07 13:41:46.967249+02,2026-10-07 13:41:46.967249+02
20250613,8745,564.445,2026-10-07 13:41:46.967249+02,2026-10-07 13:41:46.967249+02
20250614,8741,677581.607,2026-10-07 13:41:46.967249+02,2026-10-07 13:41:46.967249+02
20250614,8742,22927.108,2026-10-07 13:41:46.967249+02,2026-10-07 13:41:46.967249+02
20250614,8743,14119.975,2026-10-07 13:41:46.967249+02,2026-10-07 13:41:46.967249+02
20250614,8744,526.507,2026-10-07 13:41:46.967249+02,2026-10-07 13:41:46.967249+02
20250614,8745,610.393,2026-10-07 13:41:46.967249+02,2026-10-07 13:41:46.967249+02
20250615,8741,688930.975,2026-10-07 13:41:46.967249+02,2026-10-07 13:41:46.967249+02
20250615,8742,21855.910,2026-10-07 13:41:46.967249+02,2026-10-07 13:41:46.967249+02
20250615,8743,14087.298,2026-10-07 13:41:46.967249+02,2026-10-07 13:41:46.967249+02
20250615,8744,520.446,2026-10-07 13:41:46.967249+02,2026-10-07 13:41:46.967249+02
20250615,8745,607.460,2026-10-07 13:41:46.967249+02,2026-10-07 13:41:46.967249+02
20250616,8741,760153.370,2026-10-07 13:41:46.967249+02,2026-10-07 13:41:46.967249+02
20250616,8742,24238.490,2026-10-07 13:41:46.967249+02,2026-10-07 13:41:46.967249+02
20250616,8743,15668.690,2026-10-07 13:41:46.967249+02,2026-10-07 13:41:46.967249+02
20250616,8744,583.278,2026-10-07 13:41:46.967249+02,2026-10-07 13:41:46.967249+02
20250616,8745,709.315,2026-10-07 13:41:46.967249+02,2026-10-07 13:41:46.967249+02
20250617,8741,780975.846,2026-10-07 13:41:46.967249+02,2026-10-07 13:41:46.967249+02
20250617,8742,24314.848,2026-10-07 13:41:46.967249+02,2026-10-07 13:41:46.967249+02
20250617,8743,15603.230,2026-10-07 13:41:46.967249+02,2026-10-07 13:41:46.967249+02
20250617,8744,612.476,2026-10-07 13:41:46.967249+02,2026-10-07 13:41:46.967249+02
20250617,8745,721.750,2026-10-07 13:41:46.967249+02,2026-10-07 13:41:46.967249+02
20250618,8741,778336.035,2026-10-07 13:41:46.967249+02,2026-10-07 13:41:46.967249+02
20250618,8742,24259.824,2026-10-07 13:41:46.967249+02,2026-10-07 13:41:46.967249+02
20250618,8743,15543.956,2026-10-07 13:41:46.967249+02,2026-10-07 13:41:46.967249+02
20250618,8744,616.957,2026-10-07 13:41:46.967249+02,2026-10-07 13:41:46.967249+02
20250618,8745,739.019,2026-10-07 13:41:46.967249+02,2026-10-07 13:41:46.967249+02
20250619,8741,767222.840,2026-10-07 13:41:46.967249+02,2026-10-07 13:41:46.967249+02
20250619,8742,24136.277,2026-10-07 13:41:46.967249+02,2026-10-07 13:41:46.967249+02
20250619,8743,15978.481,2026-10-07 13:41:46.967249+02,2026-10-07 13:41:46.967249+02
20250619,8744,608.385,2026-10-07 13:41:46.967249+02,2026-10-07 13:41:46.967249+02
20250619,8745,756.008,2026-10-07 13:41:46.967249+02,2026-10-07 13:41:46.967249+02
20250620,8741,782070.193,2026-10-07 13:41:46.967249+02,2026-10-07 13:41:46.967249+02
20250620,8742,24048.295,2026-10-07 13:41:46.967249+02,2026-10-07 13:41:46.967249+02
20250620,8743,15935.436,2026-10-07 13:41:46.967249+02,2026-10-07 13:41:46.967249+02
20250620,8744,602.168,2026-10-07 13:41:46.967249+02,2026-10-07 13:41:46.967249+02
20250620,8745,756.554,2026-10-07 13:41:46.967249+02,2026-10-07 13:41:46.967249+02
20250621,8741,726008.790,2026-10-07 13:41:46.967249+02,2026-10-07 13:41:46.967249+02
20250621,8742,22901.558,2026-10-07 13:41:46.967249+02,2026-10-07 13:41:46.967249+02
20250621,8743,15363.303,2026-10-07 13:41:46.967249+02,2026-10-07 13:41:46.967249+02
20250621,8744,585.011,2026-10-07 13:41:46.967249+02,2026-10-07 13:41:46.967249+02
20250621,8745,710.719,2026-10-07 13:41:46.967249+02,2026-10-07 13:41:46.967249+02
20250622,8741,686714.068,2026-10-07 13:41:46.967249+02,2026-10-07 13:41:46.967249+02
20250622,8742,21647.703,2026-10-07 13:41:46.967249+02,2026-10-07 13:41:46.967249+02
20250622,8743,15105.092,2026-10-07 13:41:46.967249+02,2026-10-07 13:41:46.967249+02
20250622,8744,558.365,2026-10-07 13:41:46.967249+02,2026-10-07 13:41:46.967249+02
20250622,8745,680.661,2026-10-07 13:41:46.967249+02,2026-10-07 13:41:46.967249+02
20250623,8741,742728.168,2026-10-07 13:41:46.967249+02,2026-10-07 13:41:46.967249+02
20250623,8742,23802.845,2026-10-07 13:41:46.967249+02,2026-10-07 13:41:46.967249+02
20250623,8743,16716.110,2026-10-07 13:41:46.967249+02,2026-10-07 13:41:46.967249+02
20250623,8744,616.722,2026-10-07 13:41:46.967249+02,2026-10-07 13:41:46.967249+02
20250623,8745,763.274,2026-10-07 13:41:46.967249+02,2026-10-07 13:41:46.967249+02
20250624,8741,756000.818,2026-10-07 13:41:46.967249+02,2026-10-07 13:41:46.967249+02
20250624,8742,23258.517,2026-10-07 13:41:46.967249+02,2026-10-07 13:41:46.967249+02
20250624,8743,16304.436,2026-10-07 13:41:46.967249+02,2026-10-07 13:41:46.967249+02
20250624,8744,589.761,2026-10-07 13:41:46.967249+02,2026-10-07 13:41:46.967249+02
20250624,8745,761.142,2026-10-07 13:41:46.967249+02,2026-10-07 13:41:46.967249+02
20250625,8741,819493.457,2026-10-07 13:41:46.967249+02,2026-10-07 13:41:46.967249+02
20250625,8742,24281.743,2026-10-07 13:41:46.967249+02,2026-10-07 13:41:46.967249+02
20250625,8743,17132.336,2026-10-07 13:41:46.967249+02,2026-10-07 13:41:46.967249+02
20250625,8744,575.204,2026-10-07 13:41:46.967249+02,2026-10-07 13:41:46.967249+02
20250625,8745,719.458,2026-10-07 13:41:46.967249+02,2026-10-07 13:41:46.967249+02
20250626,8741,811622.618,2026-10-07 13:41:46.967249+02,2026-10-07 13:41:46.967249+02
20250626,8742,24293.456,2026-10-07 13:41:46.967249+02,2026-10-07 13:41:46.967249+02
20250626,8743,17817.885,2026-10-07 13:41:46.967249+02,2026-10-07 13:41:46.967249+02
20250626,8744,590.797,2026-10-07 13:41:46.967249+02,2026-10-07 13:41:46.967249+02
20250626,8745,739.870,2026-10-07 13:41:46.967249+02,2026-10-07 13:41:46.967249+02
20250627,8741,821402.321,2026-10-07 13:41:46.967249+02,2026-10-07 13:41:46.967249+02
20250627,8742,24633.863,2026-10-07 13:41:46.967249+02,2026-10-07 13:41:46.967249+02
20250627,8743,17095.144,2026-10-07 13:41:46.967249+02,2026-10-07 13:41:46.967249+02
20250627,8744,594.538,2026-10-07 13:41:46.967249+02,2026-10-07 13:41:46.967249+02
20250627,8745,752.969,2026-10-07 13:41:46.967249+02,2026-10-07 13:41:46.967249+02
20250628,8741,765349.092,2026-10-07 13:41:46.967249+02,2026-10-07 13:41:46.967249+02
20250628,8742,23793.154,2026-10-07 13:41:46.967249+02,2026-10-07 13:41:46.967249+02
20250628,8743,16267.166,2026-10-07 13:41:46.967249+02,2026-10-07 13:41:46.967249+02
20250628,8744,567.193,2026-10-07 13:41:46.967249+02,2026-10-07 13:41:46.967249+02
20250628,8745,713.253,2026-10-07 13:41:46.967249+02,2026-10-07 13:41:46.967249+02
20250629,8741,740673.276,2026-10-07 13:41:46.967249+02,2026-10-07 13:41:46.967249+02
20250629,8742,22617.428,2026-10-07 13:41:46.967249+02,2026-10-07 13:41:46.967249+02
20250629,8743,15826.227,2026-10-07 13:41:46.967249+02,2026-10-07 13:41:46.967249+02
20250629,8744,569.269,2026-10-07 13:41:46.967249+02,2026-10-07 13:41:46.967249+02
20250629,8745,700.614,2026-10-07 13:41:46.967249+02,2026-10-07 13:41:46.967249+02
20250630,8741,836516.372,2026-10-07 13:41:46.967249+02,2026-10-07 13:41:46.967249+02
20250630,8742,25008.153,2026-10-07 13:41:46.967249+02,2026-10-07 13:41:46.967249+02
20250630,8743,19693.364,2026-10-07 13:41:46.967249+02,2026-10-07 13:41:46.967249+02
20250630,8744,640.424,2026-10-07 13:41:46.967249+02,2026-10-07 13:41:46.967249+02
20250630,8745,786.307,2026-10-07 13:41:46.967249+02,2026-10-07 13:41:46.967249+02
20250701,8741,859904.077,2026-10-07 13:41:46.967249+02,2026-10-07 13:41:46.967249+02
20250701,8742,25014.812,2026-10-07 13:41:46.967249+02,2026-10-07 13:41:46.967249+02
20250701,8743,20220.492,2026-10-07 13:41:46.967249+02,2026-10-07 13:41:46.967249+02
20250701,8744,645.817,2026-10-07 13:41:46.967249+02,2026-10-07 13:41:46.967249+02
20250701,8745,789.683,2026-10-07 13:41:46.967249+02,2026-10-07 13:41:46.967249+02
20250702,8741,879042.980,2026-10-07 13:41:46.967249+02,2026-10-07 13:41:46.967249+02
20250702,8742,25195.234,2026-10-07 13:41:46.967249+02,2026-10-07 13:41:46.967249+02
20250702,8743,19848.341,2026-10-07 13:41:46.967249+02,2026-10-07 13:41:46.967249+02
20250702,8744,661.521,2026-10-07 13:41:46.967249+02,2026-10-07 13:41:46.967249+02
20250702,8745,811.245,2026-10-07 13:41:46.967249+02,2026-10-07 13:41:46.967249+02
20250703,8741,875332.851,2026-10-07 13:41:46.967249+02,2026-10-07 13:41:46.967249+02
20250703,8742,25233.167,2026-10-07 13:41:46.967249+02,2026-10-07 13:41:46.967249+02
20250703,8743,18981.807,2026-10-07 13:41:46.967249+02,2026-10-07 13:41:46.967249+02
20250703,8744,669.951,2026-10-07 13:41:46.967249+02,2026-10-07 13:41:46.967249+02
20250703,8745,810.719,2026-10-07 13:41:46.967249+02,2026-10-07 13:41:46.967249+02
20250704,8741,845236.602,2026-10-07 13:41:46.967249+02,2026-10-07 13:41:46.967249+02
20250704,8742,25322.658,2026-10-07 13:41:46.967249+02,2026-10-07 13:41:46.967249+02
20250704,8743,19281.989,2026-10-07 13:41:46.967249+02,2026-10-07 13:41:46.967249+02
20250704,8744,663.702,2026-10-07 13:41:46.967249+02,2026-10-07 13:41:46.967249+02
20250704,8745,801.258,2026-10-07 13:41:46.967249+02,2026-10-07 13:41:46.967249+02
20250705,8741,775274.665,2026-10-07 13:41:46.967249+02,2026-10-07 13:41:46.967249+02
20250705,8742,23857.639,2026-10-07 13:41:46.967249+02,2026-10-07 13:41:46.967249+02
20250705,8743,18596.261,2026-10-07 13:41:46.967249+02,2026-10-07 13:41:46.967249+02
20250705,8744,618.140,2026-10-07 13:41:46.967249+02,2026-10-07 13:41:46.967249+02
20250705,8745,736.494,2026-10-07 13:41:46.967249+02,2026-10-07 13:41:46.967249+02
20250706,8741,715936.806,2026-10-07 13:41:46.967249+02,2026-10-07 13:41:46.967249+02
20250706,8742,22671.758,2026-10-07 13:41:46.967249+02,2026-10-07 13:41:46.967249+02
20250706,8743,17425.613,2026-10-07 13:41:46.967249+02,2026-10-07 13:41:46.967249+02
20250706,8744,575.208,2026-10-07 13:41:46.967249+02,2026-10-07 13:41:46.967249+02
20250706,8745,746.109,2026-10-07 13:41:46.967249+02,2026-10-07 13:41:46.967249+02
20250707,8741,830967.813,2026-10-07 13:41:46.967249+02,2026-10-07 13:41:46.967249+02
20250707,8742,24924.973,2026-10-07 13:41:46.967249+02,2026-10-07 13:41:46.967249+02
20250707,8743,19955.155,2026-10-07 13:41:46.967249+02,2026-10-07 13:41:46.967249+02
20250707,8744,649.748,2026-10-07 13:41:46.967249+02,2026-10-07 13:41:46.967249+02
20250707,8745,819.912,2026-10-07 13:41:46.967249+02,2026-10-07 13:41:46.967249+02
20250708,8741,818566.132,2026-10-07 13:41:46.967249+02,2026-10-07 13:41:46.967249+02
20250708,8742,25383.730,2026-10-07 13:41:46.967249+02,2026-10-07 13:41:46.967249+02
20250708,8743,18481.684,2026-10-07 13:41:46.967249+02,2026-10-07 13:41:46.967249+02
20250708,8744,653.822,2026-10-07 13:41:46.967249+02,2026-10-07 13:41:46.967249+02
20250708,8745,848.355,2026-10-07 13:41:46.967249+02,2026-10-07 13:41:46.967249+02
20250709,8741,791560.040,2026-10-07 13:41:46.967249+02,2026-10-07 13:41:46.967249+02
20250709,8742,25505.794,2026-10-07 13:41:46.967249+02,2026-10-07 13:41:46.967249+02
20250709,8743,15473.019,2026-10-07 13:41:46.967249+02,2026-10-07 13:41:46.967249+02
20250709,8744,678.140,2026-10-07 13:41:46.967249+02,2026-10-07 13:41:46.967249+02
20250709,8745,861.086,2026-10-07 13:41:46.967249+02,2026-10-07 13:41:46.967249+02
20250710,8741,791023.828,2026-10-07 13:41:46.967249+02,2026-10-07 13:41:46.967249+02
20250710,8742,25376.510,2026-10-07 13:41:46.967249+02,2026-10-07 13:41:46.967249+02
20250710,8743,16175.942,2026-10-07 13:41:46.967249+02,2026-10-07 13:41:46.967249+02
20250710,8744,636.175,2026-10-07 13:41:46.967249+02,2026-10-07 13:41:46.967249+02
20250710,8745,858.097,2026-10-07 13:41:46.967249+02,2026-10-07 13:41:46.967249+02
20250711,8741,778173.094,2026-10-07 13:41:46.967249+02,2026-10-07 13:41:46.967249+02
20250711,8742,25151.976,2026-10-07 13:41:46.967249+02,2026-10-07 13:41:46.967249+02
20250711,8743,16757.311,2026-10-07 13:41:46.967249+02,2026-10-07 13:41:46.967249+02
20250711,8744,572.028,2026-10-07 13:41:46.967249+02,2026-10-07 13:41:46.967249+02
20250711,8745,773.985,2026-10-07 13:41:46.967249+02,2026-10-07 13:41:46.967249+02
20250712,8741,675563.353,2026-10-07 13:41:46.967249+02,2026-10-07 13:41:46.967249+02
20250712,8742,23815.629,2026-10-07 13:41:46.967249+02,2026-10-07 13:41:46.967249+02
20250712,8743,18820.803,2026-10-07 13:41:46.967249+02,2026-10-07 13:41:46.967249+02
20250712,8744,547.227,2026-10-07 13:41:46.967249+02,2026-10-07 13:41:46.967249+02
20250712,8745,652.548,2026-10-07 13:41:46.967249+02,2026-10-07 13:41:46.967249+02
20250713,8741,640563.521,2026-10-07 13:41:46.967249+02,2026-10-07 13:41:46.967249+02
20250713,8742,22542.967,2026-10-07 13:41:46.967249+02,2026-10-07 13:41:46.967249+02
20250713,8743,15303.093,2026-10-07 13:41:46.967249+02,2026-10-07 13:41:46.967249+02
20250713,8744,537.374,2026-10-07 13:41:46.967249+02,2026-10-07 13:41:46.967249+02
20250713,8745,606.476,2026-10-07 13:41:46.967249+02,2026-10-07 13:41:46.967249+02
20250714,8741,733132.065,2026-10-07 13:41:46.967249+02,2026-10-07 13:41:46.967249+02
20250714,8742,24952.337,2026-10-07 13:41:46.967249+02,2026-10-07 13:41:46.967249+02
20250714,8743,19054.973,2026-10-07 13:41:46.967249+02,2026-10-07 13:41:46.967249+02
20250714,8744,603.513,2026-10-07 13:41:46.967249+02,2026-10-07 13:41:46.967249+02
20250714,8745,736.922,2026-10-07 13:41:46.967249+02,2026-10-07 13:41:46.967249+02
20250715,8741,780544.743,2026-10-07 13:41:46.967249+02,2026-10-07 13:41:46.967249+02
20250715,8742,25595.200,2026-10-07 13:41:46.967249+02,2026-10-07 13:41:46.967249+02
20250715,8743,21614.535,2026-10-07 13:41:46.967249+02,2026-10-07 13:41:46.967249+02
20250715,8744,624.203,2026-10-07 13:41:46.967249+02,2026-10-07 13:41:46.967249+02
20250715,8745,786.743,2026-10-07 13:41:46.967249+02,2026-10-07 13:41:46.967249+02
20250716,8741,793710.122,2026-10-07 13:41:46.967249+02,2026-10-07 13:41:46.967249+02
20250716,8742,26721.188,2026-10-07 13:41:46.967249+02,2026-10-07 13:41:46.967249+02
20250716,8743,19989.112,2026-10-07 13:41:46.967249+02,2026-10-07 13:41:46.967249+02
20250716,8744,642.330,2026-10-07 13:41:46.967249+02,2026-10-07 13:41:46.967249+02
20250716,8745,802.921,2026-10-07 13:41:46.967249+02,2026-10-07 13:41:46.967249+02
20250717,8741,804991.634,2026-10-07 13:41:46.967249+02,2026-10-07 13:41:46.967249+02
20250717,8742,27845.990,2026-10-07 13:41:46.967249+02,2026-10-07 13:41:46.967249+02
20250717,8743,19704.635,2026-10-07 13:41:46.967249+02,2026-10-07 13:41:46.967249+02
20250717,8744,646.421,2026-10-07 13:41:46.967249+02,2026-10-07 13:41:46.967249+02
20250717,8745,774.945,2026-10-07 13:41:46.967249+02,2026-10-07 13:41:46.967249+02
20250718,8741,805722.582,2026-10-07 13:41:46.967249+02,2026-10-07 13:41:46.967249+02
20250718,8742,27681.529,2026-10-07 13:41:46.967249+02,2026-10-07 13:41:46.967249+02
20250718,8743,20070.705,2026-10-07 13:41:46.967249+02,2026-10-07 13:41:46.967249+02
20250718,8744,625.856,2026-10-07 13:41:46.967249+02,2026-10-07 13:41:46.967249+02
20250718,8745,787.658,2026-10-07 13:41:46.967249+02,2026-10-07 13:41:46.967249+02
20250719,8741,714134.896,2026-10-07 13:41:46.967249+02,2026-10-07 13:41:46.967249+02
20250719,8742,25058.821,2026-10-07 13:41:46.967249+02,2026-10-07 13:41:46.967249+02
20250719,8743,18428.325,2026-10-07 13:41:46.967249+02,2026-10-07 13:41:46.967249+02
20250719,8744,607.306,2026-10-07 13:41:46.967249+02,2026-10-07 13:41:46.967249+02
20250719,8745,702.805,2026-10-07 13:41:46.967249+02,2026-10-07 13:41:46.967249+02
20250720,8741,678936.726,2026-10-07 13:41:46.967249+02,2026-10-07 13:41:46.967249+02
20250720,8742,23342.335,2026-10-07 13:41:46.967249+02,2026-10-07 13:41:46.967249+02
20250720,8743,17012.980,2026-10-07 13:41:46.967249+02,2026-10-07 13:41:46.967249+02
20250720,8744,573.834,2026-10-07 13:41:46.967249+02,2026-10-07 13:41:46.967249+02
20250720,8745,682.475,2026-10-07 13:41:46.967249+02,2026-10-07 13:41:46.967249+02
20250721,8741,736844.845,2026-10-07 13:41:46.967249+02,2026-10-07 13:41:46.967249+02
20250721,8742,25867.199,2026-10-07 13:41:46.967249+02,2026-10-07 13:41:46.967249+02
20250721,8743,19141.648,2026-10-07 13:41:46.967249+02,2026-10-07 13:41:46.967249+02
20250721,8744,606.670,2026-10-07 13:41:46.967249+02,2026-10-07 13:41:46.967249+02
20250721,8745,746.733,2026-10-07 13:41:46.967249+02,2026-10-07 13:41:46.967249+02
20250722,8741,733483.219,2026-10-07 13:41:46.967249+02,2026-10-07 13:41:46.967249+02
20250722,8742,25993.756,2026-10-07 13:41:46.967249+02,2026-10-07 13:41:46.967249+02
20250722,8743,17903.154,2026-10-07 13:41:46.967249+02,2026-10-07 13:41:46.967249+02
20250722,8744,598.956,2026-10-07 13:41:46.967249+02,2026-10-07 13:41:46.967249+02
20250722,8745,772.465,2026-10-07 13:41:46.967249+02,2026-10-07 13:41:46.967249+02
20250723,8741,763368.883,2026-10-07 13:41:46.967249+02,2026-10-07 13:41:46.967249+02
20250723,8742,26216.971,2026-10-07 13:41:46.967249+02,2026-10-07 13:41:46.967249+02
20250723,8743,18052.745,2026-10-07 13:41:46.967249+02,2026-10-07 13:41:46.967249+02
20250723,8744,610.815,2026-10-07 13:41:46.967249+02,2026-10-07 13:41:46.967249+02
20250723,8745,773.691,2026-10-07 13:41:46.967249+02,2026-10-07 13:41:46.967249+02
20250724,8741,787466.453,2026-10-07 13:41:46.967249+02,2026-10-07 13:41:46.967249+02
20250724,8742,26142.896,2026-10-07 13:41:46.967249+02,2026-10-07 13:41:46.967249+02
20250724,8743,20122.858,2026-10-07 13:41:46.967249+02,2026-10-07 13:41:46.967249+02
20250724,8744,607.518,2026-10-07 13:41:46.967249+02,2026-10-07 13:41:46.967249+02
20250724,8745,758.063,2026-10-07 13:41:46.967249+02,2026-10-07 13:41:46.967249+02
20250725,8741,743051.047,2026-10-07 13:41:46.967249+02,2026-10-07 13:41:46.967249+02
20250725,8742,25974.738,2026-10-07 13:41:46.967249+02,2026-10-07 13:41:46.967249+02
20250725,8743,15023.338,2026-10-07 13:41:46.967249+02,2026-10-07 13:41:46.967249+02
20250725,8744,623.045,2026-10-07 13:41:46.967249+02,2026-10-07 13:41:46.967249+02
20250725,8745,739.374,2026-10-07 13:41:46.967249+02,2026-10-07 13:41:46.967249+02
20250726,8741,713651.626,2026-10-07 13:41:46.967249+02,2026-10-07 13:41:46.967249+02
20250726,8742,24574.911,2026-10-07 13:41:46.967249+02,2026-10-07 13:41:46.967249+02
20250726,8743,13165.913,2026-10-07 13:41:46.967249+02,2026-10-07 13:41:46.967249+02
20250726,8744,631.183,2026-10-07 13:41:46.967249+02,2026-10-07 13:41:46.967249+02
20250726,8745,689.630,2026-10-07 13:41:46.967249+02,2026-10-07 13:41:46.967249+02
20250727,8741,673229.487,2026-10-07 13:41:46.967249+02,2026-10-07 13:41:46.967249+02
20250727,8742,23564.418,2026-10-07 13:41:46.967249+02,2026-10-07 13:41:46.967249+02
20250727,8743,13259.942,2026-10-07 13:41:46.967249+02,2026-10-07 13:41:46.967249+02
20250727,8744,575.503,2026-10-07 13:41:46.967249+02,2026-10-07 13:41:46.967249+02
20250727,8745,645.705,2026-10-07 13:41:46.967249+02,2026-10-07 13:41:46.967249+02
20250728,8741,778800.975,2026-10-07 13:41:46.967249+02,2026-10-07 13:41:46.967249+02
20250728,8742,26669.789,2026-10-07 13:41:46.967249+02,2026-10-07 13:41:46.967249+02
20250728,8743,14866.297,2026-10-07 13:41:46.967249+02,2026-10-07 13:41:46.967249+02
20250728,8744,648.113,2026-10-07 13:41:46.967249+02,2026-10-07 13:41:46.967249+02
20250728,8745,773.309,2026-10-07 13:41:46.967249+02,2026-10-07 13:41:46.967249+02
20250729,8741,772275.087,2026-10-07 13:41:46.967249+02,2026-10-07 13:41:46.967249+02
20250729,8742,26803.485,2026-10-07 13:41:46.967249+02,2026-10-07 13:41:46.967249+02
20250729,8743,13960.391,2026-10-07 13:41:46.967249+02,2026-10-07 13:41:46.967249+02
20250729,8744,662.704,2026-10-07 13:41:46.967249+02,2026-10-07 13:41:46.967249+02
20250729,8745,788.082,2026-10-07 13:41:46.967249+02,2026-10-07 13:41:46.967249+02
20250730,8741,775813.751,2026-10-07 13:41:46.967249+02,2026-10-07 13:41:46.967249+02
20250730,8742,26700.968,2026-10-07 13:41:46.967249+02,2026-10-07 13:41:46.967249+02
20250730,8743,13871.307,2026-10-07 13:41:46.967249+02,2026-10-07 13:41:46.967249+02
20250730,8744,644.550,2026-10-07 13:41:46.967249+02,2026-10-07 13:41:46.967249+02
20250730,8745,766.498,2026-10-07 13:41:46.967249+02,2026-10-07 13:41:46.967249+02
20250731,8741,778974.829,2026-10-07 13:41:46.967249+02,2026-10-07 13:41:46.967249+02
20250731,8742,26736.226,2026-10-07 13:41:46.967249+02,2026-10-07 13:41:46.967249+02
20250731,8743,14256.311,2026-10-07 13:41:46.967249+02,2026-10-07 13:41:46.967249+02
20250731,8744,663.502,2026-10-07 13:41:46.967249+02,2026-10-07 13:41:46.967249+02
20250731,8745,751.465,2026-10-07 13:41:46.967249+02,2026-10-07 13:41:46.967249+02
20250801,8741,768778.710,2026-10-07 13:41:46.967249+02,2026-10-07 13:41:46.967249+02
20250801,8742,26712.421,2026-10-07 13:41:46.967249+02,2026-10-07 13:41:46.967249+02
20250801,8743,14644.884,2026-10-07 13:41:46.967249+02,2026-10-07 13:41:46.967249+02
20250801,8744,651.628,2026-10-07 13:41:46.967249+02,2026-10-07 13:41:46.967249+02
20250801,8745,735.262,2026-10-07 13:41:46.967249+02,2026-10-07 13:41:46.967249+02
20250802,8741,748146.336,2026-10-07 13:41:46.967249+02,2026-10-07 13:41:46.967249+02
20250802,8742,25307.128,2026-10-07 13:41:46.967249+02,2026-10-07 13:41:46.967249+02
20250802,8743,14388.111,2026-10-07 13:41:46.967249+02,2026-10-07 13:41:46.967249+02
20250802,8744,631.997,2026-10-07 13:41:46.967249+02,2026-10-07 13:41:46.967249+02
20250802,8745,686.870,2026-10-07 13:41:46.967249+02,2026-10-07 13:41:46.967249+02
20250803,8741,683244.646,2026-10-07 13:41:46.967249+02,2026-10-07 13:41:46.967249+02
20250803,8742,23672.400,2026-10-07 13:41:46.967249+02,2026-10-07 13:41:46.967249+02
20250803,8743,13733.168,2026-10-07 13:41:46.967249+02,2026-10-07 13:41:46.967249+02
20250803,8744,609.880,2026-10-07 13:41:46.967249+02,2026-10-07 13:41:46.967249+02
20250803,8745,647.403,2026-10-07 13:41:46.967249+02,2026-10-07 13:41:46.967249+02
20250804,8741,713873.015,2026-10-07 13:41:46.967249+02,2026-10-07 13:41:46.967249+02
20250804,8742,25772.387,2026-10-07 13:41:46.967249+02,2026-10-07 13:41:46.967249+02
20250804,8743,14732.884,2026-10-07 13:41:46.967249+02,2026-10-07 13:41:46.967249+02
20250804,8744,666.223,2026-10-07 13:41:46.967249+02,2026-10-07 13:41:46.967249+02
20250804,8745,711.610,2026-10-07 13:41:46.967249+02,2026-10-07 13:41:46.967249+02
20250805,8741,751288.028,2026-10-07 13:41:46.967249+02,2026-10-07 13:41:46.967249+02
20250805,8742,26125.943,2026-10-07 13:41:46.967249+02,2026-10-07 13:41:46.967249+02
20250805,8743,15104.980,2026-10-07 13:41:46.967249+02,2026-10-07 13:41:46.967249+02
20250805,8744,614.485,2026-10-07 13:41:46.967249+02,2026-10-07 13:41:46.967249+02
20250805,8745,723.836,2026-10-07 13:41:46.967249+02,2026-10-07 13:41:46.967249+02
20250806,8741,758902.729,2026-10-07 13:41:46.967249+02,2026-10-07 13:41:46.967249+02
20250806,8742,26753.996,2026-10-07 13:41:46.967249+02,2026-10-07 13:41:46.967249+02
20250806,8743,15743.072,2026-10-07 13:41:46.967249+02,2026-10-07 13:41:46.967249+02
20250806,8744,656.874,2026-10-07 13:41:46.967249+02,2026-10-07 13:41:46.967249+02
20250806,8745,744.975,2026-10-07 13:41:46.967249+02,2026-10-07 13:41:46.967249+02
20250807,8741,744484.878,2026-10-07 13:41:46.967249+02,2026-10-07 13:41:46.967249+02
20250807,8742,27244.160,2026-10-07 13:41:46.967249+02,2026-10-07 13:41:46.967249+02
20250807,8743,16399.724,2026-10-07 13:41:46.967249+02,2026-10-07 13:41:46.967249+02
20250807,8744,651.659,2026-10-07 13:41:46.967249+02,2026-10-07 13:41:46.967249+02
20250807,8745,756.047,2026-10-07 13:41:46.967249+02,2026-10-07 13:41:46.967249+02
20250808,8741,732519.947,2026-10-07 13:41:46.967249+02,2026-10-07 13:41:46.967249+02
20250808,8742,27376.870,2026-10-07 13:41:46.967249+02,2026-10-07 13:41:46.967249+02
20250808,8743,16687.414,2026-10-07 13:41:46.967249+02,2026-10-07 13:41:46.967249+02
20250808,8744,639.917,2026-10-07 13:41:46.967249+02,2026-10-07 13:41:46.967249+02
20250808,8745,765.616,2026-10-07 13:41:46.967249+02,2026-10-07 13:41:46.967249+02
20250809,8741,704574.245,2026-10-07 13:41:46.967249+02,2026-10-07 13:41:46.967249+02
20250809,8742,26386.791,2026-10-07 13:41:46.967249+02,2026-10-07 13:41:46.967249+02
20250809,8743,15974.713,2026-10-07 13:41:46.967249+02,2026-10-07 13:41:46.967249+02
20250809,8744,618.819,2026-10-07 13:41:46.967249+02,2026-10-07 13:41:46.967249+02
20250809,8745,721.998,2026-10-07 13:41:46.967249+02,2026-10-07 13:41:46.967249+02
20250810,8741,664455.052,2026-10-07 13:41:46.967249+02,2026-10-07 13:41:46.967249+02
20250810,8742,25763.420,2026-10-07 13:41:46.967249+02,2026-10-07 13:41:46.967249+02
20250810,8743,15286.844,2026-10-07 13:41:46.967249+02,2026-10-07 13:41:46.967249+02
20250810,8744,591.369,2026-10-07 13:41:46.967249+02,2026-10-07 13:41:46.967249+02
20250810,8745,682.527,2026-10-07 13:41:46.967249+02,2026-10-07 13:41:46.967249+02
20250811,8741,742936.944,2026-10-07 13:41:46.967249+02,2026-10-07 13:41:46.967249+02
20250811,8742,28884.624,2026-10-07 13:41:46.967249+02,2026-10-07 13:41:46.967249+02
20250811,8743,17597.745,2026-10-07 13:41:46.967249+02,2026-10-07 13:41:46.967249+02
20250811,8744,648.436,2026-10-07 13:41:46.967249+02,2026-10-07 13:41:46.967249+02
20250811,8745,762.815,2026-10-07 13:41:46.967249+02,2026-10-07 13:41:46.967249+02
20250812,8741,773236.169,2026-10-07 13:41:46.967249+02,2026-10-07 13:41:46.967249+02
20250812,8742,28800.124,2026-10-07 13:41:46.967249+02,2026-10-07 13:41:46.967249+02
20250812,8743,18325.378,2026-10-07 13:41:46.967249+02,2026-10-07 13:41:46.967249+02
20250812,8744,651.214,2026-10-07 13:41:46.967249+02,2026-10-07 13:41:46.967249+02
20250812,8745,775.494,2026-10-07 13:41:46.967249+02,2026-10-07 13:41:46.967249+02
20250813,8741,753698.502,2026-10-07 13:41:46.967249+02,2026-10-07 13:41:46.967249+02
20250813,8742,28338.149,2026-10-07 13:41:46.967249+02,2026-10-07 13:41:46.967249+02
20250813,8743,18511.083,2026-10-07 13:41:46.967249+02,2026-10-07 13:41:46.967249+02
20250813,8744,663.113,2026-10-07 13:41:46.967249+02,2026-10-07 13:41:46.967249+02
20250813,8745,746.993,2026-10-07 13:41:46.967249+02,2026-10-07 13:41:46.967249+02
20250814,8741,755668.727,2026-10-07 13:41:46.967249+02,2026-10-07 13:41:46.967249+02
20250814,8742,27638.583,2026-10-07 13:41:46.967249+02,2026-10-07 13:41:46.967249+02
20250814,8743,18581.766,2026-10-07 13:41:46.967249+02,2026-10-07 13:41:46.967249+02
20250814,8744,652.759,2026-10-07 13:41:46.967249+02,2026-10-07 13:41:46.967249+02
20250814,8745,783.264,2026-10-07 13:41:46.967249+02,2026-10-07 13:41:46.967249+02
20250815,8741,702221.849,2026-10-07 13:41:46.967249+02,2026-10-07 13:41:46.967249+02
20250815,8742,25137.110,2026-10-07 13:41:46.967249+02,2026-10-07 13:41:46.967249+02
20250815,8743,17797.823,2026-10-07 13:41:46.967249+02,2026-10-07 13:41:46.967249+02
20250815,8744,610.016,2026-10-07 13:41:46.967249+02,2026-10-07 13:41:46.967249+02
20250815,8745,698.311,2026-10-07 13:41:46.967249+02,2026-10-07 13:41:46.967249+02
20250816,8741,688308.544,2026-10-07 13:41:46.967249+02,2026-10-07 13:41:46.967249+02
20250816,8742,25925.757,2026-10-07 13:41:46.967249+02,2026-10-07 13:41:46.967249+02
20250816,8743,18455.942,2026-10-07 13:41:46.967249+02,2026-10-07 13:41:46.967249+02
20250816,8744,601.957,2026-10-07 13:41:46.967249+02,2026-10-07 13:41:46.967249+02
20250816,8745,726.743,2026-10-07 13:41:46.967249+02,2026-10-07 13:41:46.967249+02
20250817,8741,656690.820,2026-10-07 13:41:46.967249+02,2026-10-07 13:41:46.967249+02
20250817,8742,24971.353,2026-10-07 13:41:46.967249+02,2026-10-07 13:41:46.967249+02
20250817,8743,18859.856,2026-10-07 13:41:46.967249+02,2026-10-07 13:41:46.967249+02
20250817,8744,578.962,2026-10-07 13:41:46.967249+02,2026-10-07 13:41:46.967249+02
20250817,8745,701.916,2026-10-07 13:41:46.967249+02,2026-10-07 13:41:46.967249+02
20250818,8741,717616.041,2026-10-07 13:41:46.967249+02,2026-10-07 13:41:46.967249+02
20250818,8742,27693.364,2026-10-07 13:41:46.967249+02,2026-10-07 13:41:46.967249+02
20250818,8743,19367.246,2026-10-07 13:41:46.967249+02,2026-10-07 13:41:46.967249+02
20250818,8744,650.361,2026-10-07 13:41:46.967249+02,2026-10-07 13:41:46.967249+02
20250818,8745,837.913,2026-10-07 13:41:46.967249+02,2026-10-07 13:41:46.967249+02
20250819,8741,739868.354,2026-10-07 13:41:46.967249+02,2026-10-07 13:41:46.967249+02
20250819,8742,27462.820,2026-10-07 13:41:46.967249+02,2026-10-07 13:41:46.967249+02
20250819,8743,19210.082,2026-10-07 13:41:46.967249+02,2026-10-07 13:41:46.967249+02
20250819,8744,639.827,2026-10-07 13:41:46.967249+02,2026-10-07 13:41:46.967249+02
20250819,8745,834.281,2026-10-07 13:41:46.967249+02,2026-10-07 13:41:46.967249+02
20250820,8741,730625.059,2026-10-07 13:41:46.967249+02,2026-10-07 13:41:46.967249+02
20250820,8742,27053.458,2026-10-07 13:41:46.967249+02,2026-10-07 13:41:46.967249+02
20250820,8743,18791.765,2026-10-07 13:41:46.967249+02,2026-10-07 13:41:46.967249+02
20250820,8744,610.193,2026-10-07 13:41:46.967249+02,2026-10-07 13:41:46.967249+02
20250820,8745,781.761,2026-10-07 13:41:46.967249+02,2026-10-07 13:41:46.967249+02
20250821,8741,731124.720,2026-10-07 13:41:46.967249+02,2026-10-07 13:41:46.967249+02
20250821,8742,26953.352,2026-10-07 13:41:46.967249+02,2026-10-07 13:41:46.967249+02
20250821,8743,17107.084,2026-10-07 13:41:46.967249+02,2026-10-07 13:41:46.967249+02
20250821,8744,615.561,2026-10-07 13:41:46.967249+02,2026-10-07 13:41:46.967249+02
20250821,8745,786.352,2026-10-07 13:41:46.967249+02,2026-10-07 13:41:46.967249+02
20250822,8741,731971.568,2026-10-07 13:41:46.967249+02,2026-10-07 13:41:46.967249+02
20250822,8742,27306.663,2026-10-07 13:41:46.967249+02,2026-10-07 13:41:46.967249+02
20250822,8743,17162.818,2026-10-07 13:41:46.967249+02,2026-10-07 13:41:46.967249+02
20250822,8744,599.541,2026-10-07 13:41:46.967249+02,2026-10-07 13:41:46.967249+02
20250822,8745,764.582,2026-10-07 13:41:46.967249+02,2026-10-07 13:41:46.967249+02
20250823,8741,664496.458,2026-10-07 13:41:46.967249+02,2026-10-07 13:41:46.967249+02
20250823,8742,25702.614,2026-10-07 13:41:46.967249+02,2026-10-07 13:41:46.967249+02
20250823,8743,14914.861,2026-10-07 13:41:46.967249+02,2026-10-07 13:41:46.967249+02
20250823,8744,586.192,2026-10-07 13:41:46.967249+02,2026-10-07 13:41:46.967249+02
20250823,8745,727.368,2026-10-07 13:41:46.967249+02,2026-10-07 13:41:46.967249+02
20250824,8741,601451.724,2026-10-07 13:41:46.967249+02,2026-10-07 13:41:46.967249+02
20250824,8742,23917.267,2026-10-07 13:41:46.967249+02,2026-10-07 13:41:46.967249+02
20250824,8743,14574.406,2026-10-07 13:41:46.967249+02,2026-10-07 13:41:46.967249+02
20250824,8744,558.100,2026-10-07 13:41:46.967249+02,2026-10-07 13:41:46.967249+02
20250824,8745,684.283,2026-10-07 13:41:46.967249+02,2026-10-07 13:41:46.967249+02
20250825,8741,699361.217,2026-10-07 13:41:46.967249+02,2026-10-07 13:41:46.967249+02
20250825,8742,26379.672,2026-10-07 13:41:46.967249+02,2026-10-07 13:41:46.967249+02
20250825,8743,16888.229,2026-10-07 13:41:46.967249+02,2026-10-07 13:41:46.967249+02
20250825,8744,611.849,2026-10-07 13:41:46.967249+02,2026-10-07 13:41:46.967249+02
20250825,8745,777.437,2026-10-07 13:41:46.967249+02,2026-10-07 13:41:46.967249+02
20250826,8741,720285.038,2026-10-07 13:41:46.967249+02,2026-10-07 13:41:46.967249+02
20250826,8742,26872.584,2026-10-07 13:41:46.967249+02,2026-10-07 13:41:46.967249+02
20250826,8743,17303.875,2026-10-07 13:41:46.967249+02,2026-10-07 13:41:46.967249+02
20250826,8744,618.568,2026-10-07 13:41:46.967249+02,2026-10-07 13:41:46.967249+02
20250826,8745,791.619,2026-10-07 13:41:46.967249+02,2026-10-07 13:41:46.967249+02
20250827,8741,740562.759,2026-10-07 13:41:46.967249+02,2026-10-07 13:41:46.967249+02
20250827,8742,26657.657,2026-10-07 13:41:46.967249+02,2026-10-07 13:41:46.967249+02
20250827,8743,18817.410,2026-10-07 13:41:46.967249+02,2026-10-07 13:41:46.967249+02
20250827,8744,625.144,2026-10-07 13:41:46.967249+02,2026-10-07 13:41:46.967249+02
20250827,8745,818.370,2026-10-07 13:41:46.967249+02,2026-10-07 13:41:46.967249+02
20250828,8741,743805.795,2026-10-07 13:41:46.967249+02,2026-10-07 13:41:46.967249+02
20250828,8742,26434.026,2026-10-07 13:41:46.967249+02,2026-10-07 13:41:46.967249+02
20250828,8743,20369.318,2026-10-07 13:41:46.967249+02,2026-10-07 13:41:46.967249+02
20250828,8744,593.919,2026-10-07 13:41:46.967249+02,2026-10-07 13:41:46.967249+02
20250828,8745,757.759,2026-10-07 13:41:46.967249+02,2026-10-07 13:41:46.967249+02
20250829,8741,703277.502,2026-10-07 13:41:46.967249+02,2026-10-07 13:41:46.967249+02
20250829,8742,26190.638,2026-10-07 13:41:46.967249+02,2026-10-07 13:41:46.967249+02
20250829,8743,18229.776,2026-10-07 13:41:46.967249+02,2026-10-07 13:41:46.967249+02
20250829,8744,577.701,2026-10-07 13:41:46.967249+02,2026-10-07 13:41:46.967249+02
20250829,8745,710.721,2026-10-07 13:41:46.967249+02,2026-10-07 13:41:46.967249+02
20250830,8741,650159.440,2026-10-07 13:41:46.967249+02,2026-10-07 13:41:46.967249+02
20250830,8742,24668.420,2026-10-07 13:41:46.967249+02,2026-10-07 13:41:46.967249+02
20250830,8743,14447.652,2026-10-07 13:41:46.967249+02,2026-10-07 13:41:46.967249+02
20250830,8744,584.722,2026-10-07 13:41:46.967249+02,2026-10-07 13:41:46.967249+02
20250830,8745,686.482,2026-10-07 13:41:46.967249+02,2026-10-07 13:41:46.967249+02
20250831,8741,628184.650,2026-10-07 13:41:46.967249+02,2026-10-07 13:41:46.967249+02
20250831,8742,23744.432,2026-10-07 13:41:46.967249+02,2026-10-07 13:41:46.967249+02
20250831,8743,14097.698,2026-10-07 13:41:46.967249+02,2026-10-07 13:41:46.967249+02
20250831,8744,568.342,2026-10-07 13:41:46.967249+02,2026-10-07 13:41:46.967249+02
20250831,8745,666.473,2026-10-07 13:41:46.967249+02,2026-10-07 13:41:46.967249+02
20250901,8741,727846.533,2026-10-07 13:41:46.967249+02,2026-10-07 13:41:46.967249+02
20250901,8742,26117.981,2026-10-07 13:41:46.967249+02,2026-10-07 13:41:46.967249+02
20250901,8743,16648.535,2026-10-07 13:41:46.967249+02,2026-10-07 13:41:46.967249+02
20250901,8744,593.076,2026-10-07 13:41:46.967249+02,2026-10-07 13:41:46.967249+02
20250901,8745,706.608,2026-10-07 13:41:46.967249+02,2026-10-07 13:41:46.967249+02
20250902,8741,683811.944,2026-10-07 13:41:46.967249+02,2026-10-07 13:41:46.967249+02
20250902,8742,25870.470,2026-10-07 13:41:46.967249+02,2026-10-07 13:41:46.967249+02
20250902,8743,14016.240,2026-10-07 13:41:46.967249+02,2026-10-07 13:41:46.967249+02
20250902,8744,602.078,2026-10-07 13:41:46.967249+02,2026-10-07 13:41:46.967249+02
20250902,8745,683.671,2026-10-07 13:41:46.967249+02,2026-10-07 13:41:46.967249+02
20250903,8741,693266.627,2026-10-07 13:41:46.967249+02,2026-10-07 13:41:46.967249+02
20250903,8742,25759.198,2026-10-07 13:41:46.967249+02,2026-10-07 13:41:46.967249+02
20250903,8743,14331.475,2026-10-07 13:41:46.967249+02,2026-10-07 13:41:46.967249+02
20250903,8744,600.489,2026-10-07 13:41:46.967249+02,2026-10-07 13:41:46.967249+02
20250903,8745,670.869,2026-10-07 13:41:46.967249+02,2026-10-07 13:41:46.967249+02
20250904,8741,711562.255,2026-10-07 13:41:46.967249+02,2026-10-07 13:41:46.967249+02
20250904,8742,26114.754,2026-10-07 13:41:46.967249+02,2026-10-07 13:41:46.967249+02
20250904,8743,14765.159,2026-10-07 13:41:46.967249+02,2026-10-07 13:41:46.967249+02
20250904,8744,615.675,2026-10-07 13:41:46.967249+02,2026-10-07 13:41:46.967249+02
20250904,8745,678.530,2026-10-07 13:41:46.967249+02,2026-10-07 13:41:46.967249+02
20250905,8741,733330.185,2026-10-07 13:41:46.967249+02,2026-10-07 13:41:46.967249+02
20250905,8742,26161.905,2026-10-07 13:41:46.967249+02,2026-10-07 13:41:46.967249+02
20250905,8743,14935.768,2026-10-07 13:41:46.967249+02,2026-10-07 13:41:46.967249+02
20250905,8744,612.050,2026-10-07 13:41:46.967249+02,2026-10-07 13:41:46.967249+02
20250905,8745,673.083,2026-10-07 13:41:46.967249+02,2026-10-07 13:41:46.967249+02
20250906,8741,686591.644,2026-10-07 13:41:46.967249+02,2026-10-07 13:41:46.967249+02
20250906,8742,24819.395,2026-10-07 13:41:46.967249+02,2026-10-07 13:41:46.967249+02
20250906,8743,14116.615,2026-10-07 13:41:46.967249+02,2026-10-07 13:41:46.967249+02
20250906,8744,615.920,2026-10-07 13:41:46.967249+02,2026-10-07 13:41:46.967249+02
20250906,8745,680.866,2026-10-07 13:41:46.967249+02,2026-10-07 13:41:46.967249+02
20250907,8741,622715.309,2026-10-07 13:41:46.967249+02,2026-10-07 13:41:46.967249+02
20250907,8742,23824.822,2026-10-07 13:41:46.967249+02,2026-10-07 13:41:46.967249+02
20250907,8743,14636.770,2026-10-07 13:41:46.967249+02,2026-10-07 13:41:46.967249+02
20250907,8744,579.656,2026-10-07 13:41:46.967249+02,2026-10-07 13:41:46.967249+02
20250907,8745,666.047,2026-10-07 13:41:46.967249+02,2026-10-07 13:41:46.967249+02
20250908,8741,714438.267,2026-10-07 13:41:46.967249+02,2026-10-07 13:41:46.967249+02
20250908,8742,25921.889,2026-10-07 13:41:46.967249+02,2026-10-07 13:41:46.967249+02
20250908,8743,18488.856,2026-10-07 13:41:46.967249+02,2026-10-07 13:41:46.967249+02
20250908,8744,616.824,2026-10-07 13:41:46.967249+02,2026-10-07 13:41:46.967249+02
20250908,8745,677.830,2026-10-07 13:41:46.967249+02,2026-10-07 13:41:46.967249+02
20250909,8741,702515.553,2026-10-07 13:41:46.967249+02,2026-10-07 13:41:46.967249+02
20250909,8742,26475.344,2026-10-07 13:41:46.967249+02,2026-10-07 13:41:46.967249+02
20250909,8743,18456.866,2026-10-07 13:41:46.967249+02,2026-10-07 13:41:46.967249+02
20250909,8744,585.747,2026-10-07 13:41:46.967249+02,2026-10-07 13:41:46.967249+02
20250909,8745,691.395,2026-10-07 13:41:46.967249+02,2026-10-07 13:41:46.967249+02
20250910,8741,718584.489,2026-10-07 13:41:46.967249+02,2026-10-07 13:41:46.967249+02
20250910,8742,25777.831,2026-10-07 13:41:46.967249+02,2026-10-07 13:41:46.967249+02
20250910,8743,15276.398,2026-10-07 13:41:46.967249+02,2026-10-07 13:41:46.967249+02
20250910,8744,575.843,2026-10-07 13:41:46.967249+02,2026-10-07 13:41:46.967249+02
20250910,8745,658.334,2026-10-07 13:41:46.967249+02,2026-10-07 13:41:46.967249+02
20250911,8741,693653.920,2026-10-07 13:41:46.967249+02,2026-10-07 13:41:46.967249+02
20250911,8742,26148.475,2026-10-07 13:41:46.967249+02,2026-10-07 13:41:46.967249+02
20250911,8743,13928.845,2026-10-07 13:41:46.967249+02,2026-10-07 13:41:46.967249+02
20250911,8744,616.909,2026-10-07 13:41:46.967249+02,2026-10-07 13:41:46.967249+02
20250911,8745,707.190,2026-10-07 13:41:46.967249+02,2026-10-07 13:41:46.967249+02
20250912,8741,678609.935,2026-10-07 13:41:46.967249+02,2026-10-07 13:41:46.967249+02
20250912,8742,26322.986,2026-10-07 13:41:46.967249+02,2026-10-07 13:41:46.967249+02
20250912,8743,14300.412,2026-10-07 13:41:46.967249+02,2026-10-07 13:41:46.967249+02
20250912,8744,592.352,2026-10-07 13:41:46.967249+02,2026-10-07 13:41:46.967249+02
20250912,8745,703.659,2026-10-07 13:41:46.967249+02,2026-10-07 13:41:46.967249+02
20250913,8741,631482.141,2026-10-07 13:41:46.967249+02,2026-10-07 13:41:46.967249+02
20250913,8742,24947.088,2026-10-07 13:41:46.967249+02,2026-10-07 13:41:46.967249+02
20250913,8743,13841.817,2026-10-07 13:41:46.967249+02,2026-10-07 13:41:46.967249+02
20250913,8744,592.262,2026-10-07 13:41:46.967249+02,2026-10-07 13:41:46.967249+02
20250913,8745,669.700,2026-10-07 13:41:46.967249+02,2026-10-07 13:41:46.967249+02
20250914,8741,624759.135,2026-10-07 13:41:46.967249+02,2026-10-07 13:41:46.967249+02
20250914,8742,23926.780,2026-10-07 13:41:46.967249+02,2026-10-07 13:41:46.967249+02
20250914,8743,13695.755,2026-10-07 13:41:46.967249+02,2026-10-07 13:41:46.967249+02
20250914,8744,559.170,2026-10-07 13:41:46.967249+02,2026-10-07 13:41:46.967249+02
20250914,8745,659.414,2026-10-07 13:41:46.967249+02,2026-10-07 13:41:46.967249+02
20250915,8741,708576.677,2026-10-07 13:41:46.967249+02,2026-10-07 13:41:46.967249+02
20250915,8742,26261.980,2026-10-07 13:41:46.967249+02,2026-10-07 13:41:46.967249+02
20250915,8743,16619.686,2026-10-07 13:41:46.967249+02,2026-10-07 13:41:46.967249+02
20250915,8744,615.739,2026-10-07 13:41:46.967249+02,2026-10-07 13:41:46.967249+02
20250915,8745,710.443,2026-10-07 13:41:46.967249+02,2026-10-07 13:41:46.967249+02
20250916,8741,738834.807,2026-10-07 13:41:46.967249+02,2026-10-07 13:41:46.967249+02
20250916,8742,27045.071,2026-10-07 13:41:46.967249+02,2026-10-07 13:41:46.967249+02
20250916,8743,14978.076,2026-10-07 13:41:46.967249+02,2026-10-07 13:41:46.967249+02
20250916,8744,627.789,2026-10-07 13:41:46.967249+02,2026-10-07 13:41:46.967249+02
20250916,8745,726.472,2026-10-07 13:41:46.967249+02,2026-10-07 13:41:46.967249+02
20250917,8741,741463.404,2026-10-07 13:41:46.967249+02,2026-10-07 13:41:46.967249+02
20250917,8742,28288.672,2026-10-07 13:41:46.967249+02,2026-10-07 13:41:46.967249+02
20250917,8743,15185.793,2026-10-07 13:41:46.967249+02,2026-10-07 13:41:46.967249+02
20250917,8744,647.104,2026-10-07 13:41:46.967249+02,2026-10-07 13:41:46.967249+02
20250917,8745,661.745,2026-10-07 13:41:46.967249+02,2026-10-07 13:41:46.967249+02
20250918,8741,749491.812,2026-10-07 13:41:46.967249+02,2026-10-07 13:41:46.967249+02
20250918,8742,29248.321,2026-10-07 13:41:46.967249+02,2026-10-07 13:41:46.967249+02
20250918,8743,15187.926,2026-10-07 13:41:46.967249+02,2026-10-07 13:41:46.967249+02
20250918,8744,634.491,2026-10-07 13:41:46.967249+02,2026-10-07 13:41:46.967249+02
20250918,8745,734.974,2026-10-07 13:41:46.967249+02,2026-10-07 13:41:46.967249+02
20250919,8741,749636.339,2026-10-07 13:41:46.967249+02,2026-10-07 13:41:46.967249+02
20250919,8742,29615.961,2026-10-07 13:41:46.967249+02,2026-10-07 13:41:46.967249+02
20250919,8743,14967.197,2026-10-07 13:41:46.967249+02,2026-10-07 13:41:46.967249+02
20250919,8744,634.515,2026-10-07 13:41:46.967249+02,2026-10-07 13:41:46.967249+02
20250919,8745,646.736,2026-10-07 13:41:46.967249+02,2026-10-07 13:41:46.967249+02
20250920,8741,665373.172,2026-10-07 13:41:46.967249+02,2026-10-07 13:41:46.967249+02
20250920,8742,28063.885,2026-10-07 13:41:46.967249+02,2026-10-07 13:41:46.967249+02
20250920,8743,14158.749,2026-10-07 13:41:46.967249+02,2026-10-07 13:41:46.967249+02
20250920,8744,617.327,2026-10-07 13:41:46.967249+02,2026-10-07 13:41:46.967249+02
20250920,8745,669.897,2026-10-07 13:41:46.967249+02,2026-10-07 13:41:46.967249+02
20250921,8741,609623.981,2026-10-07 13:41:46.967249+02,2026-10-07 13:41:46.967249+02
20250921,8742,25882.850,2026-10-07 13:41:46.967249+02,2026-10-07 13:41:46.967249+02
20250921,8743,15942.265,2026-10-07 13:41:46.967249+02,2026-10-07 13:41:46.967249+02
20250921,8744,567.934,2026-10-07 13:41:46.967249+02,2026-10-07 13:41:46.967249+02
20250921,8745,644.823,2026-10-07 13:41:46.967249+02,2026-10-07 13:41:46.967249+02
20250922,8741,671601.320,2026-10-07 13:41:46.967249+02,2026-10-07 13:41:46.967249+02
20250922,8742,27142.632,2026-10-07 13:41:46.967249+02,2026-10-07 13:41:46.967249+02
20250922,8743,14131.824,2026-10-07 13:41:46.967249+02,2026-10-07 13:41:46.967249+02
20250922,8744,559.119,2026-10-07 13:41:46.967249+02,2026-10-07 13:41:46.967249+02
20250922,8745,674.712,2026-10-07 13:41:46.967249+02,2026-10-07 13:41:46.967249+02
20250923,8741,687607.551,2026-10-07 13:41:46.967249+02,2026-10-07 13:41:46.967249+02
20250923,8742,26328.478,2026-10-07 13:41:46.967249+02,2026-10-07 13:41:46.967249+02
20250923,8743,15102.333,2026-10-07 13:41:46.967249+02,2026-10-07 13:41:46.967249+02
20250923,8744,588.348,2026-10-07 13:41:46.967249+02,2026-10-07 13:41:46.967249+02
20250923,8745,653.260,2026-10-07 13:41:46.967249+02,2026-10-07 13:41:46.967249+02
20250924,8741,686462.777,2026-10-07 13:41:46.967249+02,2026-10-07 13:41:46.967249+02
20250924,8742,26018.689,2026-10-07 13:41:46.967249+02,2026-10-07 13:41:46.967249+02
20250924,8743,11492.030,2026-10-07 13:41:46.967249+02,2026-10-07 13:41:46.967249+02
20250924,8744,601.165,2026-10-07 13:41:46.967249+02,2026-10-07 13:41:46.967249+02
20250924,8745,664.462,2026-10-07 13:41:46.967249+02,2026-10-07 13:41:46.967249+02
20250925,8741,696047.075,2026-10-07 13:41:46.967249+02,2026-10-07 13:41:46.967249+02
20250925,8742,26065.312,2026-10-07 13:41:46.967249+02,2026-10-07 13:41:46.967249+02
20250925,8743,11781.383,2026-10-07 13:41:46.967249+02,2026-10-07 13:41:46.967249+02
20250925,8744,589.467,2026-10-07 13:41:46.967249+02,2026-10-07 13:41:46.967249+02
20250925,8745,669.406,2026-10-07 13:41:46.967249+02,2026-10-07 13:41:46.967249+02
20250926,8741,683376.262,2026-10-07 13:41:46.967249+02,2026-10-07 13:41:46.967249+02
20250926,8742,25723.960,2026-10-07 13:41:46.967249+02,2026-10-07 13:41:46.967249+02
20250926,8743,12881.808,2026-10-07 13:41:46.967249+02,2026-10-07 13:41:46.967249+02
20250926,8744,579.673,2026-10-07 13:41:46.967249+02,2026-10-07 13:41:46.967249+02
20250926,8745,662.345,2026-10-07 13:41:46.967249+02,2026-10-07 13:41:46.967249+02
20250927,8741,609946.202,2026-10-07 13:41:46.967249+02,2026-10-07 13:41:46.967249+02
20250927,8742,24146.091,2026-10-07 13:41:46.967249+02,2026-10-07 13:41:46.967249+02
20250927,8743,12760.332,2026-10-07 13:41:46.967249+02,2026-10-07 13:41:46.967249+02
20250927,8744,578.388,2026-10-07 13:41:46.967249+02,2026-10-07 13:41:46.967249+02
20250927,8745,610.294,2026-10-07 13:41:46.967249+02,2026-10-07 13:41:46.967249+02
20250928,8741,578562.678,2026-10-07 13:41:46.967249+02,2026-10-07 13:41:46.967249+02
20250928,8742,23414.541,2026-10-07 13:41:46.967249+02,2026-10-07 13:41:46.967249+02
20250928,8743,11831.231,2026-10-07 13:41:46.967249+02,2026-10-07 13:41:46.967249+02
20250928,8744,539.939,2026-10-07 13:41:46.967249+02,2026-10-07 13:41:46.967249+02
20250928,8745,572.764,2026-10-07 13:41:46.967249+02,2026-10-07 13:41:46.967249+02
20250929,8741,661048.321,2026-10-07 13:41:46.967249+02,2026-10-07 13:41:46.967249+02
20250929,8742,25488.929,2026-10-07 13:41:46.967249+02,2026-10-07 13:41:46.967249+02
20250929,8743,15222.383,2026-10-07 13:41:46.967249+02,2026-10-07 13:41:46.967249+02
20250929,8744,551.396,2026-10-07 13:41:46.967249+02,2026-10-07 13:41:46.967249+02
20250929,8745,633.244,2026-10-07 13:41:46.967249+02,2026-10-07 13:41:46.967249+02
20250930,8741,644139.034,2026-10-07 13:41:46.967249+02,2026-10-07 13:41:46.967249+02
20250930,8742,25742.657,2026-10-07 13:41:46.967249+02,2026-10-07 13:41:46.967249+02
20250930,8743,14808.510,2026-10-07 13:41:46.967249+02,2026-10-07 13:41:46.967249+02
20250930,8744,569.587,2026-10-07 13:41:46.967249+02,2026-10-07 13:41:46.967249+02
20250930,8745,625.269,2026-10-07 13:41:46.967249+02,2026-10-07 13:41:46.967249+02
20251001,8741,688425.143,2026-10-07 13:41:46.967249+02,2026-10-07 13:41:46.967249+02
20251001,8742,25893.234,2026-10-07 13:41:46.967249+02,2026-10-07 13:41:46.967249+02
20251001,8743,12645.973,2026-10-07 13:41:46.967249+02,2026-10-07 13:41:46.967249+02
20251001,8744,600.680,2026-10-07 13:41:46.967249+02,2026-10-07 13:41:46.967249+02
20251001,8745,648.795,2026-10-07 13:41:46.967249+02,2026-10-07 13:41:46.967249+02
20251002,8741,685311.067,2026-10-07 13:41:46.967249+02,2026-10-07 13:41:46.967249+02
20251002,8742,26294.502,2026-10-07 13:41:46.967249+02,2026-10-07 13:41:46.967249+02
20251002,8743,12295.870,2026-10-07 13:41:46.967249+02,2026-10-07 13:41:46.967249+02
20251002,8744,591.237,2026-10-07 13:41:46.967249+02,2026-10-07 13:41:46.967249+02
20251002,8745,644.087,2026-10-07 13:41:46.967249+02,2026-10-07 13:41:46.967249+02
20251003,8741,688239.226,2026-10-07 13:41:46.967249+02,2026-10-07 13:41:46.967249+02
20251003,8742,26005.230,2026-10-07 13:41:46.967249+02,2026-10-07 13:41:46.967249+02
20251003,8743,12247.297,2026-10-07 13:41:46.967249+02,2026-10-07 13:41:46.967249+02
20251003,8744,587.798,2026-10-07 13:41:46.967249+02,2026-10-07 13:41:46.967249+02
20251003,8745,631.445,2026-10-07 13:41:46.967249+02,2026-10-07 13:41:46.967249+02
20251004,8741,631564.629,2026-10-07 13:41:46.967249+02,2026-10-07 13:41:46.967249+02
20251004,8742,24596.108,2026-10-07 13:41:46.967249+02,2026-10-07 13:41:46.967249+02
20251004,8743,11795.092,2026-10-07 13:41:46.967249+02,2026-10-07 13:41:46.967249+02
20251004,8744,581.253,2026-10-07 13:41:46.967249+02,2026-10-07 13:41:46.967249+02
20251004,8745,593.364,2026-10-07 13:41:46.967249+02,2026-10-07 13:41:46.967249+02
20251005,8741,639860.264,2026-10-07 13:41:46.967249+02,2026-10-07 13:41:46.967249+02
20251005,8742,23147.304,2026-10-07 13:41:46.967249+02,2026-10-07 13:41:46.967249+02
20251005,8743,11204.096,2026-10-07 13:41:46.967249+02,2026-10-07 13:41:46.967249+02
20251005,8744,551.993,2026-10-07 13:41:46.967249+02,2026-10-07 13:41:46.967249+02
20251005,8745,577.434,2026-10-07 13:41:46.967249+02,2026-10-07 13:41:46.967249+02
20251006,8741,672089.913,2026-10-07 13:41:46.967249+02,2026-10-07 13:41:46.967249+02
20251006,8742,25531.355,2026-10-07 13:41:46.967249+02,2026-10-07 13:41:46.967249+02
20251006,8743,12718.919,2026-10-07 13:41:46.967249+02,2026-10-07 13:41:46.967249+02
20251006,8744,591.113,2026-10-07 13:41:46.967249+02,2026-10-07 13:41:46.967249+02
20251006,8745,655.372,2026-10-07 13:41:46.967249+02,2026-10-07 13:41:46.967249+02
20251007,8741,684100.864,2026-10-07 13:41:46.967249+02,2026-10-07 13:41:46.967249+02
20251007,8742,25717.674,2026-10-07 13:41:46.967249+02,2026-10-07 13:41:46.967249+02
20251007,8743,12288.323,2026-10-07 13:41:46.967249+02,2026-10-07 13:41:46.967249+02
20251007,8744,591.223,2026-10-07 13:41:46.967249+02,2026-10-07 13:41:46.967249+02
20251007,8745,645.471,2026-10-07 13:41:46.967249+02,2026-10-07 13:41:46.967249+02
20251008,8741,691552.481,2026-10-07 13:41:46.967249+02,2026-10-07 13:41:46.967249+02
20251008,8742,25878.331,2026-10-07 13:41:46.967249+02,2026-10-07 13:41:46.967249+02
20251008,8743,12982.917,2026-10-07 13:41:46.967249+02,2026-10-07 13:41:46.967249+02
20251008,8744,571.474,2026-10-07 13:41:46.967249+02,2026-10-07 13:41:46.967249+02
20251008,8745,630.583,2026-10-07 13:41:46.967249+02,2026-10-07 13:41:46.967249+02
20251009,8741,740122.775,2026-10-07 13:41:46.967249+02,2026-10-07 13:41:46.967249+02
20251009,8742,25866.464,2026-10-07 13:41:46.967249+02,2026-10-07 13:41:46.967249+02
20251009,8743,14145.597,2026-10-07 13:41:46.967249+02,2026-10-07 13:41:46.967249+02
20251009,8744,573.180,2026-10-07 13:41:46.967249+02,2026-10-07 13:41:46.967249+02
20251009,8745,624.071,2026-10-07 13:41:46.967249+02,2026-10-07 13:41:46.967249+02
20251010,8741,703109.201,2026-10-07 13:41:46.967249+02,2026-10-07 13:41:46.967249+02
20251010,8742,25685.762,2026-10-07 13:41:46.967249+02,2026-10-07 13:41:46.967249+02
20251010,8743,14088.560,2026-10-07 13:41:46.967249+02,2026-10-07 13:41:46.967249+02
20251010,8744,560.722,2026-10-07 13:41:46.967249+02,2026-10-07 13:41:46.967249+02
20251010,8745,610.736,2026-10-07 13:41:46.967249+02,2026-10-07 13:41:46.967249+02
20251011,8741,613608.981,2026-10-07 13:41:46.967249+02,2026-10-07 13:41:46.967249+02
20251011,8742,24275.358,2026-10-07 13:41:46.967249+02,2026-10-07 13:41:46.967249+02
20251011,8743,13757.446,2026-10-07 13:41:46.967249+02,2026-10-07 13:41:46.967249+02
20251011,8744,563.405,2026-10-07 13:41:46.967249+02,2026-10-07 13:41:46.967249+02
20251011,8745,588.998,2026-10-07 13:41:46.967249+02,2026-10-07 13:41:46.967249+02
20251012,8741,600048.988,2026-10-07 13:41:46.967249+02,2026-10-07 13:41:46.967249+02
20251012,8742,23208.683,2026-10-07 13:41:46.967249+02,2026-10-07 13:41:46.967249+02
20251012,8743,12558.956,2026-10-07 13:41:46.967249+02,2026-10-07 13:41:46.967249+02
20251012,8744,503.265,2026-10-07 13:41:46.967249+02,2026-10-07 13:41:46.967249+02
20251012,8745,566.870,2026-10-07 13:41:46.967249+02,2026-10-07 13:41:46.967249+02
20251013,8741,634558.388,2026-10-07 13:41:46.967249+02,2026-10-07 13:41:46.967249+02
20251013,8742,25284.058,2026-10-07 13:41:46.967249+02,2026-10-07 13:41:46.967249+02
20251013,8743,13815.923,2026-10-07 13:41:46.967249+02,2026-10-07 13:41:46.967249+02
20251013,8744,576.044,2026-10-07 13:41:46.967249+02,2026-10-07 13:41:46.967249+02
20251013,8745,629.609,2026-10-07 13:41:46.967249+02,2026-10-07 13:41:46.967249+02
20251014,8741,683191.897,2026-10-07 13:41:46.967249+02,2026-10-07 13:41:46.967249+02
20251014,8742,25884.193,2026-10-07 13:41:46.967249+02,2026-10-07 13:41:46.967249+02
20251014,8743,13731.967,2026-10-07 13:41:46.967249+02,2026-10-07 13:41:46.967249+02
20251014,8744,581.820,2026-10-07 13:41:46.967249+02,2026-10-07 13:41:46.967249+02
20251014,8745,609.945,2026-10-07 13:41:46.967249+02,2026-10-07 13:41:46.967249+02
20251015,8741,679715.793,2026-10-07 13:41:46.967249+02,2026-10-07 13:41:46.967249+02
20251015,8742,25930.956,2026-10-07 13:41:46.967249+02,2026-10-07 13:41:46.967249+02
20251015,8743,13330.437,2026-10-07 13:41:46.967249+02,2026-10-07 13:41:46.967249+02
20251015,8744,586.018,2026-10-07 13:41:46.967249+02,2026-10-07 13:41:46.967249+02
20251015,8745,631.645,2026-10-07 13:41:46.967249+02,2026-10-07 13:41:46.967249+02
20251016,8741,683411.465,2026-10-07 13:41:46.967249+02,2026-10-07 13:41:46.967249+02
20251016,8742,25910.293,2026-10-07 13:41:46.967249+02,2026-10-07 13:41:46.967249+02
20251016,8743,12458.632,2026-10-07 13:41:46.967249+02,2026-10-07 13:41:46.967249+02
20251016,8744,584.230,2026-10-07 13:41:46.967249+02,2026-10-07 13:41:46.967249+02
20251016,8745,624.431,2026-10-07 13:41:46.967249+02,2026-10-07 13:41:46.967249+02
20251017,8741,700643.542,2026-10-07 13:41:46.967249+02,2026-10-07 13:41:46.967249+02
20251017,8742,26210.965,2026-10-07 13:41:46.967249+02,2026-10-07 13:41:46.967249+02
20251017,8743,12831.970,2026-10-07 13:41:46.967249+02,2026-10-07 13:41:46.967249+02
20251017,8744,598.330,2026-10-07 13:41:46.967249+02,2026-10-07 13:41:46.967249+02
20251017,8745,614.261,2026-10-07 13:41:46.967249+02,2026-10-07 13:41:46.967249+02
20251018,8741,633295.014,2026-10-07 13:41:46.967249+02,2026-10-07 13:41:46.967249+02
20251018,8742,25039.933,2026-10-07 13:41:46.967249+02,2026-10-07 13:41:46.967249+02
20251018,8743,11793.870,2026-10-07 13:41:46.967249+02,2026-10-07 13:41:46.967249+02
20251018,8744,547.183,2026-10-07 13:41:46.967249+02,2026-10-07 13:41:46.967249+02
20251018,8745,578.773,2026-10-07 13:41:46.967249+02,2026-10-07 13:41:46.967249+02
20251019,8741,609398.839,2026-10-07 13:41:46.967249+02,2026-10-07 13:41:46.967249+02
20251019,8742,23450.714,2026-10-07 13:41:46.967249+02,2026-10-07 13:41:46.967249+02
20251019,8743,10761.996,2026-10-07 13:41:46.967249+02,2026-10-07 13:41:46.967249+02
20251019,8744,527.385,2026-10-07 13:41:46.967249+02,2026-10-07 13:41:46.967249+02
20251019,8745,551.661,2026-10-07 13:41:46.967249+02,2026-10-07 13:41:46.967249+02
20251020,8741,712476.267,2026-10-07 13:41:46.967249+02,2026-10-07 13:41:46.967249+02
20251020,8742,26065.326,2026-10-07 13:41:46.967249+02,2026-10-07 13:41:46.967249+02
20251020,8743,11381.936,2026-10-07 13:41:46.967249+02,2026-10-07 13:41:46.967249+02
20251020,8744,565.773,2026-10-07 13:41:46.967249+02,2026-10-07 13:41:46.967249+02
20251020,8745,602.986,2026-10-07 13:41:46.967249+02,2026-10-07 13:41:46.967249+02
20251021,8741,732515.566,2026-10-07 13:41:46.967249+02,2026-10-07 13:41:46.967249+02
20251021,8742,26239.750,2026-10-07 13:41:46.967249+02,2026-10-07 13:41:46.967249+02
20251021,8743,11523.412,2026-10-07 13:41:46.967249+02,2026-10-07 13:41:46.967249+02
20251021,8744,594.812,2026-10-07 13:41:46.967249+02,2026-10-07 13:41:46.967249+02
20251021,8745,601.155,2026-10-07 13:41:46.967249+02,2026-10-07 13:41:46.967249+02
20251022,8741,751615.322,2026-10-07 13:41:46.967249+02,2026-10-07 13:41:46.967249+02
20251022,8742,26121.760,2026-10-07 13:41:46.967249+02,2026-10-07 13:41:46.967249+02
20251022,8743,11841.497,2026-10-07 13:41:46.967249+02,2026-10-07 13:41:46.967249+02
20251022,8744,586.670,2026-10-07 13:41:46.967249+02,2026-10-07 13:41:46.967249+02
20251022,8745,614.181,2026-10-07 13:41:46.967249+02,2026-10-07 13:41:46.967249+02
20251023,8741,744164.348,2026-10-07 13:41:46.967249+02,2026-10-07 13:41:46.967249+02
20251023,8742,26469.241,2026-10-07 13:41:46.967249+02,2026-10-07 13:41:46.967249+02
20251023,8743,12304.162,2026-10-07 13:41:46.967249+02,2026-10-07 13:41:46.967249+02
20251023,8744,594.700,2026-10-07 13:41:46.967249+02,2026-10-07 13:41:46.967249+02
20251023,8745,627.113,2026-10-07 13:41:46.967249+02,2026-10-07 13:41:46.967249+02
20251024,8741,643585.979,2026-10-07 13:41:46.967249+02,2026-10-07 13:41:46.967249+02
20251024,8742,26611.075,2026-10-07 13:41:46.967249+02,2026-10-07 13:41:46.967249+02
20251024,8743,11967.212,2026-10-07 13:41:46.967249+02,2026-10-07 13:41:46.967249+02
20251024,8744,584.122,2026-10-07 13:41:46.967249+02,2026-10-07 13:41:46.967249+02
20251024,8745,627.422,2026-10-07 13:41:46.967249+02,2026-10-07 13:41:46.967249+02
20251025,8741,594946.775,2026-10-07 13:41:46.967249+02,2026-10-07 13:41:46.967249+02
20251025,8742,24818.422,2026-10-07 13:41:46.967249+02,2026-10-07 13:41:46.967249+02
20251025,8743,12205.066,2026-10-07 13:41:46.967249+02,2026-10-07 13:41:46.967249+02
20251025,8744,555.008,2026-10-07 13:41:46.967249+02,2026-10-07 13:41:46.967249+02
20251025,8745,583.653,2026-10-07 13:41:46.967249+02,2026-10-07 13:41:46.967249+02
20251026,8741,615918.876,2026-10-07 13:41:46.967249+02,2026-10-07 13:41:46.967249+02
20251026,8742,24565.787,2026-10-07 13:41:46.967249+02,2026-10-07 13:41:46.967249+02
20251026,8743,10973.453,2026-10-07 13:41:46.967249+02,2026-10-07 13:41:46.967249+02
20251026,8744,560.230,2026-10-07 13:41:46.967249+02,2026-10-07 13:41:46.967249+02
20251026,8745,577.059,2026-10-07 13:41:46.967249+02,2026-10-07 13:41:46.967249+02
20251027,8741,641152.042,2026-10-07 13:41:46.967249+02,2026-10-07 13:41:46.967249+02
20251027,8742,26321.042,2026-10-07 13:41:46.967249+02,2026-10-07 13:41:46.967249+02
20251027,8743,11536.137,2026-10-07 13:41:46.967249+02,2026-10-07 13:41:46.967249+02
20251027,8744,580.294,2026-10-07 13:41:46.967249+02,2026-10-07 13:41:46.967249+02
20251027,8745,614.655,2026-10-07 13:41:46.967249+02,2026-10-07 13:41:46.967249+02
20251028,8741,653670.125,2026-10-07 13:41:46.967249+02,2026-10-07 13:41:46.967249+02
20251028,8742,26615.503,2026-10-07 13:41:46.967249+02,2026-10-07 13:41:46.967249+02
20251028,8743,11733.410,2026-10-07 13:41:46.967249+02,2026-10-07 13:41:46.967249+02
20251028,8744,582.483,2026-10-07 13:41:46.967249+02,2026-10-07 13:41:46.967249+02
20251028,8745,611.809,2026-10-07 13:41:46.967249+02,2026-10-07 13:41:46.967249+02
20251029,8741,699687.936,2026-10-07 13:41:46.967249+02,2026-10-07 13:41:46.967249+02
20251029,8742,26634.479,2026-10-07 13:41:46.967249+02,2026-10-07 13:41:46.967249+02
20251029,8743,12041.704,2026-10-07 13:41:46.967249+02,2026-10-07 13:41:46.967249+02
20251029,8744,578.795,2026-10-07 13:41:46.967249+02,2026-10-07 13:41:46.967249+02
20251029,8745,614.427,2026-10-07 13:41:46.967249+02,2026-10-07 13:41:46.967249+02
20251030,8741,680845.858,2026-10-07 13:41:46.967249+02,2026-10-07 13:41:46.967249+02
20251030,8742,26496.396,2026-10-07 13:41:46.967249+02,2026-10-07 13:41:46.967249+02
20251030,8743,12138.535,2026-10-07 13:41:46.967249+02,2026-10-07 13:41:46.967249+02
20251030,8744,570.589,2026-10-07 13:41:46.967249+02,2026-10-07 13:41:46.967249+02
20251030,8745,610.072,2026-10-07 13:41:46.967249+02,2026-10-07 13:41:46.967249+02
20251031,8741,658584.953,2026-10-07 13:41:46.967249+02,2026-10-07 13:41:46.967249+02
20251031,8742,26073.608,2026-10-07 13:41:46.967249+02,2026-10-07 13:41:46.967249+02
20251031,8743,10206.854,2026-10-07 13:41:46.967249+02,2026-10-07 13:41:46.967249+02
20251031,8744,569.715,2026-10-07 13:41:46.967249+02,2026-10-07 13:41:46.967249+02
20251031,8745,602.891,2026-10-07 13:41:46.967249+02,2026-10-07 13:41:46.967249+02
20251101,8741,608001.345,2026-10-07 13:41:46.967249+02,2026-10-07 13:41:46.967249+02
20251101,8742,24360.394,2026-10-07 13:41:46.967249+02,2026-10-07 13:41:46.967249+02
20251101,8743,9855.104,2026-10-07 13:41:46.967249+02,2026-10-07 13:41:46.967249+02
20251101,8744,518.827,2026-10-07 13:41:46.967249+02,2026-10-07 13:41:46.967249+02
20251101,8745,561.440,2026-10-07 13:41:46.967249+02,2026-10-07 13:41:46.967249+02
20251102,8741,600372.691,2026-10-07 13:41:46.967249+02,2026-10-07 13:41:46.967249+02
20251102,8742,23620.137,2026-10-07 13:41:46.967249+02,2026-10-07 13:41:46.967249+02
20251102,8743,9494.328,2026-10-07 13:41:46.967249+02,2026-10-07 13:41:46.967249+02
20251102,8744,515.408,2026-10-07 13:41:46.967249+02,2026-10-07 13:41:46.967249+02
20251102,8745,544.947,2026-10-07 13:41:46.967249+02,2026-10-07 13:41:46.967249+02
20251103,8741,624838.093,2026-10-07 13:41:46.967249+02,2026-10-07 13:41:46.967249+02
20251103,8742,26175.141,2026-10-07 13:41:46.967249+02,2026-10-07 13:41:46.967249+02
20251103,8743,11365.436,2026-10-07 13:41:46.967249+02,2026-10-07 13:41:46.967249+02
20251103,8744,550.953,2026-10-07 13:41:46.967249+02,2026-10-07 13:41:46.967249+02
20251103,8745,595.062,2026-10-07 13:41:46.967249+02,2026-10-07 13:41:46.967249+02
20251104,8741,658420.667,2026-10-07 13:41:46.967249+02,2026-10-07 13:41:46.967249+02
20251104,8742,26496.405,2026-10-07 13:41:46.967249+02,2026-10-07 13:41:46.967249+02
20251104,8743,11180.764,2026-10-07 13:41:46.967249+02,2026-10-07 13:41:46.967249+02
20251104,8744,570.846,2026-10-07 13:41:46.967249+02,2026-10-07 13:41:46.967249+02
20251104,8745,596.734,2026-10-07 13:41:46.967249+02,2026-10-07 13:41:46.967249+02
20251105,8741,703410.709,2026-10-07 13:41:46.967249+02,2026-10-07 13:41:46.967249+02
20251105,8742,26698.367,2026-10-07 13:41:46.967249+02,2026-10-07 13:41:46.967249+02
20251105,8743,11099.643,2026-10-07 13:41:46.967249+02,2026-10-07 13:41:46.967249+02
20251105,8744,588.185,2026-10-07 13:41:46.967249+02,2026-10-07 13:41:46.967249+02
20251105,8745,599.378,2026-10-07 13:41:46.967249+02,2026-10-07 13:41:46.967249+02
20251106,8741,751471.431,2026-10-07 13:41:46.967249+02,2026-10-07 13:41:46.967249+02
20251106,8742,26633.280,2026-10-07 13:41:46.967249+02,2026-10-07 13:41:46.967249+02
20251106,8743,11222.710,2026-10-07 13:41:46.967249+02,2026-10-07 13:41:46.967249+02
20251106,8744,551.945,2026-10-07 13:41:46.967249+02,2026-10-07 13:41:46.967249+02
20251106,8745,583.297,2026-10-07 13:41:46.967249+02,2026-10-07 13:41:46.967249+02
20251107,8741,692778.303,2026-10-07 13:41:46.967249+02,2026-10-07 13:41:46.967249+02
20251107,8742,25985.660,2026-10-07 13:41:46.967249+02,2026-10-07 13:41:46.967249+02
20251107,8743,10930.752,2026-10-07 13:41:46.967249+02,2026-10-07 13:41:46.967249+02
20251107,8744,544.551,2026-10-07 13:41:46.967249+02,2026-10-07 13:41:46.967249+02
20251107,8745,565.103,2026-10-07 13:41:46.967249+02,2026-10-07 13:41:46.967249+02
20251108,8741,688140.798,2026-10-07 13:41:46.967249+02,2026-10-07 13:41:46.967249+02
20251108,8742,24537.708,2026-10-07 13:41:46.967249+02,2026-10-07 13:41:46.967249+02
20251108,8743,11097.770,2026-10-07 13:41:46.967249+02,2026-10-07 13:41:46.967249+02
20251108,8744,524.665,2026-10-07 13:41:46.967249+02,2026-10-07 13:41:46.967249+02
20251108,8745,537.382,2026-10-07 13:41:46.967249+02,2026-10-07 13:41:46.967249+02
20251109,8741,601695.328,2026-10-07 13:41:46.967249+02,2026-10-07 13:41:46.967249+02
20251109,8742,23606.446,2026-10-07 13:41:46.967249+02,2026-10-07 13:41:46.967249+02
20251109,8743,9932.859,2026-10-07 13:41:46.967249+02,2026-10-07 13:41:46.967249+02
20251109,8744,519.028,2026-10-07 13:41:46.967249+02,2026-10-07 13:41:46.967249+02
20251109,8745,527.206,2026-10-07 13:41:46.967249+02,2026-10-07 13:41:46.967249+02
20251110,8741,660278.898,2026-10-07 13:41:46.967249+02,2026-10-07 13:41:46.967249+02
20251110,8742,25671.565,2026-10-07 13:41:46.967249+02,2026-10-07 13:41:46.967249+02
20251110,8743,11233.419,2026-10-07 13:41:46.967249+02,2026-10-07 13:41:46.967249+02
20251110,8744,555.067,2026-10-07 13:41:46.967249+02,2026-10-07 13:41:46.967249+02
20251110,8745,576.740,2026-10-07 13:41:46.967249+02,2026-10-07 13:41:46.967249+02
20251111,8741,683139.990,2026-10-07 13:41:46.967249+02,2026-10-07 13:41:46.967249+02
20251111,8742,25679.254,2026-10-07 13:41:46.967249+02,2026-10-07 13:41:46.967249+02
20251111,8743,12332.129,2026-10-07 13:41:46.967249+02,2026-10-07 13:41:46.967249+02
20251111,8744,557.534,2026-10-07 13:41:46.967249+02,2026-10-07 13:41:46.967249+02
20251111,8745,568.352,2026-10-07 13:41:46.967249+02,2026-10-07 13:41:46.967249+02
20251112,8741,727063.522,2026-10-07 13:41:46.967249+02,2026-10-07 13:41:46.967249+02
20251112,8742,25777.576,2026-10-07 13:41:46.967249+02,2026-10-07 13:41:46.967249+02
20251112,8743,13050.062,2026-10-07 13:41:46.967249+02,2026-10-07 13:41:46.967249+02
20251112,8744,571.970,2026-10-07 13:41:46.967249+02,2026-10-07 13:41:46.967249+02
20251112,8745,587.328,2026-10-07 13:41:46.967249+02,2026-10-07 13:41:46.967249+02
20251113,8741,719253.688,2026-10-07 13:41:46.967249+02,2026-10-07 13:41:46.967249+02
20251113,8742,25680.407,2026-10-07 13:41:46.967249+02,2026-10-07 13:41:46.967249+02
20251113,8743,13045.132,2026-10-07 13:41:46.967249+02,2026-10-07 13:41:46.967249+02
20251113,8744,576.498,2026-10-07 13:41:46.967249+02,2026-10-07 13:41:46.967249+02
20251113,8745,591.991,2026-10-07 13:41:46.967249+02,2026-10-07 13:41:46.967249+02
20251114,8741,718064.657,2026-10-07 13:41:46.967249+02,2026-10-07 13:41:46.967249+02
20251114,8742,25253.589,2026-10-07 13:41:46.967249+02,2026-10-07 13:41:46.967249+02
20251114,8743,12851.969,2026-10-07 13:41:46.967249+02,2026-10-07 13:41:46.967249+02
20251114,8744,561.147,2026-10-07 13:41:46.967249+02,2026-10-07 13:41:46.967249+02
20251114,8745,582.804,2026-10-07 13:41:46.967249+02,2026-10-07 13:41:46.967249+02
20251115,8741,648612.401,2026-10-07 13:41:46.967249+02,2026-10-07 13:41:46.967249+02
20251115,8742,23951.497,2026-10-07 13:41:46.967249+02,2026-10-07 13:41:46.967249+02
20251115,8743,10255.112,2026-10-07 13:41:46.967249+02,2026-10-07 13:41:46.967249+02
20251115,8744,543.103,2026-10-07 13:41:46.967249+02,2026-10-07 13:41:46.967249+02
20251115,8745,546.857,2026-10-07 13:41:46.967249+02,2026-10-07 13:41:46.967249+02
20251116,8741,602424.772,2026-10-07 13:41:46.967249+02,2026-10-07 13:41:46.967249+02
20251116,8742,23266.893,2026-10-07 13:41:46.967249+02,2026-10-07 13:41:46.967249+02
20251116,8743,9948.149,2026-10-07 13:41:46.967249+02,2026-10-07 13:41:46.967249+02
20251116,8744,522.328,2026-10-07 13:41:46.967249+02,2026-10-07 13:41:46.967249+02
20251116,8745,538.054,2026-10-07 13:41:46.967249+02,2026-10-07 13:41:46.967249+02
20251117,8741,651109.246,2026-10-07 13:41:46.967249+02,2026-10-07 13:41:46.967249+02
20251117,8742,25015.496,2026-10-07 13:41:46.967249+02,2026-10-07 13:41:46.967249+02
20251117,8743,11655.853,2026-10-07 13:41:46.967249+02,2026-10-07 13:41:46.967249+02
20251117,8744,554.963,2026-10-07 13:41:46.967249+02,2026-10-07 13:41:46.967249+02
20251117,8745,579.142,2026-10-07 13:41:46.967249+02,2026-10-07 13:41:46.967249+02
20251118,8741,738255.200,2026-10-07 13:41:46.967249+02,2026-10-07 13:41:46.967249+02
20251118,8742,25198.339,2026-10-07 13:41:46.967249+02,2026-10-07 13:41:46.967249+02
20251118,8743,11694.662,2026-10-07 13:41:46.967249+02,2026-10-07 13:41:46.967249+02
20251118,8744,567.455,2026-10-07 13:41:46.967249+02,2026-10-07 13:41:46.967249+02
20251118,8745,586.529,2026-10-07 13:41:46.967249+02,2026-10-07 13:41:46.967249+02
20251119,8741,717626.056,2026-10-07 13:41:46.967249+02,2026-10-07 13:41:46.967249+02
20251119,8742,25383.488,2026-10-07 13:41:46.967249+02,2026-10-07 13:41:46.967249+02
20251119,8743,11773.511,2026-10-07 13:41:46.967249+02,2026-10-07 13:41:46.967249+02
20251119,8744,566.662,2026-10-07 13:41:46.967249+02,2026-10-07 13:41:46.967249+02
20251119,8745,576.770,2026-10-07 13:41:46.967249+02,2026-10-07 13:41:46.967249+02
20251120,8741,796677.231,2026-10-07 13:41:46.967249+02,2026-10-07 13:41:46.967249+02
20251120,8742,25320.641,2026-10-07 13:41:46.967249+02,2026-10-07 13:41:46.967249+02
20251120,8743,12294.848,2026-10-07 13:41:46.967249+02,2026-10-07 13:41:46.967249+02
20251120,8744,566.579,2026-10-07 13:41:46.967249+02,2026-10-07 13:41:46.967249+02
20251120,8745,578.088,2026-10-07 13:41:46.967249+02,2026-10-07 13:41:46.967249+02
20251121,8741,832969.909,2026-10-07 13:41:46.967249+02,2026-10-07 13:41:46.967249+02
20251121,8742,25644.173,2026-10-07 13:41:46.967249+02,2026-10-07 13:41:46.967249+02
20251121,8743,12693.665,2026-10-07 13:41:46.967249+02,2026-10-07 13:41:46.967249+02
20251121,8744,557.511,2026-10-07 13:41:46.967249+02,2026-10-07 13:41:46.967249+02
20251121,8745,579.458,2026-10-07 13:41:46.967249+02,2026-10-07 13:41:46.967249+02
20251122,8741,782540.533,2026-10-07 13:41:46.967249+02,2026-10-07 13:41:46.967249+02
20251122,8742,24303.486,2026-10-07 13:41:46.967249+02,2026-10-07 13:41:46.967249+02
20251122,8743,11338.094,2026-10-07 13:41:46.967249+02,2026-10-07 13:41:46.967249+02
20251122,8744,535.867,2026-10-07 13:41:46.967249+02,2026-10-07 13:41:46.967249+02
20251122,8745,552.374,2026-10-07 13:41:46.967249+02,2026-10-07 13:41:46.967249+02
20251123,8741,760487.524,2026-10-07 13:41:46.967249+02,2026-10-07 13:41:46.967249+02
20251123,8742,23158.433,2026-10-07 13:41:46.967249+02,2026-10-07 13:41:46.967249+02
20251123,8743,10843.254,2026-10-07 13:41:46.967249+02,2026-10-07 13:41:46.967249+02
20251123,8744,529.731,2026-10-07 13:41:46.967249+02,2026-10-07 13:41:46.967249+02
20251123,8745,546.203,2026-10-07 13:41:46.967249+02,2026-10-07 13:41:46.967249+02
20251124,8741,831208.710,2026-10-07 13:41:46.967249+02,2026-10-07 13:41:46.967249+02
20251124,8742,25332.083,2026-10-07 13:41:46.967249+02,2026-10-07 13:41:46.967249+02
20251124,8743,12226.635,2026-10-07 13:41:46.967249+02,2026-10-07 13:41:46.967249+02
20251124,8744,574.697,2026-10-07 13:41:46.967249+02,2026-10-07 13:41:46.967249+02
20251124,8745,589.257,2026-10-07 13:41:46.967249+02,2026-10-07 13:41:46.967249+02
20251125,8741,849328.622,2026-10-07 13:41:46.967249+02,2026-10-07 13:41:46.967249+02
20251125,8742,25488.037,2026-10-07 13:41:46.967249+02,2026-10-07 13:41:46.967249+02
20251125,8743,10736.749,2026-10-07 13:41:46.967249+02,2026-10-07 13:41:46.967249+02
20251125,8744,588.058,2026-10-07 13:41:46.967249+02,2026-10-07 13:41:46.967249+02
20251125,8745,590.276,2026-10-07 13:41:46.967249+02,2026-10-07 13:41:46.967249+02
20251126,8741,846228.397,2026-10-07 13:41:46.967249+02,2026-10-07 13:41:46.967249+02
20251126,8742,25479.454,2026-10-07 13:41:46.967249+02,2026-10-07 13:41:46.967249+02
20251126,8743,11247.179,2026-10-07 13:41:46.967249+02,2026-10-07 13:41:46.967249+02
20251126,8744,583.778,2026-10-07 13:41:46.967249+02,2026-10-07 13:41:46.967249+02
20251126,8745,589.418,2026-10-07 13:41:46.967249+02,2026-10-07 13:41:46.967249+02
20251127,8741,840126.243,2026-10-07 13:41:46.967249+02,2026-10-07 13:41:46.967249+02
20251127,8742,25570.883,2026-10-07 13:41:46.967249+02,2026-10-07 13:41:46.967249+02
20251127,8743,12108.827,2026-10-07 13:41:46.967249+02,2026-10-07 13:41:46.967249+02
20251127,8744,588.035,2026-10-07 13:41:46.967249+02,2026-10-07 13:41:46.967249+02
20251127,8745,600.487,2026-10-07 13:41:46.967249+02,2026-10-07 13:41:46.967249+02
20251128,8741,754285.003,2026-10-07 13:41:46.967249+02,2026-10-07 13:41:46.967249+02
20251128,8742,25134.383,2026-10-07 13:41:46.967249+02,2026-10-07 13:41:46.967249+02
20251128,8743,12318.272,2026-10-07 13:41:46.967249+02,2026-10-07 13:41:46.967249+02
20251128,8744,576.679,2026-10-07 13:41:46.967249+02,2026-10-07 13:41:46.967249+02
20251128,8745,598.339,2026-10-07 13:41:46.967249+02,2026-10-07 13:41:46.967249+02
20251129,8741,649087.967,2026-10-07 13:41:46.967249+02,2026-10-07 13:41:46.967249+02
20251129,8742,23997.968,2026-10-07 13:41:46.967249+02,2026-10-07 13:41:46.967249+02
20251129,8743,10999.355,2026-10-07 13:41:46.967249+02,2026-10-07 13:41:46.967249+02
20251129,8744,549.232,2026-10-07 13:41:46.967249+02,2026-10-07 13:41:46.967249+02
20251129,8745,577.855,2026-10-07 13:41:46.967249+02,2026-10-07 13:41:46.967249+02
20251130,8741,691247.204,2026-10-07 13:41:46.967249+02,2026-10-07 13:41:46.967249+02
20251130,8742,23294.631,2026-10-07 13:41:46.967249+02,2026-10-07 13:41:46.967249+02
20251130,8743,9748.194,2026-10-07 13:41:46.967249+02,2026-10-07 13:41:46.967249+02
20251130,8744,557.640,2026-10-07 13:41:46.967249+02,2026-10-07 13:41:46.967249+02
20251130,8745,591.286,2026-10-07 13:41:46.967249+02,2026-10-07 13:41:46.967249+02
20251201,8741,737636.742,2026-10-07 13:41:46.967249+02,2026-10-07 13:41:46.967249+02
20251201,8742,25019.038,2026-10-07 13:41:46.967249+02,2026-10-07 13:41:46.967249+02
20251201,8743,11949.634,2026-10-07 13:41:46.967249+02,2026-10-07 13:41:46.967249+02
20251201,8744,589.013,2026-10-07 13:41:46.967249+02,2026-10-07 13:41:46.967249+02
20251201,8745,613.879,2026-10-07 13:41:46.967249+02,2026-10-07 13:41:46.967249+02
20251202,8741,770612.479,2026-10-07 13:41:46.967249+02,2026-10-07 13:41:46.967249+02
20251202,8742,25150.645,2026-10-07 13:41:46.967249+02,2026-10-07 13:41:46.967249+02
20251202,8743,10866.104,2026-10-07 13:41:46.967249+02,2026-10-07 13:41:46.967249+02
20251202,8744,598.476,2026-10-07 13:41:46.967249+02,2026-10-07 13:41:46.967249+02
20251202,8745,621.525,2026-10-07 13:41:46.967249+02,2026-10-07 13:41:46.967249+02
20251203,8741,853294.173,2026-10-07 13:41:46.967249+02,2026-10-07 13:41:46.967249+02
20251203,8742,25412.295,2026-10-07 13:41:46.967249+02,2026-10-07 13:41:46.967249+02
20251203,8743,10821.953,2026-10-07 13:41:46.967249+02,2026-10-07 13:41:46.967249+02
20251203,8744,625.552,2026-10-07 13:41:46.967249+02,2026-10-07 13:41:46.967249+02
20251203,8745,639.867,2026-10-07 13:41:46.967249+02,2026-10-07 13:41:46.967249+02
20251204,8741,875329.090,2026-10-07 13:41:46.967249+02,2026-10-07 13:41:46.967249+02
20251204,8742,25210.969,2026-10-07 13:41:46.967249+02,2026-10-07 13:41:46.967249+02
20251204,8743,10987.543,2026-10-07 13:41:46.967249+02,2026-10-07 13:41:46.967249+02
20251204,8744,623.086,2026-10-07 13:41:46.967249+02,2026-10-07 13:41:46.967249+02
20251204,8745,628.412,2026-10-07 13:41:46.967249+02,2026-10-07 13:41:46.967249+02
20251205,8741,835163.854,2026-10-07 13:41:46.967249+02,2026-10-07 13:41:46.967249+02
20251205,8742,25063.217,2026-10-07 13:41:46.967249+02,2026-10-07 13:41:46.967249+02
20251205,8743,10936.353,2026-10-07 13:41:46.967249+02,2026-10-07 13:41:46.967249+02
20251205,8744,574.348,2026-10-07 13:41:46.967249+02,2026-10-07 13:41:46.967249+02
20251205,8745,608.888,2026-10-07 13:41:46.967249+02,2026-10-07 13:41:46.967249+02
20251206,8741,739055.506,2026-10-07 13:41:46.967249+02,2026-10-07 13:41:46.967249+02
20251206,8742,23876.969,2026-10-07 13:41:46.967249+02,2026-10-07 13:41:46.967249+02
20251206,8743,10411.603,2026-10-07 13:41:46.967249+02,2026-10-07 13:41:46.967249+02
20251206,8744,510.679,2026-10-07 13:41:46.967249+02,2026-10-07 13:41:46.967249+02
20251206,8745,561.106,2026-10-07 13:41:46.967249+02,2026-10-07 13:41:46.967249+02
20251207,8741,665155.497,2026-10-07 13:41:46.967249+02,2026-10-07 13:41:46.967249+02
20251207,8742,22609.115,2026-10-07 13:41:46.967249+02,2026-10-07 13:41:46.967249+02
20251207,8743,9775.783,2026-10-07 13:41:46.967249+02,2026-10-07 13:41:46.967249+02
20251207,8744,515.580,2026-10-07 13:41:46.967249+02,2026-10-07 13:41:46.967249+02
20251207,8745,537.803,2026-10-07 13:41:46.967249+02,2026-10-07 13:41:46.967249+02
20251208,8741,614780.716,2026-10-07 13:41:46.967249+02,2026-10-07 13:41:46.967249+02
20251208,8742,23199.825,2026-10-07 13:41:46.967249+02,2026-10-07 13:41:46.967249+02
20251208,8743,9950.634,2026-10-07 13:41:46.967249+02,2026-10-07 13:41:46.967249+02
20251208,8744,540.105,2026-10-07 13:41:46.967249+02,2026-10-07 13:41:46.967249+02
20251208,8745,559.558,2026-10-07 13:41:46.967249+02,2026-10-07 13:41:46.967249+02
20251209,8741,719860.647,2026-10-07 13:41:46.967249+02,2026-10-07 13:41:46.967249+02
20251209,8742,24765.417,2026-10-07 13:41:46.967249+02,2026-10-07 13:41:46.967249+02
20251209,8743,11305.061,2026-10-07 13:41:46.967249+02,2026-10-07 13:41:46.967249+02
20251209,8744,593.843,2026-10-07 13:41:46.967249+02,2026-10-07 13:41:46.967249+02
20251209,8745,615.165,2026-10-07 13:41:46.967249+02,2026-10-07 13:41:46.967249+02
20251210,8741,706985.944,2026-10-07 13:41:46.967249+02,2026-10-07 13:41:46.967249+02
20251210,8742,25391.439,2026-10-07 13:41:46.967249+02,2026-10-07 13:41:46.967249+02
20251210,8743,11550.829,2026-10-07 13:41:46.967249+02,2026-10-07 13:41:46.967249+02
20251210,8744,618.677,2026-10-07 13:41:46.967249+02,2026-10-07 13:41:46.967249+02
20251210,8745,638.267,2026-10-07 13:41:46.967249+02,2026-10-07 13:41:46.967249+02
20251211,8741,737866.364,2026-10-07 13:41:46.967249+02,2026-10-07 13:41:46.967249+02
20251211,8742,25169.392,2026-10-07 13:41:46.967249+02,2026-10-07 13:41:46.967249+02
20251211,8743,11986.457,2026-10-07 13:41:46.967249+02,2026-10-07 13:41:46.967249+02
20251211,8744,602.762,2026-10-07 13:41:46.967249+02,2026-10-07 13:41:46.967249+02
20251211,8745,630.333,2026-10-07 13:41:46.967249+02,2026-10-07 13:41:46.967249+02
20251212,8741,723461.567,2026-10-07 13:41:46.967249+02,2026-10-07 13:41:46.967249+02
20251212,8742,25297.242,2026-10-07 13:41:46.967249+02,2026-10-07 13:41:46.967249+02
20251212,8743,11400.794,2026-10-07 13:41:46.967249+02,2026-10-07 13:41:46.967249+02
20251212,8744,603.540,2026-10-07 13:41:46.967249+02,2026-10-07 13:41:46.967249+02
20251212,8745,625.921,2026-10-07 13:41:46.967249+02,2026-10-07 13:41:46.967249+02
20251213,8741,643953.614,2026-10-07 13:41:46.967249+02,2026-10-07 13:41:46.967249+02
20251213,8742,24116.841,2026-10-07 13:41:46.967249+02,2026-10-07 13:41:46.967249+02
20251213,8743,10550.150,2026-10-07 13:41:46.967249+02,2026-10-07 13:41:46.967249+02
20251213,8744,580.857,2026-10-07 13:41:46.967249+02,2026-10-07 13:41:46.967249+02
20251213,8745,609.573,2026-10-07 13:41:46.967249+02,2026-10-07 13:41:46.967249+02
20251214,8741,621546.796,2026-10-07 13:41:46.967249+02,2026-10-07 13:41:46.967249+02
20251214,8742,23202.904,2026-10-07 13:41:46.967249+02,2026-10-07 13:41:46.967249+02
20251214,8743,10891.940,2026-10-07 13:41:46.967249+02,2026-10-07 13:41:46.967249+02
20251214,8744,567.023,2026-10-07 13:41:46.967249+02,2026-10-07 13:41:46.967249+02
20251214,8745,596.883,2026-10-07 13:41:46.967249+02,2026-10-07 13:41:46.967249+02
20251215,8741,710948.746,2026-10-07 13:41:46.967249+02,2026-10-07 13:41:46.967249+02
20251215,8742,24767.999,2026-10-07 13:41:46.967249+02,2026-10-07 13:41:46.967249+02
20251215,8743,10989.829,2026-10-07 13:41:46.967249+02,2026-10-07 13:41:46.967249+02
20251215,8744,595.222,2026-10-07 13:41:46.967249+02,2026-10-07 13:41:46.967249+02
20251215,8745,631.561,2026-10-07 13:41:46.967249+02,2026-10-07 13:41:46.967249+02
20251216,8741,697741.875,2026-10-07 13:41:46.967249+02,2026-10-07 13:41:46.967249+02
20251216,8742,25099.232,2026-10-07 13:41:46.967249+02,2026-10-07 13:41:46.967249+02
20251216,8743,12002.913,2026-10-07 13:41:46.967249+02,2026-10-07 13:41:46.967249+02
20251216,8744,630.548,2026-10-07 13:41:46.967249+02,2026-10-07 13:41:46.967249+02
20251216,8745,639.260,2026-10-07 13:41:46.967249+02,2026-10-07 13:41:46.967249+02
20251217,8741,752969.447,2026-10-07 13:41:46.967249+02,2026-10-07 13:41:46.967249+02
20251217,8742,25358.076,2026-10-07 13:41:46.967249+02,2026-10-07 13:41:46.967249+02
20251217,8743,11977.182,2026-10-07 13:41:46.967249+02,2026-10-07 13:41:46.967249+02
20251217,8744,606.636,2026-10-07 13:41:46.967249+02,2026-10-07 13:41:46.967249+02
20251217,8745,643.131,2026-10-07 13:41:46.967249+02,2026-10-07 13:41:46.967249+02
20251218,8741,750370.019,2026-10-07 13:41:46.967249+02,2026-10-07 13:41:46.967249+02
20251218,8742,25293.831,2026-10-07 13:41:46.967249+02,2026-10-07 13:41:46.967249+02
20251218,8743,11356.532,2026-10-07 13:41:46.967249+02,2026-10-07 13:41:46.967249+02
20251218,8744,617.231,2026-10-07 13:41:46.967249+02,2026-10-07 13:41:46.967249+02
20251218,8745,654.137,2026-10-07 13:41:46.967249+02,2026-10-07 13:41:46.967249+02
20251219,8741,689045.601,2026-10-07 13:41:46.967249+02,2026-10-07 13:41:46.967249+02
20251219,8742,25133.909,2026-10-07 13:41:46.967249+02,2026-10-07 13:41:46.967249+02
20251219,8743,11847.087,2026-10-07 13:41:46.967249+02,2026-10-07 13:41:46.967249+02
20251219,8744,596.358,2026-10-07 13:41:46.967249+02,2026-10-07 13:41:46.967249+02
20251219,8745,632.820,2026-10-07 13:41:46.967249+02,2026-10-07 13:41:46.967249+02
20251220,8741,664807.363,2026-10-07 13:41:46.967249+02,2026-10-07 13:41:46.967249+02
20251220,8742,24184.791,2026-10-07 13:41:46.967249+02,2026-10-07 13:41:46.967249+02
20251220,8743,10007.073,2026-10-07 13:41:46.967249+02,2026-10-07 13:41:46.967249+02
20251220,8744,554.009,2026-10-07 13:41:46.967249+02,2026-10-07 13:41:46.967249+02
20251220,8745,611.505,2026-10-07 13:41:46.967249+02,2026-10-07 13:41:46.967249+02
20251221,8741,677587.510,2026-10-07 13:41:46.967249+02,2026-10-07 13:41:46.967249+02
20251221,8742,23369.997,2026-10-07 13:41:46.967249+02,2026-10-07 13:41:46.967249+02
20251221,8743,10011.737,2026-10-07 13:41:46.967249+02,2026-10-07 13:41:46.967249+02
20251221,8744,560.100,2026-10-07 13:41:46.967249+02,2026-10-07 13:41:46.967249+02
20251221,8745,604.615,2026-10-07 13:41:46.967249+02,2026-10-07 13:41:46.967249+02
20251222,8741,798771.751,2026-10-07 13:41:46.967249+02,2026-10-07 13:41:46.967249+02
20251222,8742,25383.775,2026-10-07 13:41:46.967249+02,2026-10-07 13:41:46.967249+02
20251222,8743,10868.562,2026-10-07 13:41:46.967249+02,2026-10-07 13:41:46.967249+02
20251222,8744,617.870,2026-10-07 13:41:46.967249+02,2026-10-07 13:41:46.967249+02
20251222,8745,653.941,2026-10-07 13:41:46.967249+02,2026-10-07 13:41:46.967249+02
20251223,8741,776628.153,2026-10-07 13:41:46.967249+02,2026-10-07 13:41:46.967249+02
20251223,8742,25453.896,2026-10-07 13:41:46.967249+02,2026-10-07 13:41:46.967249+02
20251223,8743,11983.886,2026-10-07 13:41:46.967249+02,2026-10-07 13:41:46.967249+02
20251223,8744,630.376,2026-10-07 13:41:46.967249+02,2026-10-07 13:41:46.967249+02
20251223,8745,650.329,2026-10-07 13:41:46.967249+02,2026-10-07 13:41:46.967249+02
20251224,8741,673181.753,2026-10-07 13:41:46.967249+02,2026-10-07 13:41:46.967249+02
20251224,8742,25229.852,2026-10-07 13:41:46.967249+02,2026-10-07 13:41:46.967249+02
20251224,8743,11873.878,2026-10-07 13:41:46.967249+02,2026-10-07 13:41:46.967249+02
20251224,8744,560.848,2026-10-07 13:41:46.967249+02,2026-10-07 13:41:46.967249+02
20251224,8745,642.837,2026-10-07 13:41:46.967249+02,2026-10-07 13:41:46.967249+02
20251225,8741,628236.607,2026-10-07 13:41:46.967249+02,2026-10-07 13:41:46.967249+02
20251225,8742,22585.913,2026-10-07 13:41:46.967249+02,2026-10-07 13:41:46.967249+02
20251225,8743,10199.859,2026-10-07 13:41:46.967249+02,2026-10-07 13:41:46.967249+02
20251225,8744,545.226,2026-10-07 13:41:46.967249+02,2026-10-07 13:41:46.967249+02
20251225,8745,593.682,2026-10-07 13:41:46.967249+02,2026-10-07 13:41:46.967249+02
20251226,8741,654754.553,2026-10-07 13:41:46.967249+02,2026-10-07 13:41:46.967249+02
20251226,8742,24928.131,2026-10-07 13:41:46.967249+02,2026-10-07 13:41:46.967249+02
20251226,8743,10835.384,2026-10-07 13:41:46.967249+02,2026-10-07 13:41:46.967249+02
20251226,8744,592.822,2026-10-07 13:41:46.967249+02,2026-10-07 13:41:46.967249+02
20251226,8745,634.877,2026-10-07 13:41:46.967249+02,2026-10-07 13:41:46.967249+02
20251227,8741,697482.682,2026-10-07 13:41:46.967249+02,2026-10-07 13:41:46.967249+02
20251227,8742,24179.968,2026-10-07 13:41:46.967249+02,2026-10-07 13:41:46.967249+02
20251227,8743,10913.354,2026-10-07 13:41:46.967249+02,2026-10-07 13:41:46.967249+02
20251227,8744,580.563,2026-10-07 13:41:46.967249+02,2026-10-07 13:41:46.967249+02
20251227,8745,611.440,2026-10-07 13:41:46.967249+02,2026-10-07 13:41:46.967249+02
20251228,8741,662967.812,2026-10-07 13:41:46.967249+02,2026-10-07 13:41:46.967249+02
20251228,8742,23698.457,2026-10-07 13:41:46.967249+02,2026-10-07 13:41:46.967249+02
20251228,8743,12221.117,2026-10-07 13:41:46.967249+02,2026-10-07 13:41:46.967249+02
20251228,8744,563.010,2026-10-07 13:41:46.967249+02,2026-10-07 13:41:46.967249+02
20251228,8745,604.952,2026-10-07 13:41:46.967249+02,2026-10-07 13:41:46.967249+02
20251229,8741,670453.762,2026-10-07 13:41:46.967249+02,2026-10-07 13:41:46.967249+02
20251229,8742,25222.304,2026-10-07 13:41:46.967249+02,2026-10-07 13:41:46.967249+02
20251229,8743,13104.846,2026-10-07 13:41:46.967249+02,2026-10-07 13:41:46.967249+02
20251229,8744,605.535,2026-10-07 13:41:46.967249+02,2026-10-07 13:41:46.967249+02
20251229,8745,646.261,2026-10-07 13:41:46.967249+02,2026-10-07 13:41:46.967249+02
20251230,8741,744801.453,2026-10-07 13:41:46.967249+02,2026-10-07 13:41:46.967249+02
20251230,8742,25385.787,2026-10-07 13:41:46.967249+02,2026-10-07 13:41:46.967249+02
20251230,8743,11529.887,2026-10-07 13:41:46.967249+02,2026-10-07 13:41:46.967249+02
20251230,8744,600.212,2026-10-07 13:41:46.967249+02,2026-10-07 13:41:46.967249+02
20251230,8745,633.649,2026-10-07 13:41:46.967249+02,2026-10-07 13:41:46.967249+02
20251231,8741,664814.063,2026-10-07 13:41:46.967249+02,2026-10-07 13:41:46.967249+02
20251231,8742,25320.304,2026-10-07 13:41:46.967249+02,2026-10-07 13:41:46.967249+02
20251231,8743,11846.307,2026-10-07 13:41:46.967249+02,2026-10-07 13:41:46.967249+02
20251231,8744,570.149,2026-10-07 13:41:46.967249+02,2026-10-07 13:41:46.967249+02
20251231,8745,639.136,2026-10-07 13:41:46.967249+02,2026-10-07 13:41:46.967249+02
20260101,8741,564326.090,2026-10-07 13:41:46.967249+02,2026-10-07 13:41:46.967249+02
20260101,8742,22823.880,2026-10-07 13:41:46.967249+02,2026-10-07 13:41:46.967249+02
20260101,8743,11473.430,2026-10-07 13:41:46.967249+02,2026-10-07 13:41:46.967249+02
20260101,8744,530.880,2026-10-07 13:41:46.967249+02,2026-10-07 13:41:46.967249+02
20260101,8745,566.750,2026-10-07 13:41:46.967249+02,2026-10-07 13:41:46.967249+02
20260102,8741,627380.270,2026-10-07 13:41:46.967249+02,2026-10-07 13:41:46.967249+02
20260102,8742,25199.730,2026-10-07 13:41:46.967249+02,2026-10-07 13:41:46.967249+02
20260102,8743,11707.390,2026-10-07 13:41:46.967249+02,2026-10-07 13:41:46.967249+02
20260102,8744,559.460,2026-10-07 13:41:46.967249+02,2026-10-07 13:41:46.967249+02
20260102,8745,607.550,2026-10-07 13:41:46.967249+02,2026-10-07 13:41:46.967249+02
20260103,8741,632589.610,2026-10-07 13:41:46.967249+02,2026-10-07 13:41:46.967249+02
20260103,8742,24512.180,2026-10-07 13:41:46.967249+02,2026-10-07 13:41:46.967249+02
20260103,8743,11068.740,2026-10-07 13:41:46.967249+02,2026-10-07 13:41:46.967249+02
20260103,8744,557.620,2026-10-07 13:41:46.967249+02,2026-10-07 13:41:46.967249+02
20260103,8745,591.700,2026-10-07 13:41:46.967249+02,2026-10-07 13:41:46.967249+02
20260104,8741,773801.060,2026-10-07 13:41:46.967249+02,2026-10-07 13:41:46.967249+02
20260104,8742,23758.920,2026-10-07 13:41:46.967249+02,2026-10-07 13:41:46.967249+02
20260104,8743,12046.200,2026-10-07 13:41:46.967249+02,2026-10-07 13:41:46.967249+02
20260104,8744,569.160,2026-10-07 13:41:46.967249+02,2026-10-07 13:41:46.967249+02
20260104,8745,591.520,2026-10-07 13:41:46.967249+02,2026-10-07 13:41:46.967249+02
20260105,8741,776295.430,2026-10-07 13:41:46.967249+02,2026-10-07 13:41:46.967249+02
20260105,8742,24823.080,2026-10-07 13:41:46.967249+02,2026-10-07 13:41:46.967249+02
20260105,8743,12835.080,2026-10-07 13:41:46.967249+02,2026-10-07 13:41:46.967249+02
20260105,8744,563.600,2026-10-07 13:41:46.967249+02,2026-10-07 13:41:46.967249+02
20260105,8745,628.620,2026-10-07 13:41:46.967249+02,2026-10-07 13:41:46.967249+02
20260106,8741,797613.310,2026-10-07 13:41:46.967249+02,2026-10-07 13:41:46.967249+02
20260106,8742,22760.320,2026-10-07 13:41:46.967249+02,2026-10-07 13:41:46.967249+02
20260106,8743,11682.380,2026-10-07 13:41:46.967249+02,2026-10-07 13:41:46.967249+02
20260106,8744,585.690,2026-10-07 13:41:46.967249+02,2026-10-07 13:41:46.967249+02
20260106,8745,592.030,2026-10-07 13:41:46.967249+02,2026-10-07 13:41:46.967249+02
20260107,8741,874919.020,2026-10-07 13:41:46.967249+02,2026-10-07 13:41:46.967249+02
20260107,8742,25549.500,2026-10-07 13:41:46.967249+02,2026-10-07 13:41:46.967249+02
20260107,8743,13806.060,2026-10-07 13:41:46.967249+02,2026-10-07 13:41:46.967249+02
20260107,8744,658.880,2026-10-07 13:41:46.967249+02,2026-10-07 13:41:46.967249+02
20260107,8745,669.060,2026-10-07 13:41:46.967249+02,2026-10-07 13:41:46.967249+02
20260108,8741,914336.620,2026-10-07 13:41:46.967249+02,2026-10-07 13:41:46.967249+02
20260108,8742,25709.870,2026-10-07 13:41:46.967249+02,2026-10-07 13:41:46.967249+02
20260108,8743,11925.040,2026-10-07 13:41:46.967249+02,2026-10-07 13:41:46.967249+02
20260108,8744,626.040,2026-10-07 13:41:46.967249+02,2026-10-07 13:41:46.967249+02
20260108,8745,656.780,2026-10-07 13:41:46.967249+02,2026-10-07 13:41:46.967249+02
20260109,8741,924160.580,2026-10-07 13:41:46.967249+02,2026-10-07 13:41:46.967249+02
20260109,8742,25551.920,2026-10-07 13:41:46.967249+02,2026-10-07 13:41:46.967249+02
20260109,8743,11989.860,2026-10-07 13:41:46.967249+02,2026-10-07 13:41:46.967249+02
20260109,8744,631.510,2026-10-07 13:41:46.967249+02,2026-10-07 13:41:46.967249+02
20260109,8745,661.100,2026-10-07 13:41:46.967249+02,2026-10-07 13:41:46.967249+02
20260110,8741,815720.280,2026-10-07 13:41:46.967249+02,2026-10-07 13:41:46.967249+02
20260110,8742,24629.010,2026-10-07 13:41:46.967249+02,2026-10-07 13:41:46.967249+02
20260110,8743,11102.500,2026-10-07 13:41:46.967249+02,2026-10-07 13:41:46.967249+02
20260110,8744,578.390,2026-10-07 13:41:46.967249+02,2026-10-07 13:41:46.967249+02
20260110,8745,620.730,2026-10-07 13:41:46.967249+02,2026-10-07 13:41:46.967249+02
20260111,8741,750432.220,2026-10-07 13:41:46.967249+02,2026-10-07 13:41:46.967249+02
20260111,8742,23445.440,2026-10-07 13:41:46.967249+02,2026-10-07 13:41:46.967249+02
20260111,8743,10350.540,2026-10-07 13:41:46.967249+02,2026-10-07 13:41:46.967249+02
20260111,8744,566.330,2026-10-07 13:41:46.967249+02,2026-10-07 13:41:46.967249+02
20260111,8745,613.490,2026-10-07 13:41:46.967249+02,2026-10-07 13:41:46.967249+02
20260112,8741,785529.000,2026-10-07 13:41:46.967249+02,2026-10-07 13:41:46.967249+02
20260112,8742,25236.110,2026-10-07 13:41:46.967249+02,2026-10-07 13:41:46.967249+02
20260112,8743,11886.440,2026-10-07 13:41:46.967249+02,2026-10-07 13:41:46.967249+02
20260112,8744,620.390,2026-10-07 13:41:46.967249+02,2026-10-07 13:41:46.967249+02
20260112,8745,649.720,2026-10-07 13:41:46.967249+02,2026-10-07 13:41:46.967249+02
20260113,8741,818588.180,2026-10-07 13:41:46.967249+02,2026-10-07 13:41:46.967249+02
20260113,8742,25764.160,2026-10-07 13:41:46.967249+02,2026-10-07 13:41:46.967249+02
20260113,8743,11302.730,2026-10-07 13:41:46.967249+02,2026-10-07 13:41:46.967249+02
20260113,8744,636.920,2026-10-07 13:41:46.967249+02,2026-10-07 13:41:46.967249+02
20260113,8745,656.520,2026-10-07 13:41:46.967249+02,2026-10-07 13:41:46.967249+02
20260114,8741,756816.990,2026-10-07 13:41:46.967249+02,2026-10-07 13:41:46.967249+02
20260114,8742,25771.860,2026-10-07 13:41:46.967249+02,2026-10-07 13:41:46.967249+02
20260114,8743,11574.060,2026-10-07 13:41:46.967249+02,2026-10-07 13:41:46.967249+02
20260114,8744,637.510,2026-10-07 13:41:46.967249+02,2026-10-07 13:41:46.967249+02
20260114,8745,656.640,2026-10-07 13:41:46.967249+02,2026-10-07 13:41:46.967249+02
20260115,8741,776198.010,2026-10-07 13:41:46.967249+02,2026-10-07 13:41:46.967249+02
20260115,8742,25778.570,2026-10-07 13:41:46.967249+02,2026-10-07 13:41:46.967249+02
20260115,8743,11748.660,2026-10-07 13:41:46.967249+02,2026-10-07 13:41:46.967249+02
20260115,8744,626.110,2026-10-07 13:41:46.967249+02,2026-10-07 13:41:46.967249+02
20260115,8745,648.750,2026-10-07 13:41:46.967249+02,2026-10-07 13:41:46.967249+02
20260116,8741,768692.250,2026-10-07 13:41:46.967249+02,2026-10-07 13:41:46.967249+02
20260116,8742,25561.990,2026-10-07 13:41:46.967249+02,2026-10-07 13:41:46.967249+02
20260116,8743,11355.050,2026-10-07 13:41:46.967249+02,2026-10-07 13:41:46.967249+02
20260116,8744,630.470,2026-10-07 13:41:46.967249+02,2026-10-07 13:41:46.967249+02
20260116,8745,634.880,2026-10-07 13:41:46.967249+02,2026-10-07 13:41:46.967249+02
20260117,8741,676159.280,2026-10-07 13:41:46.967249+02,2026-10-07 13:41:46.967249+02
20260117,8742,24535.820,2026-10-07 13:41:46.967249+02,2026-10-07 13:41:46.967249+02
20260117,8743,10884.120,2026-10-07 13:41:46.967249+02,2026-10-07 13:41:46.967249+02
20260117,8744,604.630,2026-10-07 13:41:46.967249+02,2026-10-07 13:41:46.967249+02
20260117,8745,636.620,2026-10-07 13:41:46.967249+02,2026-10-07 13:41:46.967249+02
20260118,8741,649787.420,2026-10-07 13:41:46.967249+02,2026-10-07 13:41:46.967249+02
20260118,8742,23958.650,2026-10-07 13:41:46.967249+02,2026-10-07 13:41:46.967249+02
20260118,8743,11416.350,2026-10-07 13:41:46.967249+02,2026-10-07 13:41:46.967249+02
20260118,8744,627.480,2026-10-07 13:41:46.967249+02,2026-10-07 13:41:46.967249+02
20260118,8745,620.150,2026-10-07 13:41:46.967249+02,2026-10-07 13:41:46.967249+02
20260119,8741,813179.290,2026-10-07 13:41:46.967249+02,2026-10-07 13:41:46.967249+02
20260119,8742,25502.810,2026-10-07 13:41:46.967249+02,2026-10-07 13:41:46.967249+02
20260119,8743,12272.900,2026-10-07 13:41:46.967249+02,2026-10-07 13:41:46.967249+02
20260119,8744,678.350,2026-10-07 13:41:46.967249+02,2026-10-07 13:41:46.967249+02
20260119,8745,680.990,2026-10-07 13:41:46.967249+02,2026-10-07 13:41:46.967249+02
20260120,8741,878949.540,2026-10-07 13:41:46.967249+02,2026-10-07 13:41:46.967249+02
20260120,8742,25374.910,2026-10-07 13:41:46.967249+02,2026-10-07 13:41:46.967249+02
20260120,8743,12006.690,2026-10-07 13:41:46.967249+02,2026-10-07 13:41:46.967249+02
20260120,8744,681.700,2026-10-07 13:41:46.967249+02,2026-10-07 13:41:46.967249+02
20260120,8745,683.210,2026-10-07 13:41:46.967249+02,2026-10-07 13:41:46.967249+02
20260121,8741,841328.510,2026-10-07 13:41:46.967249+02,2026-10-07 13:41:46.967249+02
20260121,8742,25615.190,2026-10-07 13:41:46.967249+02,2026-10-07 13:41:46.967249+02
20260121,8743,11649.980,2026-10-07 13:41:46.967249+02,2026-10-07 13:41:46.967249+02
20260121,8744,681.960,2026-10-07 13:41:46.967249+02,2026-10-07 13:41:46.967249+02
20260121,8745,663.800,2026-10-07 13:41:46.967249+02,2026-10-07 13:41:46.967249+02
20260122,8741,877284.090,2026-10-07 13:41:46.967249+02,2026-10-07 13:41:46.967249+02
20260122,8742,25764.300,2026-10-07 13:41:46.967249+02,2026-10-07 13:41:46.967249+02
20260122,8743,11863.660,2026-10-07 13:41:46.967249+02,2026-10-07 13:41:46.967249+02
20260122,8744,654.830,2026-10-07 13:41:46.967249+02,2026-10-07 13:41:46.967249+02
20260122,8745,656.810,2026-10-07 13:41:46.967249+02,2026-10-07 13:41:46.967249+02
20260123,8741,850021.350,2026-10-07 13:41:46.967249+02,2026-10-07 13:41:46.967249+02
20260123,8742,25375.460,2026-10-07 13:41:46.967249+02,2026-10-07 13:41:46.967249+02
20260123,8743,12065.290,2026-10-07 13:41:46.967249+02,2026-10-07 13:41:46.967249+02
20260123,8744,638.920,2026-10-07 13:41:46.967249+02,2026-10-07 13:41:46.967249+02
20260123,8745,641.530,2026-10-07 13:41:46.967249+02,2026-10-07 13:41:46.967249+02
20260124,8741,816430.950,2026-10-07 13:41:46.967249+02,2026-10-07 13:41:46.967249+02
20260124,8742,24032.110,2026-10-07 13:41:46.967249+02,2026-10-07 13:41:46.967249+02
20260124,8743,12135.980,2026-10-07 13:41:46.967249+02,2026-10-07 13:41:46.967249+02
20260124,8744,624.410,2026-10-07 13:41:46.967249+02,2026-10-07 13:41:46.967249+02
20260124,8745,642.240,2026-10-07 13:41:46.967249+02,2026-10-07 13:41:46.967249+02
20260125,8741,786579.950,2026-10-07 13:41:46.967249+02,2026-10-07 13:41:46.967249+02
20260125,8742,23011.470,2026-10-07 13:41:46.967249+02,2026-10-07 13:41:46.967249+02
20260125,8743,11834.380,2026-10-07 13:41:46.967249+02,2026-10-07 13:41:46.967249+02
20260125,8744,629.530,2026-10-07 13:41:46.967249+02,2026-10-07 13:41:46.967249+02
20260125,8745,613.010,2026-10-07 13:41:46.967249+02,2026-10-07 13:41:46.967249+02
20260126,8741,807370.350,2026-10-07 13:41:46.967249+02,2026-10-07 13:41:46.967249+02
20260126,8742,25007.630,2026-10-07 13:41:46.967249+02,2026-10-07 13:41:46.967249+02
20260126,8743,11789.350,2026-10-07 13:41:46.967249+02,2026-10-07 13:41:46.967249+02
20260126,8744,651.830,2026-10-07 13:41:46.967249+02,2026-10-07 13:41:46.967249+02
20260126,8745,648.210,2026-10-07 13:41:46.967249+02,2026-10-07 13:41:46.967249+02
20260127,8741,826689.960,2026-10-07 13:41:46.967249+02,2026-10-07 13:41:46.967249+02
20260127,8742,25059.320,2026-10-07 13:41:46.967249+02,2026-10-07 13:41:46.967249+02
20260127,8743,11048.060,2026-10-07 13:41:46.967249+02,2026-10-07 13:41:46.967249+02
20260127,8744,676.880,2026-10-07 13:41:46.967249+02,2026-10-07 13:41:46.967249+02
20260127,8745,637.400,2026-10-07 13:41:46.967249+02,2026-10-07 13:41:46.967249+02
20260128,8741,821517.060,2026-10-07 13:41:46.967249+02,2026-10-07 13:41:46.967249+02
20260128,8742,25619.720,2026-10-07 13:41:46.967249+02,2026-10-07 13:41:46.967249+02
20260128,8743,12200.850,2026-10-07 13:41:46.967249+02,2026-10-07 13:41:46.967249+02
20260128,8744,680.080,2026-10-07 13:41:46.967249+02,2026-10-07 13:41:46.967249+02
20260128,8745,634.580,2026-10-07 13:41:46.967249+02,2026-10-07 13:41:46.967249+02
20260129,8741,815196.720,2026-10-07 13:41:46.967249+02,2026-10-07 13:41:46.967249+02
20260129,8742,25373.370,2026-10-07 13:41:46.967249+02,2026-10-07 13:41:46.967249+02
20260129,8743,11358.720,2026-10-07 13:41:46.967249+02,2026-10-07 13:41:46.967249+02
20260129,8744,629.640,2026-10-07 13:41:46.967249+02,2026-10-07 13:41:46.967249+02
20260129,8745,617.100,2026-10-07 13:41:46.967249+02,2026-10-07 13:41:46.967249+02
20260130,8741,810325.960,2026-10-07 13:41:46.967249+02,2026-10-07 13:41:46.967249+02
20260130,8742,25239.030,2026-10-07 13:41:46.967249+02,2026-10-07 13:41:46.967249+02
20260130,8743,10748.490,2026-10-07 13:41:46.967249+02,2026-10-07 13:41:46.967249+02
20260130,8744,591.660,2026-10-07 13:41:46.967249+02,2026-10-07 13:41:46.967249+02
20260130,8745,613.080,2026-10-07 13:41:46.967249+02,2026-10-07 13:41:46.967249+02
20260131,8741,727696.050,2026-10-07 13:41:46.967249+02,2026-10-07 13:41:46.967249+02
20260131,8742,23715.080,2026-10-07 13:41:46.967249+02,2026-10-07 13:41:46.967249+02
20260131,8743,11449.060,2026-10-07 13:41:46.967249+02,2026-10-07 13:41:46.967249+02
20260131,8744,543.540,2026-10-07 13:41:46.967249+02,2026-10-07 13:41:46.967249+02
20260131,8745,583.920,2026-10-07 13:41:46.967249+02,2026-10-07 13:41:46.967249+02
20260201,8741,652522.720,2026-10-07 13:41:46.967249+02,2026-10-07 13:41:46.967249+02
20260201,8742,22438.220,2026-10-07 13:41:46.967249+02,2026-10-07 13:41:46.967249+02
20260201,8743,10670.960,2026-10-07 13:41:46.967249+02,2026-10-07 13:41:46.967249+02
20260201,8744,551.520,2026-10-07 13:41:46.967249+02,2026-10-07 13:41:46.967249+02
20260201,8745,568.180,2026-10-07 13:41:46.967249+02,2026-10-07 13:41:46.967249+02
20260202,8741,806769.590,2026-10-07 13:41:46.967249+02,2026-10-07 13:41:46.967249+02
20260202,8742,24260.950,2026-10-07 13:41:46.967249+02,2026-10-07 13:41:46.967249+02
20260202,8743,11373.950,2026-10-07 13:41:46.967249+02,2026-10-07 13:41:46.967249+02
20260202,8744,625.970,2026-10-07 13:41:46.967249+02,2026-10-07 13:41:46.967249+02
20260202,8745,634.660,2026-10-07 13:41:46.967249+02,2026-10-07 13:41:46.967249+02
20260203,8741,803184.750,2026-10-07 13:41:46.967249+02,2026-10-07 13:41:46.967249+02
20260203,8742,24950.500,2026-10-07 13:41:46.967249+02,2026-10-07 13:41:46.967249+02
20260203,8743,10910.960,2026-10-07 13:41:46.967249+02,2026-10-07 13:41:46.967249+02
20260203,8744,634.310,2026-10-07 13:41:46.967249+02,2026-10-07 13:41:46.967249+02
20260203,8745,649.690,2026-10-07 13:41:46.967249+02,2026-10-07 13:41:46.967249+02
20260204,8741,843259.350,2026-10-07 13:41:46.967249+02,2026-10-07 13:41:46.967249+02
20260204,8742,24834.310,2026-10-07 13:41:46.967249+02,2026-10-07 13:41:46.967249+02
20260204,8743,11743.280,2026-10-07 13:41:46.967249+02,2026-10-07 13:41:46.967249+02
20260204,8744,604.960,2026-10-07 13:41:46.967249+02,2026-10-07 13:41:46.967249+02
20260204,8745,625.900,2026-10-07 13:41:46.967249+02,2026-10-07 13:41:46.967249+02
20260205,8741,830622.520,2026-10-07 13:41:46.967249+02,2026-10-07 13:41:46.967249+02
20260205,8742,25050.930,2026-10-07 13:41:46.967249+02,2026-10-07 13:41:46.967249+02
20260205,8743,11101.300,2026-10-07 13:41:46.967249+02,2026-10-07 13:41:46.967249+02
20260205,8744,603.920,2026-10-07 13:41:46.967249+02,2026-10-07 13:41:46.967249+02
20260205,8745,610.530,2026-10-07 13:41:46.967249+02,2026-10-07 13:41:46.967249+02
20260206,8741,807131.500,2026-10-07 13:41:46.967249+02,2026-10-07 13:41:46.967249+02
20260206,8742,24910.140,2026-10-07 13:41:46.967249+02,2026-10-07 13:41:46.967249+02
20260206,8743,10370.400,2026-10-07 13:41:46.967249+02,2026-10-07 13:41:46.967249+02
20260206,8744,577.200,2026-10-07 13:41:46.967249+02,2026-10-07 13:41:46.967249+02
20260206,8745,603.870,2026-10-07 13:41:46.967249+02,2026-10-07 13:41:46.967249+02
20260207,8741,735086.880,2026-10-07 13:41:46.967249+02,2026-10-07 13:41:46.967249+02
20260207,8742,23629.790,2026-10-07 13:41:46.967249+02,2026-10-07 13:41:46.967249+02
20260207,8743,10217.410,2026-10-07 13:41:46.967249+02,2026-10-07 13:41:46.967249+02
20260207,8744,542.150,2026-10-07 13:41:46.967249+02,2026-10-07 13:41:46.967249+02
20260207,8745,578.330,2026-10-07 13:41:46.967249+02,2026-10-07 13:41:46.967249+02
20260208,8741,696224.350,2026-10-07 13:41:46.967249+02,2026-10-07 13:41:46.967249+02
20260208,8742,22810.930,2026-10-07 13:41:46.967249+02,2026-10-07 13:41:46.967249+02
20260208,8743,10589.550,2026-10-07 13:41:46.967249+02,2026-10-07 13:41:46.967249+02
20260208,8744,544.300,2026-10-07 13:41:46.967249+02,2026-10-07 13:41:46.967249+02
20260208,8745,596.170,2026-10-07 13:41:46.967249+02,2026-10-07 13:41:46.967249+02
20260209,8741,784436.340,2026-10-07 13:41:46.967249+02,2026-10-07 13:41:46.967249+02
20260209,8742,24595.350,2026-10-07 13:41:46.967249+02,2026-10-07 13:41:46.967249+02
20260209,8743,11043.060,2026-10-07 13:41:46.967249+02,2026-10-07 13:41:46.967249+02
20260209,8744,640.430,2026-10-07 13:41:46.967249+02,2026-10-07 13:41:46.967249+02
20260209,8745,613.790,2026-10-07 13:41:46.967249+02,2026-10-07 13:41:46.967249+02
20260210,8741,806380.990,2026-10-07 13:41:46.967249+02,2026-10-07 13:41:46.967249+02
20260210,8742,24928.820,2026-10-07 13:41:46.967249+02,2026-10-07 13:41:46.967249+02
20260210,8743,10570.010,2026-10-07 13:41:46.967249+02,2026-10-07 13:41:46.967249+02
20260210,8744,601.300,2026-10-07 13:41:46.967249+02,2026-10-07 13:41:46.967249+02
20260210,8745,602.380,2026-10-07 13:41:46.967249+02,2026-10-07 13:41:46.967249+02
20260211,8741,769577.340,2026-10-07 13:41:46.967249+02,2026-10-07 13:41:46.967249+02
20260211,8742,24885.250,2026-10-07 13:41:46.967249+02,2026-10-07 13:41:46.967249+02
20260211,8743,10054.160,2026-10-07 13:41:46.967249+02,2026-10-07 13:41:46.967249+02
20260211,8744,535.410,2026-10-07 13:41:46.967249+02,2026-10-07 13:41:46.967249+02
20260211,8745,594.850,2026-10-07 13:41:46.967249+02,2026-10-07 13:41:46.967249+02
20260212,8741,767067.530,2026-10-07 13:41:46.967249+02,2026-10-07 13:41:46.967249+02
20260212,8742,24875.300,2026-10-07 13:41:46.967249+02,2026-10-07 13:41:46.967249+02
20260212,8743,10094.200,2026-10-07 13:41:46.967249+02,2026-10-07 13:41:46.967249+02
20260212,8744,530.980,2026-10-07 13:41:46.967249+02,2026-10-07 13:41:46.967249+02
20260212,8745,594.870,2026-10-07 13:41:46.967249+02,2026-10-07 13:41:46.967249+02
20260213,8741,776810.950,2026-10-07 13:41:46.967249+02,2026-10-07 13:41:46.967249+02
20260213,8742,24982.220,2026-10-07 13:41:46.967249+02,2026-10-07 13:41:46.967249+02
20260213,8743,10440.060,2026-10-07 13:41:46.967249+02,2026-10-07 13:41:46.967249+02
20260213,8744,540.790,2026-10-07 13:41:46.967249+02,2026-10-07 13:41:46.967249+02
20260213,8745,593.800,2026-10-07 13:41:46.967249+02,2026-10-07 13:41:46.967249+02
20260214,8741,718959.880,2026-10-07 13:41:46.967249+02,2026-10-07 13:41:46.967249+02
20260214,8742,23688.530,2026-10-07 13:41:46.967249+02,2026-10-07 13:41:46.967249+02
20260214,8743,10664.810,2026-10-07 13:41:46.967249+02,2026-10-07 13:41:46.967249+02
20260214,8744,501.790,2026-10-07 13:41:46.967249+02,2026-10-07 13:41:46.967249+02
20260214,8745,595.940,2026-10-07 13:41:46.967249+02,2026-10-07 13:41:46.967249+02
20260215,8741,699102.830,2026-10-07 13:41:46.967249+02,2026-10-07 13:41:46.967249+02
20260215,8742,22393.610,2026-10-07 13:41:46.967249+02,2026-10-07 13:41:46.967249+02
20260215,8743,10081.310,2026-10-07 13:41:46.967249+02,2026-10-07 13:41:46.967249+02
20260215,8744,494.840,2026-10-07 13:41:46.967249+02,2026-10-07 13:41:46.967249+02
20260215,8745,574.950,2026-10-07 13:41:46.967249+02,2026-10-07 13:41:46.967249+02
20260216,8741,790148.330,2026-10-07 13:41:46.967249+02,2026-10-07 13:41:46.967249+02
20260216,8742,24188.360,2026-10-07 13:41:46.967249+02,2026-10-07 13:41:46.967249+02
20260216,8743,10334.400,2026-10-07 13:41:46.967249+02,2026-10-07 13:41:46.967249+02
20260216,8744,544.310,2026-10-07 13:41:46.967249+02,2026-10-07 13:41:46.967249+02
20260216,8745,615.790,2026-10-07 13:41:46.967249+02,2026-10-07 13:41:46.967249+02
20260217,8741,781718.800,2026-10-07 13:41:46.967249+02,2026-10-07 13:41:46.967249+02
20260217,8742,22973.380,2026-10-07 13:41:46.967249+02,2026-10-07 13:41:46.967249+02
20260217,8743,10240.660,2026-10-07 13:41:46.967249+02,2026-10-07 13:41:46.967249+02
20260217,8744,531.270,2026-10-07 13:41:46.967249+02,2026-10-07 13:41:46.967249+02
20260217,8745,600.040,2026-10-07 13:41:46.967249+02,2026-10-07 13:41:46.967249+02
20260218,8741,793289.280,2026-10-07 13:41:46.967249+02,2026-10-07 13:41:46.967249+02
20260218,8742,24404.860,2026-10-07 13:41:46.967249+02,2026-10-07 13:41:46.967249+02
20260218,8743,10548.130,2026-10-07 13:41:46.967249+02,2026-10-07 13:41:46.967249+02
20260218,8744,533.170,2026-10-07 13:41:46.967249+02,2026-10-07 13:41:46.967249+02
20260218,8745,607.190,2026-10-07 13:41:46.967249+02,2026-10-07 13:41:46.967249+02
20260219,8741,797505.510,2026-10-07 13:41:46.967249+02,2026-10-07 13:41:46.967249+02
20260219,8742,24616.310,2026-10-07 13:41:46.967249+02,2026-10-07 13:41:46.967249+02
20260219,8743,10516.330,2026-10-07 13:41:46.967249+02,2026-10-07 13:41:46.967249+02
20260219,8744,556.360,2026-10-07 13:41:46.967249+02,2026-10-07 13:41:46.967249+02
20260219,8745,609.920,2026-10-07 13:41:46.967249+02,2026-10-07 13:41:46.967249+02
20260220,8741,779132.210,2026-10-07 13:41:46.967249+02,2026-10-07 13:41:46.967249+02
20260220,8742,24605.530,2026-10-07 13:41:46.967249+02,2026-10-07 13:41:46.967249+02
20260220,8743,10904.340,2026-10-07 13:41:46.967249+02,2026-10-07 13:41:46.967249+02
20260220,8744,530.340,2026-10-07 13:41:46.967249+02,2026-10-07 13:41:46.967249+02
20260220,8745,594.160,2026-10-07 13:41:46.967249+02,2026-10-07 13:41:46.967249+02
20260221,8741,642324.720,2026-10-07 13:41:46.967249+02,2026-10-07 13:41:46.967249+02
20260221,8742,23412.540,2026-10-07 13:41:46.967249+02,2026-10-07 13:41:46.967249+02
20260221,8743,10158.240,2026-10-07 13:41:46.967249+02,2026-10-07 13:41:46.967249+02
20260221,8744,488.500,2026-10-07 13:41:46.967249+02,2026-10-07 13:41:46.967249+02
20260221,8745,572.800,2026-10-07 13:41:46.967249+02,2026-10-07 13:41:46.967249+02
20260222,8741,594399.270,2026-10-07 13:41:46.967249+02,2026-10-07 13:41:46.967249+02
20260222,8742,22460.410,2026-10-07 13:41:46.967249+02,2026-10-07 13:41:46.967249+02
20260222,8743,9729.530,2026-10-07 13:41:46.967249+02,2026-10-07 13:41:46.967249+02
20260222,8744,477.580,2026-10-07 13:41:46.967249+02,2026-10-07 13:41:46.967249+02
20260222,8745,564.660,2026-10-07 13:41:46.967249+02,2026-10-07 13:41:46.967249+02
20260223,8741,664820.390,2026-10-07 13:41:46.967249+02,2026-10-07 13:41:46.967249+02
20260223,8742,24747.790,2026-10-07 13:41:46.967249+02,2026-10-07 13:41:46.967249+02
20260223,8743,10962.080,2026-10-07 13:41:46.967249+02,2026-10-07 13:41:46.967249+02
20260223,8744,521.710,2026-10-07 13:41:46.967249+02,2026-10-07 13:41:46.967249+02
20260223,8745,612.810,2026-10-07 13:41:46.967249+02,2026-10-07 13:41:46.967249+02
20260224,8741,692340.610,2026-10-07 13:41:46.967249+02,2026-10-07 13:41:46.967249+02
20260224,8742,24742.930,2026-10-07 13:41:46.967249+02,2026-10-07 13:41:46.967249+02
20260224,8743,11095.210,2026-10-07 13:41:46.967249+02,2026-10-07 13:41:46.967249+02
20260224,8744,538.770,2026-10-07 13:41:46.967249+02,2026-10-07 13:41:46.967249+02
20260224,8745,618.310,2026-10-07 13:41:46.967249+02,2026-10-07 13:41:46.967249+02
20260225,8741,688819.930,2026-10-07 13:41:46.967249+02,2026-10-07 13:41:46.967249+02
20260225,8742,24897.290,2026-10-07 13:41:46.967249+02,2026-10-07 13:41:46.967249+02
20260225,8743,10832.220,2026-10-07 13:41:46.967249+02,2026-10-07 13:41:46.967249+02
20260225,8744,556.130,2026-10-07 13:41:46.967249+02,2026-10-07 13:41:46.967249+02
20260225,8745,622.440,2026-10-07 13:41:46.967249+02,2026-10-07 13:41:46.967249+02
20260226,8741,661322.190,2026-10-07 13:41:46.967249+02,2026-10-07 13:41:46.967249+02
20260226,8742,25124.210,2026-10-07 13:41:46.967249+02,2026-10-07 13:41:46.967249+02
20260226,8743,10725.490,2026-10-07 13:41:46.967249+02,2026-10-07 13:41:46.967249+02
20260226,8744,541.210,2026-10-07 13:41:46.967249+02,2026-10-07 13:41:46.967249+02
20260226,8745,615.250,2026-10-07 13:41:46.967249+02,2026-10-07 13:41:46.967249+02
20260227,8741,694405.650,2026-10-07 13:41:46.967249+02,2026-10-07 13:41:46.967249+02
20260227,8742,25068.650,2026-10-07 13:41:46.967249+02,2026-10-07 13:41:46.967249+02
20260227,8743,11045.450,2026-10-07 13:41:46.967249+02,2026-10-07 13:41:46.967249+02
20260227,8744,519.850,2026-10-07 13:41:46.967249+02,2026-10-07 13:41:46.967249+02
20260227,8745,604.800,2026-10-07 13:41:46.967249+02,2026-10-07 13:41:46.967249+02
20260228,8741,657591.170,2026-10-07 13:41:46.967249+02,2026-10-07 13:41:46.967249+02
20260228,8742,23975.630,2026-10-07 13:41:46.967249+02,2026-10-07 13:41:46.967249+02
20260228,8743,10963.150,2026-10-07 13:41:46.967249+02,2026-10-07 13:41:46.967249+02
20260228,8744,486.280,2026-10-07 13:41:46.967249+02,2026-10-07 13:41:46.967249+02
20260228,8745,586.990,2026-10-07 13:41:46.967249+02,2026-10-07 13:41:46.967249+02
20260301,8741,641183.150,2026-10-07 13:41:46.967249+02,2026-10-07 13:41:46.967249+02
20260301,8742,22947.640,2026-10-07 13:41:46.967249+02,2026-10-07 13:41:46.967249+02
20260301,8743,10238.020,2026-10-07 13:41:46.967249+02,2026-10-07 13:41:46.967249+02
20260301,8744,489.850,2026-10-07 13:41:46.967249+02,2026-10-07 13:41:46.967249+02
20260301,8745,581.480,2026-10-07 13:41:46.967249+02,2026-10-07 13:41:46.967249+02
20260302,8741,765582.410,2026-10-07 13:41:46.967249+02,2026-10-07 13:41:46.967249+02
20260302,8742,24788.420,2026-10-07 13:41:46.967249+02,2026-10-07 13:41:46.967249+02
20260302,8743,10325.150,2026-10-07 13:41:46.967249+02,2026-10-07 13:41:46.967249+02
20260302,8744,544.050,2026-10-07 13:41:46.967249+02,2026-10-07 13:41:46.967249+02
20260302,8745,621.290,2026-10-07 13:41:46.967249+02,2026-10-07 13:41:46.967249+02
20260303,8741,766161.500,2026-10-07 13:41:46.967249+02,2026-10-07 13:41:46.967249+02
20260303,8742,25238.800,2026-10-07 13:41:46.967249+02,2026-10-07 13:41:46.967249+02
20260303,8743,11049.990,2026-10-07 13:41:46.967249+02,2026-10-07 13:41:46.967249+02
20260303,8744,550.690,2026-10-07 13:41:46.967249+02,2026-10-07 13:41:46.967249+02
20260303,8745,606.050,2026-10-07 13:41:46.967249+02,2026-10-07 13:41:46.967249+02
20260304,8741,736072.650,2026-10-07 13:41:46.967249+02,2026-10-07 13:41:46.967249+02
20260304,8742,25336.210,2026-10-07 13:41:46.967249+02,2026-10-07 13:41:46.967249+02
20260304,8743,10946.900,2026-10-07 13:41:46.967249+02,2026-10-07 13:41:46.967249+02
20260304,8744,575.020,2026-10-07 13:41:46.967249+02,2026-10-07 13:41:46.967249+02
20260304,8745,587.420,2026-10-07 13:41:46.967249+02,2026-10-07 13:41:46.967249+02
20260305,8741,722275.260,2026-10-07 13:41:46.967249+02,2026-10-07 13:41:46.967249+02
20260305,8742,25296.520,2026-10-07 13:41:46.967249+02,2026-10-07 13:41:46.967249+02
20260305,8743,10527.660,2026-10-07 13:41:46.967249+02,2026-10-07 13:41:46.967249+02
20260305,8744,569.140,2026-10-07 13:41:46.967249+02,2026-10-07 13:41:46.967249+02
20260305,8745,608.640,2026-10-07 13:41:46.967249+02,2026-10-07 13:41:46.967249+02
20260306,8741,786899.850,2026-10-07 13:41:46.967249+02,2026-10-07 13:41:46.967249+02
20260306,8742,25306.900,2026-10-07 13:41:46.967249+02,2026-10-07 13:41:46.967249+02
20260306,8743,10982.440,2026-10-07 13:41:46.967249+02,2026-10-07 13:41:46.967249+02
20260306,8744,580.730,2026-10-07 13:41:46.967249+02,2026-10-07 13:41:46.967249+02
20260306,8745,604.010,2026-10-07 13:41:46.967249+02,2026-10-07 13:41:46.967249+02
20260307,8741,678304.500,2026-10-07 13:41:46.967249+02,2026-10-07 13:41:46.967249+02
20260307,8742,24207.580,2026-10-07 13:41:46.967249+02,2026-10-07 13:41:46.967249+02
20260307,8743,10906.280,2026-10-07 13:41:46.967249+02,2026-10-07 13:41:46.967249+02
20260307,8744,520.080,2026-10-07 13:41:46.967249+02,2026-10-07 13:41:46.967249+02
20260307,8745,569.630,2026-10-07 13:41:46.967249+02,2026-10-07 13:41:46.967249+02
20260308,8741,596012.250,2026-10-07 13:41:46.967249+02,2026-10-07 13:41:46.967249+02
20260308,8742,23162.460,2026-10-07 13:41:46.967249+02,2026-10-07 13:41:46.967249+02
20260308,8743,10811.890,2026-10-07 13:41:46.967249+02,2026-10-07 13:41:46.967249+02
20260308,8744,504.670,2026-10-07 13:41:46.967249+02,2026-10-07 13:41:46.967249+02
20260308,8745,564.780,2026-10-07 13:41:46.967249+02,2026-10-07 13:41:46.967249+02
20260309,8741,687030.750,2026-10-07 13:41:46.967249+02,2026-10-07 13:41:46.967249+02
20260309,8742,25265.420,2026-10-07 13:41:46.967249+02,2026-10-07 13:41:46.967249+02
20260309,8743,13041.130,2026-10-07 13:41:46.967249+02,2026-10-07 13:41:46.967249+02
20260309,8744,541.480,2026-10-07 13:41:46.967249+02,2026-10-07 13:41:46.967249+02
20260309,8745,596.830,2026-10-07 13:41:46.967249+02,2026-10-07 13:41:46.967249+02
20260310,8741,709403.420,2026-10-07 13:41:46.967249+02,2026-10-07 13:41:46.967249+02
20260310,8742,25432.870,2026-10-07 13:41:46.967249+02,2026-10-07 13:41:46.967249+02
20260310,8743,13401.590,2026-10-07 13:41:46.967249+02,2026-10-07 13:41:46.967249+02
20260310,8744,563.570,2026-10-07 13:41:46.967249+02,2026-10-07 13:41:46.967249+02
20260310,8745,642.980,2026-10-07 13:41:46.967249+02,2026-10-07 13:41:46.967249+02
20260311,8741,724364.610,2026-10-07 13:41:46.967249+02,2026-10-07 13:41:46.967249+02
20260311,8742,25307.560,2026-10-07 13:41:46.967249+02,2026-10-07 13:41:46.967249+02
20260311,8743,13030.760,2026-10-07 13:41:46.967249+02,2026-10-07 13:41:46.967249+02
20260311,8744,551.980,2026-10-07 13:41:46.967249+02,2026-10-07 13:41:46.967249+02
20260311,8745,641.300,2026-10-07 13:41:46.967249+02,2026-10-07 13:41:46.967249+02
20260312,8741,718834.050,2026-10-07 13:41:46.967249+02,2026-10-07 13:41:46.967249+02
20260312,8742,25188.710,2026-10-07 13:41:46.967249+02,2026-10-07 13:41:46.967249+02
20260312,8743,12831.110,2026-10-07 13:41:46.967249+02,2026-10-07 13:41:46.967249+02
20260312,8744,546.110,2026-10-07 13:41:46.967249+02,2026-10-07 13:41:46.967249+02
20260312,8745,593.630,2026-10-07 13:41:46.967249+02,2026-10-07 13:41:46.967249+02
20260313,8741,738243.730,2026-10-07 13:41:46.967249+02,2026-10-07 13:41:46.967249+02
20260313,8742,24824.450,2026-10-07 13:41:46.967249+02,2026-10-07 13:41:46.967249+02
20260313,8743,10391.060,2026-10-07 13:41:46.967249+02,2026-10-07 13:41:46.967249+02
20260313,8744,512.160,2026-10-07 13:41:46.967249+02,2026-10-07 13:41:46.967249+02
20260313,8745,605.060,2026-10-07 13:41:46.967249+02,2026-10-07 13:41:46.967249+02
20260314,8741,719719.180,2026-10-07 13:41:46.967249+02,2026-10-07 13:41:46.967249+02
20260314,8742,23717.270,2026-10-07 13:41:46.967249+02,2026-10-07 13:41:46.967249+02
20260314,8743,11063.760,2026-10-07 13:41:46.967249+02,2026-10-07 13:41:46.967249+02
20260314,8744,486.190,2026-10-07 13:41:46.967249+02,2026-10-07 13:41:46.967249+02
20260314,8745,578.780,2026-10-07 13:41:46.967249+02,2026-10-07 13:41:46.967249+02
20260315,8741,645581.300,2026-10-07 13:41:46.967249+02,2026-10-07 13:41:46.967249+02
20260315,8742,22732.310,2026-10-07 13:41:46.967249+02,2026-10-07 13:41:46.967249+02
20260315,8743,11779.530,2026-10-07 13:41:46.967249+02,2026-10-07 13:41:46.967249+02
20260315,8744,466.460,2026-10-07 13:41:46.967249+02,2026-10-07 13:41:46.967249+02
20260315,8745,572.200,2026-10-07 13:41:46.967249+02,2026-10-07 13:41:46.967249+02
20260316,8741,724840.070,2026-10-07 13:41:46.967249+02,2026-10-07 13:41:46.967249+02
20260316,8742,24545.330,2026-10-07 13:41:46.967249+02,2026-10-07 13:41:46.967249+02
20260316,8743,11675.420,2026-10-07 13:41:46.967249+02,2026-10-07 13:41:46.967249+02
20260316,8744,516.900,2026-10-07 13:41:46.967249+02,2026-10-07 13:41:46.967249+02
20260316,8745,555.230,2026-10-07 13:41:46.967249+02,2026-10-07 13:41:46.967249+02
20260317,8741,692747.380,2026-10-07 13:41:46.967249+02,2026-10-07 13:41:46.967249+02
20260317,8742,24577.740,2026-10-07 13:41:46.967249+02,2026-10-07 13:41:46.967249+02
20260317,8743,11948.930,2026-10-07 13:41:46.967249+02,2026-10-07 13:41:46.967249+02
20260317,8744,536.660,2026-10-07 13:41:46.967249+02,2026-10-07 13:41:46.967249+02
20260317,8745,569.050,2026-10-07 13:41:46.967249+02,2026-10-07 13:41:46.967249+02
20260318,8741,663691.150,2026-10-07 13:41:46.967249+02,2026-10-07 13:41:46.967249+02
20260318,8742,24998.420,2026-10-07 13:41:46.967249+02,2026-10-07 13:41:46.967249+02
20260318,8743,11097.590,2026-10-07 13:41:46.967249+02,2026-10-07 13:41:46.967249+02
20260318,8744,523.050,2026-10-07 13:41:46.967249+02,2026-10-07 13:41:46.967249+02
20260318,8745,594.090,2026-10-07 13:41:46.967249+02,2026-10-07 13:41:46.967249+02
20260319,8741,734436.350,2026-10-07 13:41:46.967249+02,2026-10-07 13:41:46.967249+02
20260319,8742,24890.810,2026-10-07 13:41:46.967249+02,2026-10-07 13:41:46.967249+02
20260319,8743,11721.920,2026-10-07 13:41:46.967249+02,2026-10-07 13:41:46.967249+02
20260319,8744,527.570,2026-10-07 13:41:46.967249+02,2026-10-07 13:41:46.967249+02
20260319,8745,607.160,2026-10-07 13:41:46.967249+02,2026-10-07 13:41:46.967249+02
20260320,8741,707342.380,2026-10-07 13:41:46.967249+02,2026-10-07 13:41:46.967249+02
20260320,8742,24227.320,2026-10-07 13:41:46.967249+02,2026-10-07 13:41:46.967249+02
20260320,8743,10994.520,2026-10-07 13:41:46.967249+02,2026-10-07 13:41:46.967249+02
20260320,8744,474.210,2026-10-07 13:41:46.967249+02,2026-10-07 13:41:46.967249+02
20260320,8745,556.890,2026-10-07 13:41:46.967249+02,2026-10-07 13:41:46.967249+02
20260321,8741,610277.170,2026-10-07 13:41:46.967249+02,2026-10-07 13:41:46.967249+02
20260321,8742,23130.890,2026-10-07 13:41:46.967249+02,2026-10-07 13:41:46.967249+02
20260321,8743,11205.080,2026-10-07 13:41:46.967249+02,2026-10-07 13:41:46.967249+02
20260321,8744,468.720,2026-10-07 13:41:46.967249+02,2026-10-07 13:41:46.967249+02
20260321,8745,546.370,2026-10-07 13:41:46.967249+02,2026-10-07 13:41:46.967249+02
20260322,8741,647630.980,2026-10-07 13:41:46.967249+02,2026-10-07 13:41:46.967249+02
20260322,8742,22246.290,2026-10-07 13:41:46.967249+02,2026-10-07 13:41:46.967249+02
20260322,8743,10530.490,2026-10-07 13:41:46.967249+02,2026-10-07 13:41:46.967249+02
20260322,8744,449.020,2026-10-07 13:41:46.967249+02,2026-10-07 13:41:46.967249+02
20260322,8745,538.750,2026-10-07 13:41:46.967249+02,2026-10-07 13:41:46.967249+02
20260323,8741,766008.140,2026-10-07 13:41:46.967249+02,2026-10-07 13:41:46.967249+02
20260323,8742,24009.030,2026-10-07 13:41:46.967249+02,2026-10-07 13:41:46.967249+02
20260323,8743,11671.420,2026-10-07 13:41:46.967249+02,2026-10-07 13:41:46.967249+02
20260323,8744,487.220,2026-10-07 13:41:46.967249+02,2026-10-07 13:41:46.967249+02
20260323,8745,563.070,2026-10-07 13:41:46.967249+02,2026-10-07 13:41:46.967249+02
20260324,8741,696489.070,2026-10-07 13:41:46.967249+02,2026-10-07 13:41:46.967249+02
20260324,8742,24298.040,2026-10-07 13:41:46.967249+02,2026-10-07 13:41:46.967249+02
20260324,8743,11727.110,2026-10-07 13:41:46.967249+02,2026-10-07 13:41:46.967249+02
20260324,8744,488.080,2026-10-07 13:41:46.967249+02,2026-10-07 13:41:46.967249+02
20260324,8745,562.740,2026-10-07 13:41:46.967249+02,2026-10-07 13:41:46.967249+02
20260325,8741,731721.680,2026-10-07 13:41:46.967249+02,2026-10-07 13:41:46.967249+02
20260325,8742,23915.240,2026-10-07 13:41:46.967249+02,2026-10-07 13:41:46.967249+02
20260325,8743,11634.670,2026-10-07 13:41:46.967249+02,2026-10-07 13:41:46.967249+02
20260325,8744,487.890,2026-10-07 13:41:46.967249+02,2026-10-07 13:41:46.967249+02
20260325,8745,562.630,2026-10-07 13:41:46.967249+02,2026-10-07 13:41:46.967249+02
20260326,8741,764337.760,2026-10-07 13:41:46.967249+02,2026-10-07 13:41:46.967249+02
20260326,8742,24077.190,2026-10-07 13:41:46.967249+02,2026-10-07 13:41:46.967249+02
20260326,8743,12878.400,2026-10-07 13:41:46.967249+02,2026-10-07 13:41:46.967249+02
20260326,8744,479.960,2026-10-07 13:41:46.967249+02,2026-10-07 13:41:46.967249+02
20260326,8745,568.670,2026-10-07 13:41:46.967249+02,2026-10-07 13:41:46.967249+02
20260327,8741,746009.710,2026-10-07 13:41:46.967249+02,2026-10-07 13:41:46.967249+02
20260327,8742,24010.250,2026-10-07 13:41:46.967249+02,2026-10-07 13:41:46.967249+02
20260327,8743,12114.960,2026-10-07 13:41:46.967249+02,2026-10-07 13:41:46.967249+02
20260327,8744,473.990,2026-10-07 13:41:46.967249+02,2026-10-07 13:41:46.967249+02
20260327,8745,560.610,2026-10-07 13:41:46.967249+02,2026-10-07 13:41:46.967249+02
20260328,8741,674280.470,2026-10-07 13:41:46.967249+02,2026-10-07 13:41:46.967249+02
20260328,8742,22604.570,2026-10-07 13:41:46.967249+02,2026-10-07 13:41:46.967249+02
20260328,8743,11575.100,2026-10-07 13:41:46.967249+02,2026-10-07 13:41:46.967249+02
20260328,8744,437.700,2026-10-07 13:41:46.967249+02,2026-10-07 13:41:46.967249+02
20260328,8745,535.640,2026-10-07 13:41:46.967249+02,2026-10-07 13:41:46.967249+02
20260329,8741,632315.400,2026-10-07 13:41:46.967249+02,2026-10-07 13:41:46.967249+02
20260329,8742,20589.240,2026-10-07 13:41:46.967249+02,2026-10-07 13:41:46.967249+02
20260329,8743,12505.060,2026-10-07 13:41:46.967249+02,2026-10-07 13:41:46.967249+02
20260329,8744,404.140,2026-10-07 13:41:46.967249+02,2026-10-07 13:41:46.967249+02
20260329,8745,495.170,2026-10-07 13:41:46.967249+02,2026-10-07 13:41:46.967249+02
20260330,8741,735898.560,2026-10-07 13:41:46.967249+02,2026-10-07 13:41:46.967249+02
20260330,8742,23356.790,2026-10-07 13:41:46.967249+02,2026-10-07 13:41:46.967249+02
20260330,8743,12872.500,2026-10-07 13:41:46.967249+02,2026-10-07 13:41:46.967249+02
20260330,8744,469.530,2026-10-07 13:41:46.967249+02,2026-10-07 13:41:46.967249+02
20260330,8745,559.330,2026-10-07 13:41:46.967249+02,2026-10-07 13:41:46.967249+02
20260331,8741,761610.310,2026-10-07 13:41:46.967249+02,2026-10-07 13:41:46.967249+02
20260331,8742,23995.940,2026-10-07 13:41:46.967249+02,2026-10-07 13:41:46.967249+02
20260331,8743,13352.270,2026-10-07 13:41:46.967249+02,2026-10-07 13:41:46.967249+02
20260331,8744,469.420,2026-10-07 13:41:46.967249+02,2026-10-07 13:41:46.967249+02
20260331,8745,560.800,2026-10-07 13:41:46.967249+02,2026-10-07 13:41:46.967249+02
20260401,8741,748559.680,2026-10-07 13:41:46.967249+02,2026-10-07 13:41:46.967249+02
20260401,8742,23846.810,2026-10-07 13:41:46.967249+02,2026-10-07 13:41:46.967249+02
20260401,8743,13361.370,2026-10-07 13:41:46.967249+02,2026-10-07 13:41:46.967249+02
20260401,8744,460.170,2026-10-07 13:41:46.967249+02,2026-10-07 13:41:46.967249+02
20260401,8745,553.620,2026-10-07 13:41:46.967249+02,2026-10-07 13:41:46.967249+02
20260402,8741,693941.640,2026-10-07 13:41:46.967249+02,2026-10-07 13:41:46.967249+02
20260402,8742,22266.460,2026-10-07 13:41:46.967249+02,2026-10-07 13:41:46.967249+02
20260402,8743,12338.300,2026-10-07 13:41:46.967249+02,2026-10-07 13:41:46.967249+02
20260402,8744,415.640,2026-10-07 13:41:46.967249+02,2026-10-07 13:41:46.967249+02
20260402,8745,515.310,2026-10-07 13:41:46.967249+02,2026-10-07 13:41:46.967249+02
20260403,8741,631631.180,2026-10-07 13:41:46.967249+02,2026-10-07 13:41:46.967249+02
20260403,8742,21417.480,2026-10-07 13:41:46.967249+02,2026-10-07 13:41:46.967249+02
20260403,8743,11972.750,2026-10-07 13:41:46.967249+02,2026-10-07 13:41:46.967249+02
20260403,8744,406.210,2026-10-07 13:41:46.967249+02,2026-10-07 13:41:46.967249+02
20260403,8745,501.700,2026-10-07 13:41:46.967249+02,2026-10-07 13:41:46.967249+02
20260404,8741,560479.670,2026-10-07 13:41:46.967249+02,2026-10-07 13:41:46.967249+02
20260404,8742,22290.850,2026-10-07 13:41:46.967249+02,2026-10-07 13:41:46.967249+02
20260404,8743,11579.710,2026-10-07 13:41:46.967249+02,2026-10-07 13:41:46.967249+02
20260404,8744,418.430,2026-10-07 13:41:46.967249+02,2026-10-07 13:41:46.967249+02
20260404,8745,519.010,2026-10-07 13:41:46.967249+02,2026-10-07 13:41:46.967249+02
20260405,8741,525079.160,2026-10-07 13:41:46.967249+02,2026-10-07 13:41:46.967249+02
20260405,8742,21532.630,2026-10-07 13:41:46.967249+02,2026-10-07 13:41:46.967249+02
20260405,8743,10611.510,2026-10-07 13:41:46.967249+02,2026-10-07 13:41:46.967249+02
20260405,8744,421.380,2026-10-07 13:41:46.967249+02,2026-10-07 13:41:46.967249+02
20260405,8745,516.340,2026-10-07 13:41:46.967249+02,2026-10-07 13:41:46.967249+02
20260406,8741,584416.590,2026-10-07 13:41:46.967249+02,2026-10-07 13:41:46.967249+02
20260406,8742,24044.110,2026-10-07 13:41:46.967249+02,2026-10-07 13:41:46.967249+02
20260406,8743,10824.150,2026-10-07 13:41:46.967249+02,2026-10-07 13:41:46.967249+02
20260406,8744,480.340,2026-10-07 13:41:46.967249+02,2026-10-07 13:41:46.967249+02
20260406,8745,570.710,2026-10-07 13:41:46.967249+02,2026-10-07 13:41:46.967249+02
20260407,8741,654928.630,2026-10-07 13:41:46.967249+02,2026-10-07 13:41:46.967249+02
20260407,8742,24277.060,2026-10-07 13:41:46.967249+02,2026-10-07 13:41:46.967249+02
20260407,8743,10990.340,2026-10-07 13:41:46.967249+02,2026-10-07 13:41:46.967249+02
20260407,8744,492.740,2026-10-07 13:41:46.967249+02,2026-10-07 13:41:46.967249+02
20260407,8745,575.030,2026-10-07 13:41:46.967249+02,2026-10-07 13:41:46.967249+02
20260408,8741,641216.020,2026-10-07 13:41:46.967249+02,2026-10-07 13:41:46.967249+02
20260408,8742,24221.890,2026-10-07 13:41:46.967249+02,2026-10-07 13:41:46.967249+02
20260408,8743,10944.770,2026-10-07 13:41:46.967249+02,2026-10-07 13:41:46.967249+02
20260408,8744,516.450,2026-10-07 13:41:46.967249+02,2026-10-07 13:41:46.967249+02
20260408,8745,586.360,2026-10-07 13:41:46.967249+02,2026-10-07 13:41:46.967249+02
20260409,8741,665289.320,2026-10-07 13:41:46.967249+02,2026-10-07 13:41:46.967249+02
20260409,8742,24138.960,2026-10-07 13:41:46.967249+02,2026-10-07 13:41:46.967249+02
20260409,8743,10880.450,2026-10-07 13:41:46.967249+02,2026-10-07 13:41:46.967249+02
20260409,8744,505.160,2026-10-07 13:41:46.967249+02,2026-10-07 13:41:46.967249+02
20260409,8745,571.460,2026-10-07 13:41:46.967249+02,2026-10-07 13:41:46.967249+02
20260410,8741,678728.550,2026-10-07 13:41:46.967249+02,2026-10-07 13:41:46.967249+02
20260410,8742,24525.710,2026-10-07 13:41:46.967249+02,2026-10-07 13:41:46.967249+02
20260410,8743,10786.570,2026-10-07 13:41:46.967249+02,2026-10-07 13:41:46.967249+02
20260410,8744,481.890,2026-10-07 13:41:46.967249+02,2026-10-07 13:41:46.967249+02
20260410,8745,575.060,2026-10-07 13:41:46.967249+02,2026-10-07 13:41:46.967249+02
20260411,8741,577913.500,2026-10-07 13:41:46.967249+02,2026-10-07 13:41:46.967249+02
20260411,8742,23227.790,2026-10-07 13:41:46.967249+02,2026-10-07 13:41:46.967249+02
20260411,8743,10710.250,2026-10-07 13:41:46.967249+02,2026-10-07 13:41:46.967249+02
20260411,8744,453.930,2026-10-07 13:41:46.967249+02,2026-10-07 13:41:46.967249+02
20260411,8745,562.390,2026-10-07 13:41:46.967249+02,2026-10-07 13:41:46.967249+02
20260412,8741,634664.810,2026-10-07 13:41:46.967249+02,2026-10-07 13:41:46.967249+02
20260412,8742,22380.470,2026-10-07 13:41:46.967249+02,2026-10-07 13:41:46.967249+02
20260412,8743,11392.290,2026-10-07 13:41:46.967249+02,2026-10-07 13:41:46.967249+02
20260412,8744,441.140,2026-10-07 13:41:46.967249+02,2026-10-07 13:41:46.967249+02
20260412,8745,548.370,2026-10-07 13:41:46.967249+02,2026-10-07 13:41:46.967249+02
20260413,8741,751181.660,2026-10-07 13:41:46.967249+02,2026-10-07 13:41:46.967249+02
20260413,8742,23694.200,2026-10-07 13:41:46.967249+02,2026-10-07 13:41:46.967249+02
20260413,8743,12707.650,2026-10-07 13:41:46.967249+02,2026-10-07 13:41:46.967249+02
20260413,8744,489.930,2026-10-07 13:41:46.967249+02,2026-10-07 13:41:46.967249+02
20260413,8745,569.300,2026-10-07 13:41:46.967249+02,2026-10-07 13:41:46.967249+02
20260414,8741,740365.440,2026-10-07 13:41:46.967249+02,2026-10-07 13:41:46.967249+02
20260414,8742,23578.140,2026-10-07 13:41:46.967249+02,2026-10-07 13:41:46.967249+02
20260414,8743,12193.560,2026-10-07 13:41:46.967249+02,2026-10-07 13:41:46.967249+02
20260414,8744,495.290,2026-10-07 13:41:46.967249+02,2026-10-07 13:41:46.967249+02
20260414,8745,555.370,2026-10-07 13:41:46.967249+02,2026-10-07 13:41:46.967249+02
20260415,8741,714219.700,2026-10-07 13:41:46.967249+02,2026-10-07 13:41:46.967249+02
20260415,8742,24077.380,2026-10-07 13:41:46.967249+02,2026-10-07 13:41:46.967249+02
20260415,8743,11468.390,2026-10-07 13:41:46.967249+02,2026-10-07 13:41:46.967249+02
20260415,8744,501.190,2026-10-07 13:41:46.967249+02,2026-10-07 13:41:46.967249+02
20260415,8745,556.640,2026-10-07 13:41:46.967249+02,2026-10-07 13:41:46.967249+02
20260416,8741,672788.230,2026-10-07 13:41:46.967249+02,2026-10-07 13:41:46.967249+02
20260416,8742,23796.330,2026-10-07 13:41:46.967249+02,2026-10-07 13:41:46.967249+02
20260416,8743,11471.810,2026-10-07 13:41:46.967249+02,2026-10-07 13:41:46.967249+02
20260416,8744,482.550,2026-10-07 13:41:46.967249+02,2026-10-07 13:41:46.967249+02
20260416,8745,568.470,2026-10-07 13:41:46.967249+02,2026-10-07 13:41:46.967249+02
20260417,8741,686636.000,2026-10-07 13:41:46.967249+02,2026-10-07 13:41:46.967249+02
20260417,8742,24014.570,2026-10-07 13:41:46.967249+02,2026-10-07 13:41:46.967249+02
20260417,8743,11560.090,2026-10-07 13:41:46.967249+02,2026-10-07 13:41:46.967249+02
20260417,8744,469.600,2026-10-07 13:41:46.967249+02,2026-10-07 13:41:46.967249+02
20260417,8745,568.340,2026-10-07 13:41:46.967249+02,2026-10-07 13:41:46.967249+02
20260418,8741,615388.730,2026-10-07 13:41:46.967249+02,2026-10-07 13:41:46.967249+02
20260418,8742,23458.620,2026-10-07 13:41:46.967249+02,2026-10-07 13:41:46.967249+02
20260418,8743,10956.510,2026-10-07 13:41:46.967249+02,2026-10-07 13:41:46.967249+02
20260418,8744,440.080,2026-10-07 13:41:46.967249+02,2026-10-07 13:41:46.967249+02
20260418,8745,539.210,2026-10-07 13:41:46.967249+02,2026-10-07 13:41:46.967249+02
20260419,8741,585629.580,2026-10-07 13:41:46.967249+02,2026-10-07 13:41:46.967249+02
20260419,8742,22415.170,2026-10-07 13:41:46.967249+02,2026-10-07 13:41:46.967249+02
20260419,8743,10488.860,2026-10-07 13:41:46.967249+02,2026-10-07 13:41:46.967249+02
20260419,8744,429.920,2026-10-07 13:41:46.967249+02,2026-10-07 13:41:46.967249+02
20260419,8745,526.040,2026-10-07 13:41:46.967249+02,2026-10-07 13:41:46.967249+02
20260420,8741,642598.410,2026-10-07 13:41:46.967249+02,2026-10-07 13:41:46.967249+02
20260420,8742,24246.220,2026-10-07 13:41:46.967249+02,2026-10-07 13:41:46.967249+02
20260420,8743,11431.020,2026-10-07 13:41:46.967249+02,2026-10-07 13:41:46.967249+02
20260420,8744,477.130,2026-10-07 13:41:46.967249+02,2026-10-07 13:41:46.967249+02
20260420,8745,566.960,2026-10-07 13:41:46.967249+02,2026-10-07 13:41:46.967249+02
20260421,8741,624520.310,2026-10-07 13:41:46.967249+02,2026-10-07 13:41:46.967249+02
20260421,8742,24496.640,2026-10-07 13:41:46.967249+02,2026-10-07 13:41:46.967249+02
20260421,8743,11651.320,2026-10-07 13:41:46.967249+02,2026-10-07 13:41:46.967249+02
20260421,8744,496.320,2026-10-07 13:41:46.967249+02,2026-10-07 13:41:46.967249+02
20260421,8745,577.950,2026-10-07 13:41:46.967249+02,2026-10-07 13:41:46.967249+02
20260422,8741,658893.490,2026-10-07 13:41:46.967249+02,2026-10-07 13:41:46.967249+02
20260422,8742,24390.270,2026-10-07 13:41:46.967249+02,2026-10-07 13:41:46.967249+02
20260422,8743,11220.950,2026-10-07 13:41:46.967249+02,2026-10-07 13:41:46.967249+02
20260422,8744,509.270,2026-10-07 13:41:46.967249+02,2026-10-07 13:41:46.967249+02
20260422,8745,578.410,2026-10-07 13:41:46.967249+02,2026-10-07 13:41:46.967249+02
20260423,8741,656825.380,2026-10-07 13:41:46.967249+02,2026-10-07 13:41:46.967249+02
20260423,8742,24268.610,2026-10-07 13:41:46.967249+02,2026-10-07 13:41:46.967249+02
20260423,8743,11846.250,2026-10-07 13:41:46.967249+02,2026-10-07 13:41:46.967249+02
20260423,8744,513.990,2026-10-07 13:41:46.967249+02,2026-10-07 13:41:46.967249+02
20260423,8745,559.580,2026-10-07 13:41:46.967249+02,2026-10-07 13:41:46.967249+02
20260424,8741,613204.130,2026-10-07 13:41:46.967249+02,2026-10-07 13:41:46.967249+02
20260424,8742,23443.900,2026-10-07 13:41:46.967249+02,2026-10-07 13:41:46.967249+02
20260424,8743,11507.300,2026-10-07 13:41:46.967249+02,2026-10-07 13:41:46.967249+02
20260424,8744,514.610,2026-10-07 13:41:46.967249+02,2026-10-07 13:41:46.967249+02
20260424,8745,586.910,2026-10-07 13:41:46.967249+02,2026-10-07 13:41:46.967249+02
20260425,8741,565079.020,2026-10-07 13:41:46.967249+02,2026-10-07 13:41:46.967249+02
20260425,8742,22613.320,2026-10-07 13:41:46.967249+02,2026-10-07 13:41:46.967249+02
20260425,8743,10937.730,2026-10-07 13:41:46.967249+02,2026-10-07 13:41:46.967249+02
20260425,8744,479.340,2026-10-07 13:41:46.967249+02,2026-10-07 13:41:46.967249+02
20260425,8745,561.280,2026-10-07 13:41:46.967249+02,2026-10-07 13:41:46.967249+02
20260426,8741,560272.640,2026-10-07 13:41:46.967249+02,2026-10-07 13:41:46.967249+02
20260426,8742,21572.600,2026-10-07 13:41:46.967249+02,2026-10-07 13:41:46.967249+02
20260426,8743,10607.230,2026-10-07 13:41:46.967249+02,2026-10-07 13:41:46.967249+02
20260426,8744,471.590,2026-10-07 13:41:46.967249+02,2026-10-07 13:41:46.967249+02
20260426,8745,557.050,2026-10-07 13:41:46.967249+02,2026-10-07 13:41:46.967249+02
20260427,8741,666408.000,2026-10-07 13:41:46.967249+02,2026-10-07 13:41:46.967249+02
20260427,8742,23967.260,2026-10-07 13:41:46.967249+02,2026-10-07 13:41:46.967249+02
20260427,8743,11179.180,2026-10-07 13:41:46.967249+02,2026-10-07 13:41:46.967249+02
20260427,8744,529.790,2026-10-07 13:41:46.967249+02,2026-10-07 13:41:46.967249+02
20260427,8745,584.230,2026-10-07 13:41:46.967249+02,2026-10-07 13:41:46.967249+02
20260428,8741,646557.590,2026-10-07 13:41:46.967249+02,2026-10-07 13:41:46.967249+02
20260428,8742,24137.230,2026-10-07 13:41:46.967249+02,2026-10-07 13:41:46.967249+02
20260428,8743,11551.220,2026-10-07 13:41:46.967249+02,2026-10-07 13:41:46.967249+02
20260428,8744,525.590,2026-10-07 13:41:46.967249+02,2026-10-07 13:41:46.967249+02
20260428,8745,570.040,2026-10-07 13:41:46.967249+02,2026-10-07 13:41:46.967249+02
20260429,8741,654704.040,2026-10-07 13:41:46.967249+02,2026-10-07 13:41:46.967249+02
20260429,8742,24427.040,2026-10-07 13:41:46.967249+02,2026-10-07 13:41:46.967249+02
20260429,8743,11857.890,2026-10-07 13:41:46.967249+02,2026-10-07 13:41:46.967249+02
20260429,8744,530.300,2026-10-07 13:41:46.967249+02,2026-10-07 13:41:46.967249+02
20260429,8745,571.090,2026-10-07 13:41:46.967249+02,2026-10-07 13:41:46.967249+02
20260430,8741,651174.400,2026-10-07 13:41:46.967249+02,2026-10-07 13:41:46.967249+02
20260430,8742,23775.820,2026-10-07 13:41:46.967249+02,2026-10-07 13:41:46.967249+02
20260430,8743,12002.630,2026-10-07 13:41:46.967249+02,2026-10-07 13:41:46.967249+02
20260430,8744,509.460,2026-10-07 13:41:46.967249+02,2026-10-07 13:41:46.967249+02
20260430,8745,569.180,2026-10-07 13:41:46.967249+02,2026-10-07 13:41:46.967249+02
20260501,8741,575550.850,2026-10-07 13:41:46.967249+02,2026-10-07 13:41:46.967249+02
20260501,8742,21754.310,2026-10-07 13:41:46.967249+02,2026-10-07 13:41:46.967249+02
20260501,8743,12643.900,2026-10-07 13:41:46.967249+02,2026-10-07 13:41:46.967249+02
20260501,8744,447.780,2026-10-07 13:41:46.967249+02,2026-10-07 13:41:46.967249+02
20260501,8745,521.140,2026-10-07 13:41:46.967249+02,2026-10-07 13:41:46.967249+02
20260502,8741,576355.640,2026-10-07 13:41:46.967249+02,2026-10-07 13:41:46.967249+02
20260502,8742,22090.570,2026-10-07 13:41:46.967249+02,2026-10-07 13:41:46.967249+02
20260502,8743,11685.430,2026-10-07 13:41:46.967249+02,2026-10-07 13:41:46.967249+02
20260502,8744,456.260,2026-10-07 13:41:46.967249+02,2026-10-07 13:41:46.967249+02
20260502,8745,539.310,2026-10-07 13:41:46.967249+02,2026-10-07 13:41:46.967249+02
20260503,8741,553223.520,2026-10-07 13:41:46.967249+02,2026-10-07 13:41:46.967249+02
20260503,8742,20708.780,2026-10-07 13:41:46.967249+02,2026-10-07 13:41:46.967249+02
20260503,8743,11151.220,2026-10-07 13:41:46.967249+02,2026-10-07 13:41:46.967249+02
20260503,8744,438.030,2026-10-07 13:41:46.967249+02,2026-10-07 13:41:46.967249+02
20260503,8745,523.630,2026-10-07 13:41:46.967249+02,2026-10-07 13:41:46.967249+02
20260504,8741,666479.080,2026-10-07 13:41:46.967249+02,2026-10-07 13:41:46.967249+02
20260504,8742,22654.200,2026-10-07 13:41:46.967249+02,2026-10-07 13:41:46.967249+02
20260504,8743,11376.200,2026-10-07 13:41:46.967249+02,2026-10-07 13:41:46.967249+02
20260504,8744,499.280,2026-10-07 13:41:46.967249+02,2026-10-07 13:41:46.967249+02
20260504,8745,570.130,2026-10-07 13:41:46.967249+02,2026-10-07 13:41:46.967249+02
20260505,8741,693329.700,2026-10-07 13:41:46.967249+02,2026-10-07 13:41:46.967249+02
20260505,8742,23437.800,2026-10-07 13:41:46.967249+02,2026-10-07 13:41:46.967249+02
20260505,8743,11816.280,2026-10-07 13:41:46.967249+02,2026-10-07 13:41:46.967249+02
20260505,8744,505.110,2026-10-07 13:41:46.967249+02,2026-10-07 13:41:46.967249+02
20260505,8745,567.640,2026-10-07 13:41:46.967249+02,2026-10-07 13:41:46.967249+02
20260506,8741,692764.110,2026-10-07 13:41:46.967249+02,2026-10-07 13:41:46.967249+02
20260506,8742,24229.500,2026-10-07 13:41:46.967249+02,2026-10-07 13:41:46.967249+02
20260506,8743,11926.150,2026-10-07 13:41:46.967249+02,2026-10-07 13:41:46.967249+02
20260506,8744,506.640,2026-10-07 13:41:46.967249+02,2026-10-07 13:41:46.967249+02
20260506,8745,510.530,2026-10-07 13:41:46.967249+02,2026-10-07 13:41:46.967249+02
20260507,8741,695642.680,2026-10-07 13:41:46.967249+02,2026-10-07 13:41:46.967249+02
20260507,8742,23918.850,2026-10-07 13:41:46.967249+02,2026-10-07 13:41:46.967249+02
20260507,8743,13030.010,2026-10-07 13:41:46.967249+02,2026-10-07 13:41:46.967249+02
20260507,8744,504.230,2026-10-07 13:41:46.967249+02,2026-10-07 13:41:46.967249+02
20260507,8745,478.440,2026-10-07 13:41:46.967249+02,2026-10-07 13:41:46.967249+02
20260508,8741,667429.230,2026-10-07 13:41:46.967249+02,2026-10-07 13:41:46.967249+02
20260508,8742,23655.300,2026-10-07 13:41:46.967249+02,2026-10-07 13:41:46.967249+02
20260508,8743,12302.770,2026-10-07 13:41:46.967249+02,2026-10-07 13:41:46.967249+02
20260508,8744,497.250,2026-10-07 13:41:46.967249+02,2026-10-07 13:41:46.967249+02
20260508,8745,564.990,2026-10-07 13:41:46.967249+02,2026-10-07 13:41:46.967249+02
20260509,8741,574367.880,2026-10-07 13:41:46.967249+02,2026-10-07 13:41:46.967249+02
20260509,8742,22856.970,2026-10-07 13:41:46.967249+02,2026-10-07 13:41:46.967249+02
20260509,8743,12228.280,2026-10-07 13:41:46.967249+02,2026-10-07 13:41:46.967249+02
20260509,8744,469.250,2026-10-07 13:41:46.967249+02,2026-10-07 13:41:46.967249+02
20260509,8745,545.500,2026-10-07 13:41:46.967249+02,2026-10-07 13:41:46.967249+02
20260510,8741,555167.630,2026-10-07 13:41:46.967249+02,2026-10-07 13:41:46.967249+02
20260510,8742,22053.610,2026-10-07 13:41:46.967249+02,2026-10-07 13:41:46.967249+02
20260510,8743,11012.720,2026-10-07 13:41:46.967249+02,2026-10-07 13:41:46.967249+02
20260510,8744,463.160,2026-10-07 13:41:46.967249+02,2026-10-07 13:41:46.967249+02
20260510,8745,525.970,2026-10-07 13:41:46.967249+02,2026-10-07 13:41:46.967249+02
20260511,8741,649841.310,2026-10-07 13:41:46.967249+02,2026-10-07 13:41:46.967249+02
20260511,8742,23706.400,2026-10-07 13:41:46.967249+02,2026-10-07 13:41:46.967249+02
20260511,8743,11159.680,2026-10-07 13:41:46.967249+02,2026-10-07 13:41:46.967249+02
20260511,8744,504.250,2026-10-07 13:41:46.967249+02,2026-10-07 13:41:46.967249+02
20260511,8745,564.210,2026-10-07 13:41:46.967249+02,2026-10-07 13:41:46.967249+02
20260512,8741,676501.190,2026-10-07 13:41:46.967249+02,2026-10-07 13:41:46.967249+02
20260512,8742,23714.390,2026-10-07 13:41:46.967249+02,2026-10-07 13:41:46.967249+02
20260512,8743,12047.180,2026-10-07 13:41:46.967249+02,2026-10-07 13:41:46.967249+02
20260512,8744,507.400,2026-10-07 13:41:46.967249+02,2026-10-07 13:41:46.967249+02
20260512,8745,517.690,2026-10-07 13:41:46.967249+02,2026-10-07 13:41:46.967249+02
20260513,8741,693217.550,2026-10-07 13:41:46.967249+02,2026-10-07 13:41:46.967249+02
20260513,8742,23711.100,2026-10-07 13:41:46.967249+02,2026-10-07 13:41:46.967249+02
20260513,8743,11962.750,2026-10-07 13:41:46.967249+02,2026-10-07 13:41:46.967249+02
20260513,8744,506.010,2026-10-07 13:41:46.967249+02,2026-10-07 13:41:46.967249+02
20260513,8745,516.230,2026-10-07 13:41:46.967249+02,2026-10-07 13:41:46.967249+02
20260514,8741,700998.120,2026-10-07 13:41:46.967249+02,2026-10-07 13:41:46.967249+02
20260514,8742,23661.110,2026-10-07 13:41:46.967249+02,2026-10-07 13:41:46.967249+02
20260514,8743,12180.640,2026-10-07 13:41:46.967249+02,2026-10-07 13:41:46.967249+02
20260514,8744,511.020,2026-10-07 13:41:46.967249+02,2026-10-07 13:41:46.967249+02
20260514,8745,570.390,2026-10-07 13:41:46.967249+02,2026-10-07 13:41:46.967249+02
20260515,8741,734271.270,2026-10-07 13:41:46.967249+02,2026-10-07 13:41:46.967249+02
20260515,8742,23742.370,2026-10-07 13:41:46.967249+02,2026-10-07 13:41:46.967249+02
20260515,8743,13007.250,2026-10-07 13:41:46.967249+02,2026-10-07 13:41:46.967249+02
20260515,8744,482.560,2026-10-07 13:41:46.967249+02,2026-10-07 13:41:46.967249+02
20260515,8745,550.960,2026-10-07 13:41:46.967249+02,2026-10-07 13:41:46.967249+02
20260516,8741,658845.380,2026-10-07 13:41:46.967249+02,2026-10-07 13:41:46.967249+02
20260516,8742,22352.380,2026-10-07 13:41:46.967249+02,2026-10-07 13:41:46.967249+02
20260516,8743,11603.020,2026-10-07 13:41:46.967249+02,2026-10-07 13:41:46.967249+02
20260516,8744,451.170,2026-10-07 13:41:46.967249+02,2026-10-07 13:41:46.967249+02
20260516,8745,538.460,2026-10-07 13:41:46.967249+02,2026-10-07 13:41:46.967249+02
20260517,8741,590336.760,2026-10-07 13:41:46.967249+02,2026-10-07 13:41:46.967249+02
20260517,8742,21121.060,2026-10-07 13:41:46.967249+02,2026-10-07 13:41:46.967249+02
20260517,8743,11321.800,2026-10-07 13:41:46.967249+02,2026-10-07 13:41:46.967249+02
20260517,8744,445.820,2026-10-07 13:41:46.967249+02,2026-10-07 13:41:46.967249+02
20260517,8745,512.890,2026-10-07 13:41:46.967249+02,2026-10-07 13:41:46.967249+02
20260518,8741,688269.130,2026-10-07 13:41:46.967249+02,2026-10-07 13:41:46.967249+02
20260518,8742,23306.450,2026-10-07 13:41:46.967249+02,2026-10-07 13:41:46.967249+02
20260518,8743,12093.380,2026-10-07 13:41:46.967249+02,2026-10-07 13:41:46.967249+02
20260518,8744,488.720,2026-10-07 13:41:46.967249+02,2026-10-07 13:41:46.967249+02
20260518,8745,555.980,2026-10-07 13:41:46.967249+02,2026-10-07 13:41:46.967249+02
20260519,8741,705592.910,2026-10-07 13:41:46.967249+02,2026-10-07 13:41:46.967249+02
20260519,8742,23360.430,2026-10-07 13:41:46.967249+02,2026-10-07 13:41:46.967249+02
20260519,8743,12421.850,2026-10-07 13:41:46.967249+02,2026-10-07 13:41:46.967249+02
20260519,8744,495.150,2026-10-07 13:41:46.967249+02,2026-10-07 13:41:46.967249+02
20260519,8745,561.250,2026-10-07 13:41:46.967249+02,2026-10-07 13:41:46.967249+02
20260520,8741,699024.130,2026-10-07 13:41:46.967249+02,2026-10-07 13:41:46.967249+02
20260520,8742,23453.070,2026-10-07 13:41:46.967249+02,2026-10-07 13:41:46.967249+02
20260520,8743,12367.880,2026-10-07 13:41:46.967249+02,2026-10-07 13:41:46.967249+02
20260520,8744,500.460,2026-10-07 13:41:46.967249+02,2026-10-07 13:41:46.967249+02
20260520,8745,515.220,2026-10-07 13:41:46.967249+02,2026-10-07 13:41:46.967249+02
20260521,8741,715513.620,2026-10-07 13:41:46.967249+02,2026-10-07 13:41:46.967249+02
20260521,8742,23606.740,2026-10-07 13:41:46.967249+02,2026-10-07 13:41:46.967249+02
20260521,8743,12477.300,2026-10-07 13:41:46.967249+02,2026-10-07 13:41:46.967249+02
20260521,8744,506.520,2026-10-07 13:41:46.967249+02,2026-10-07 13:41:46.967249+02
20260521,8745,577.320,2026-10-07 13:41:46.967249+02,2026-10-07 13:41:46.967249+02
20260522,8741,727164.830,2026-10-07 13:41:46.967249+02,2026-10-07 13:41:46.967249+02
20260522,8742,23667.460,2026-10-07 13:41:46.967249+02,2026-10-07 13:41:46.967249+02
20260522,8743,12547.020,2026-10-07 13:41:46.967249+02,2026-10-07 13:41:46.967249+02
20260522,8744,491.360,2026-10-07 13:41:46.967249+02,2026-10-07 13:41:46.967249+02
20260522,8745,577.510,2026-10-07 13:41:46.967249+02,2026-10-07 13:41:46.967249+02
20260523,8741,651369.610,2026-10-07 13:41:46.967249+02,2026-10-07 13:41:46.967249+02
20260523,8742,22570.370,2026-10-07 13:41:46.967249+02,2026-10-07 13:41:46.967249+02
20260523,8743,12384.910,2026-10-07 13:41:46.967249+02,2026-10-07 13:41:46.967249+02
20260523,8744,449.720,2026-10-07 13:41:46.967249+02,2026-10-07 13:41:46.967249+02
20260523,8745,551.980,2026-10-07 13:41:46.967249+02,2026-10-07 13:41:46.967249+02
20260524,8741,609732.780,2026-10-07 13:41:46.967249+02,2026-10-07 13:41:46.967249+02
20260524,8742,21503.070,2026-10-07 13:41:46.967249+02,2026-10-07 13:41:46.967249+02
20260524,8743,11882.890,2026-10-07 13:41:46.967249+02,2026-10-07 13:41:46.967249+02
20260524,8744,434.120,2026-10-07 13:41:46.967249+02,2026-10-07 13:41:46.967249+02
20260524,8745,536.150,2026-10-07 13:41:46.967249+02,2026-10-07 13:41:46.967249+02
20260525,8741,700795.870,2026-10-07 13:41:46.967249+02,2026-10-07 13:41:46.967249+02
20260525,8742,23727.950,2026-10-07 13:41:46.967249+02,2026-10-07 13:41:46.967249+02
20260525,8743,13007.690,2026-10-07 13:41:46.967249+02,2026-10-07 13:41:46.967249+02
20260525,8744,485.900,2026-10-07 13:41:46.967249+02,2026-10-07 13:41:46.967249+02
20260525,8745,578.210,2026-10-07 13:41:46.967249+02,2026-10-07 13:41:46.967249+02
20260526,8741,744264.950,2026-10-07 13:41:46.967249+02,2026-10-07 13:41:46.967249+02
20260526,8742,24622.060,2026-10-07 13:41:46.967249+02,2026-10-07 13:41:46.967249+02
20260526,8743,13426.860,2026-10-07 13:41:46.967249+02,2026-10-07 13:41:46.967249+02
20260526,8744,488.380,2026-10-07 13:41:46.967249+02,2026-10-07 13:41:46.967249+02
20260526,8745,583.410,2026-10-07 13:41:46.967249+02,2026-10-07 13:41:46.967249+02
20260527,8741,724476.730,2026-10-07 13:41:46.967249+02,2026-10-07 13:41:46.967249+02
20260527,8742,24113.710,2026-10-07 13:41:46.967249+02,2026-10-07 13:41:46.967249+02
20260527,8743,13756.980,2026-10-07 13:41:46.967249+02,2026-10-07 13:41:46.967249+02
20260527,8744,435.640,2026-10-07 13:41:46.967249+02,2026-10-07 13:41:46.967249+02
20260527,8745,519.220,2026-10-07 13:41:46.967249+02,2026-10-07 13:41:46.967249+02
20260528,8741,734122.680,2026-10-07 13:41:46.967249+02,2026-10-07 13:41:46.967249+02
20260528,8742,23813.120,2026-10-07 13:41:46.967249+02,2026-10-07 13:41:46.967249+02
20260528,8743,13666.600,2026-10-07 13:41:46.967249+02,2026-10-07 13:41:46.967249+02
20260528,8744,491.050,2026-10-07 13:41:46.967249+02,2026-10-07 13:41:46.967249+02
20260528,8745,547.970,2026-10-07 13:41:46.967249+02,2026-10-07 13:41:46.967249+02
20260529,8741,761299.710,2026-10-07 13:41:46.967249+02,2026-10-07 13:41:46.967249+02
20260529,8742,23878.280,2026-10-07 13:41:46.967249+02,2026-10-07 13:41:46.967249+02
20260529,8743,13449.620,2026-10-07 13:41:46.967249+02,2026-10-07 13:41:46.967249+02
20260529,8744,488.570,2026-10-07 13:41:46.967249+02,2026-10-07 13:41:46.967249+02
20260529,8745,574.670,2026-10-07 13:41:46.967249+02,2026-10-07 13:41:46.967249+02
20260530,8741,679264.470,2026-10-07 13:41:46.967249+02,2026-10-07 13:41:46.967249+02
20260530,8742,22510.630,2026-10-07 13:41:46.967249+02,2026-10-07 13:41:46.967249+02
20260530,8743,12879.970,2026-10-07 13:41:46.967249+02,2026-10-07 13:41:46.967249+02
20260530,8744,465.520,2026-10-07 13:41:46.967249+02,2026-10-07 13:41:46.967249+02
20260530,8745,557.720,2026-10-07 13:41:46.967249+02,2026-10-07 13:41:46.967249+02
20260531,8741,657897.400,2026-10-07 13:41:46.967249+02,2026-10-07 13:41:46.967249+02
20260531,8742,21734.450,2026-10-07 13:41:46.967249+02,2026-10-07 13:41:46.967249+02
20260531,8743,12436.300,2026-10-07 13:41:46.967249+02,2026-10-07 13:41:46.967249+02
20260531,8744,460.410,2026-10-07 13:41:46.967249+02,2026-10-07 13:41:46.967249+02
20260531,8745,547.830,2026-10-07 13:41:46.967249+02,2026-10-07 13:41:46.967249+02
20260601,8741,722812.620,2026-10-07 13:41:46.967249+02,2026-10-07 13:41:46.967249+02
20260601,8742,23804.020,2026-10-07 13:41:46.967249+02,2026-10-07 13:41:46.967249+02
20260601,8743,13377.420,2026-10-07 13:41:46.967249+02,2026-10-07 13:41:46.967249+02
20260601,8744,526.510,2026-10-07 13:41:46.967249+02,2026-10-07 13:41:46.967249+02
20260601,8745,629.410,2026-10-07 13:41:46.967249+02,2026-10-07 13:41:46.967249+02
20260602,8741,736668.450,2026-10-07 13:41:46.967249+02,2026-10-07 13:41:46.967249+02
20260602,8742,24198.940,2026-10-07 13:41:46.967249+02,2026-10-07 13:41:46.967249+02
20260602,8743,13915.530,2026-10-07 13:41:46.967249+02,2026-10-07 13:41:46.967249+02
20260602,8744,534.100,2026-10-07 13:41:46.967249+02,2026-10-07 13:41:46.967249+02
20260602,8745,684.470,2026-10-07 13:41:46.967249+02,2026-10-07 13:41:46.967249+02
20260603,8741,729732.550,2026-10-07 13:41:46.967249+02,2026-10-07 13:41:46.967249+02
20260603,8742,24139.600,2026-10-07 13:41:46.967249+02,2026-10-07 13:41:46.967249+02
20260603,8743,12785.970,2026-10-07 13:41:46.967249+02,2026-10-07 13:41:46.967249+02
20260603,8744,540.710,2026-10-07 13:41:46.967249+02,2026-10-07 13:41:46.967249+02
20260603,8745,669.950,2026-10-07 13:41:46.967249+02,2026-10-07 13:41:46.967249+02
20260604,8741,714206.310,2026-10-07 13:41:46.967249+02,2026-10-07 13:41:46.967249+02
20260604,8742,24397.240,2026-10-07 13:41:46.967249+02,2026-10-07 13:41:46.967249+02
20260604,8743,12901.710,2026-10-07 13:41:46.967249+02,2026-10-07 13:41:46.967249+02
20260604,8744,555.020,2026-10-07 13:41:46.967249+02,2026-10-07 13:41:46.967249+02
20260604,8745,680.110,2026-10-07 13:41:46.967249+02,2026-10-07 13:41:46.967249+02
20260605,8741,715103.400,2026-10-07 13:41:46.967249+02,2026-10-07 13:41:46.967249+02
20260605,8742,24508.050,2026-10-07 13:41:46.967249+02,2026-10-07 13:41:46.967249+02
20260605,8743,12458.230,2026-10-07 13:41:46.967249+02,2026-10-07 13:41:46.967249+02
20260605,8744,540.510,2026-10-07 13:41:46.967249+02,2026-10-07 13:41:46.967249+02
20260605,8745,664.160,2026-10-07 13:41:46.967249+02,2026-10-07 13:41:46.967249+02
20260606,8741,628087.040,2026-10-07 13:41:46.967249+02,2026-10-07 13:41:46.967249+02
20260606,8742,22668.050,2026-10-07 13:41:46.967249+02,2026-10-07 13:41:46.967249+02
20260606,8743,11732.030,2026-10-07 13:41:46.967249+02,2026-10-07 13:41:46.967249+02
20260606,8744,499.160,2026-10-07 13:41:46.967249+02,2026-10-07 13:41:46.967249+02
20260606,8745,625.530,2026-10-07 13:41:46.967249+02,2026-10-07 13:41:46.967249+02
20260607,8741,602017.830,2026-10-07 13:41:46.967249+02,2026-10-07 13:41:46.967249+02
20260607,8742,21771.500,2026-10-07 13:41:46.967249+02,2026-10-07 13:41:46.967249+02
20260607,8743,11614.530,2026-10-07 13:41:46.967249+02,2026-10-07 13:41:46.967249+02
20260607,8744,495.530,2026-10-07 13:41:46.967249+02,2026-10-07 13:41:46.967249+02
20260607,8745,605.140,2026-10-07 13:41:46.967249+02,2026-10-07 13:41:46.967249+02
20260608,8741,695097.480,2026-10-07 13:41:46.967249+02,2026-10-07 13:41:46.967249+02
20260608,8742,24047.300,2026-10-07 13:41:46.967249+02,2026-10-07 13:41:46.967249+02
20260608,8743,12599.740,2026-10-07 13:41:46.967249+02,2026-10-07 13:41:46.967249+02
20260608,8744,561.150,2026-10-07 13:41:46.967249+02,2026-10-07 13:41:46.967249+02
20260608,8745,672.500,2026-10-07 13:41:46.967249+02,2026-10-07 13:41:46.967249+02
20260609,8741,731994.660,2026-10-07 13:41:46.967249+02,2026-10-07 13:41:46.967249+02
20260609,8742,24273.970,2026-10-07 13:41:46.967249+02,2026-10-07 13:41:46.967249+02
20260609,8743,13393.140,2026-10-07 13:41:46.967249+02,2026-10-07 13:41:46.967249+02
20260609,8744,568.650,2026-10-07 13:41:46.967249+02,2026-10-07 13:41:46.967249+02
20260609,8745,691.770,2026-10-07 13:41:46.967249+02,2026-10-07 13:41:46.967249+02
20260610,8741,742370.890,2026-10-07 13:41:46.967249+02,2026-10-07 13:41:46.967249+02
20260610,8742,24139.370,2026-10-07 13:41:46.967249+02,2026-10-07 13:41:46.967249+02
20260610,8743,12742.820,2026-10-07 13:41:46.967249+02,2026-10-07 13:41:46.967249+02
20260610,8744,568.870,2026-10-07 13:41:46.967249+02,2026-10-07 13:41:46.967249+02
20260610,8745,694.230,2026-10-07 13:41:46.967249+02,2026-10-07 13:41:46.967249+02
20260611,8741,752992.980,2026-10-07 13:41:46.967249+02,2026-10-07 13:41:46.967249+02
20260611,8742,23880.190,2026-10-07 13:41:46.967249+02,2026-10-07 13:41:46.967249+02
20260611,8743,12757.970,2026-10-07 13:41:46.967249+02,2026-10-07 13:41:46.967249+02
20260611,8744,575.180,2026-10-07 13:41:46.967249+02,2026-10-07 13:41:46.967249+02
20260611,8745,677.660,2026-10-07 13:41:46.967249+02,2026-10-07 13:41:46.967249+02
20260612,8741,751296.110,2026-10-07 13:41:46.967249+02,2026-10-07 13:41:46.967249+02
20260612,8742,23875.640,2026-10-07 13:41:46.967249+02,2026-10-07 13:41:46.967249+02
20260612,8743,12634.730,2026-10-07 13:41:46.967249+02,2026-10-07 13:41:46.967249+02
20260612,8744,551.270,2026-10-07 13:41:46.967249+02,2026-10-07 13:41:46.967249+02
20260612,8745,646.530,2026-10-07 13:41:46.967249+02,2026-10-07 13:41:46.967249+02
20260613,8741,664682.330,2026-10-07 13:41:46.967249+02,2026-10-07 13:41:46.967249+02
20260613,8742,22792.210,2026-10-07 13:41:46.967249+02,2026-10-07 13:41:46.967249+02
20260613,8743,12699.820,2026-10-07 13:41:46.967249+02,2026-10-07 13:41:46.967249+02
20260613,8744,486.050,2026-10-07 13:41:46.967249+02,2026-10-07 13:41:46.967249+02
20260613,8745,606.330,2026-10-07 13:41:46.967249+02,2026-10-07 13:41:46.967249+02
20260614,8741,627637.650,2026-10-07 13:41:46.967249+02,2026-10-07 13:41:46.967249+02
20260614,8742,21656.350,2026-10-07 13:41:46.967249+02,2026-10-07 13:41:46.967249+02
20260614,8743,12687.420,2026-10-07 13:41:46.967249+02,2026-10-07 13:41:46.967249+02
20260614,8744,485.230,2026-10-07 13:41:46.967249+02,2026-10-07 13:41:46.967249+02
20260614,8745,579.850,2026-10-07 13:41:46.967249+02,2026-10-07 13:41:46.967249+02
20260615,8741,742585.610,2026-10-07 13:41:46.967249+02,2026-10-07 13:41:46.967249+02
20260615,8742,23942.520,2026-10-07 13:41:46.967249+02,2026-10-07 13:41:46.967249+02
20260615,8743,13952.880,2026-10-07 13:41:46.967249+02,2026-10-07 13:41:46.967249+02
20260615,8744,552.530,2026-10-07 13:41:46.967249+02,2026-10-07 13:41:46.967249+02
20260615,8745,645.870,2026-10-07 13:41:46.967249+02,2026-10-07 13:41:46.967249+02
20260616,8741,788980.180,2026-10-07 13:41:46.967249+02,2026-10-07 13:41:46.967249+02
20260616,8742,24381.290,2026-10-07 13:41:46.967249+02,2026-10-07 13:41:46.967249+02
20260616,8743,14715.330,2026-10-07 13:41:46.967249+02,2026-10-07 13:41:46.967249+02
20260616,8744,560.930,2026-10-07 13:41:46.967249+02,2026-10-07 13:41:46.967249+02
20260616,8745,626.390,2026-10-07 13:41:46.967249+02,2026-10-07 13:41:46.967249+02
20260617,8741,815983.500,2026-10-07 13:41:46.967249+02,2026-10-07 13:41:46.967249+02
20260617,8742,24698.760,2026-10-07 13:41:46.967249+02,2026-10-07 13:41:46.967249+02
20260617,8743,14271.090,2026-10-07 13:41:46.967249+02,2026-10-07 13:41:46.967249+02
20260617,8744,570.020,2026-10-07 13:41:46.967249+02,2026-10-07 13:41:46.967249+02
20260617,8745,650.670,2026-10-07 13:41:46.967249+02,2026-10-07 13:41:46.967249+02
20260618,8741,838270.220,2026-10-07 13:41:46.967249+02,2026-10-07 13:41:46.967249+02
20260618,8742,24800.910,2026-10-07 13:41:46.967249+02,2026-10-07 13:41:46.967249+02
20260618,8743,17665.760,2026-10-07 13:41:46.967249+02,2026-10-07 13:41:46.967249+02
20260618,8744,575.520,2026-10-07 13:41:46.967249+02,2026-10-07 13:41:46.967249+02
20260618,8745,660.450,2026-10-07 13:41:46.967249+02,2026-10-07 13:41:46.967249+02
20260619,8741,840809.790,2026-10-07 13:41:46.967249+02,2026-10-07 13:41:46.967249+02
20260619,8742,24517.210,2026-10-07 13:41:46.967249+02,2026-10-07 13:41:46.967249+02
20260619,8743,18662.660,2026-10-07 13:41:46.967249+02,2026-10-07 13:41:46.967249+02
20260619,8744,576.160,2026-10-07 13:41:46.967249+02,2026-10-07 13:41:46.967249+02
20260619,8745,679.830,2026-10-07 13:41:46.967249+02,2026-10-07 13:41:46.967249+02
20260620,8741,768314.730,2026-10-07 13:41:46.967249+02,2026-10-07 13:41:46.967249+02
20260620,8742,23152.640,2026-10-07 13:41:46.967249+02,2026-10-07 13:41:46.967249+02
20260620,8743,18339.230,2026-10-07 13:41:46.967249+02,2026-10-07 13:41:46.967249+02
20260620,8744,537.860,2026-10-07 13:41:46.967249+02,2026-10-07 13:41:46.967249+02
20260620,8745,655.320,2026-10-07 13:41:46.967249+02,2026-10-07 13:41:46.967249+02
20260621,8741,769475.730,2026-10-07 13:41:46.967249+02,2026-10-07 13:41:46.967249+02
20260621,8742,21763.710,2026-10-07 13:41:46.967249+02,2026-10-07 13:41:46.967249+02
20260621,8743,18351.260,2026-10-07 13:41:46.967249+02,2026-10-07 13:41:46.967249+02
20260621,8744,528.730,2026-10-07 13:41:46.967249+02,2026-10-07 13:41:46.967249+02
20260621,8745,636.110,2026-10-07 13:41:46.967249+02,2026-10-07 13:41:46.967249+02
20260622,8741,867713.970,2026-10-07 13:41:46.967249+02,2026-10-07 13:41:46.967249+02
20260622,8742,24389.820,2026-10-07 13:41:46.967249+02,2026-10-07 13:41:46.967249+02
20260622,8743,20523.600,2026-10-07 13:41:46.967249+02,2026-10-07 13:41:46.967249+02
20260622,8744,601.010,2026-10-07 13:41:46.967249+02,2026-10-07 13:41:46.967249+02
20260622,8745,713.510,2026-10-07 13:41:46.967249+02,2026-10-07 13:41:46.967249+02
20260623,8741,881217.720,2026-10-07 13:41:46.967249+02,2026-10-07 13:41:46.967249+02
20260623,8742,25625.360,2026-10-07 13:41:46.967249+02,2026-10-07 13:41:46.967249+02
20260623,8743,20540.960,2026-10-07 13:41:46.967249+02,2026-10-07 13:41:46.967249+02
20260623,8744,613.640,2026-10-07 13:41:46.967249+02,2026-10-07 13:41:46.967249+02
20260623,8745,711.990,2026-10-07 13:41:46.967249+02,2026-10-07 13:41:46.967249+02
20260624,8741,866764.780,2026-10-07 13:41:46.967249+02,2026-10-07 13:41:46.967249+02
20260624,8742,24331.480,2026-10-07 13:41:46.967249+02,2026-10-07 13:41:46.967249+02
20260624,8743,19984.490,2026-10-07 13:41:46.967249+02,2026-10-07 13:41:46.967249+02
20260624,8744,600.540,2026-10-07 13:41:46.967249+02,2026-10-07 13:41:46.967249+02
20260624,8745,717.810,2026-10-07 13:41:46.967249+02,2026-10-07 13:41:46.967249+02
20260625,8741,883679.600,2026-10-07 13:41:46.967249+02,2026-10-07 13:41:46.967249+02
20260625,8742,25263.690,2026-10-07 13:41:46.967249+02,2026-10-07 13:41:46.967249+02
20260625,8743,21077.150,2026-10-07 13:41:46.967249+02,2026-10-07 13:41:46.967249+02
20260625,8744,590.340,2026-10-07 13:41:46.967249+02,2026-10-07 13:41:46.967249+02
20260625,8745,682.950,2026-10-07 13:41:46.967249+02,2026-10-07 13:41:46.967249+02
20260626,8741,863308.430,2026-10-07 13:41:46.967249+02,2026-10-07 13:41:46.967249+02
20260626,8742,25371.870,2026-10-07 13:41:46.967249+02,2026-10-07 13:41:46.967249+02
20260626,8743,18942.680,2026-10-07 13:41:46.967249+02,2026-10-07 13:41:46.967249+02
20260626,8744,576.290,2026-10-07 13:41:46.967249+02,2026-10-07 13:41:46.967249+02
20260626,8745,702.530,2026-10-07 13:41:46.967249+02,2026-10-07 13:41:46.967249+02
20260627,8741,806904.460,2026-10-07 13:41:46.967249+02,2026-10-07 13:41:46.967249+02
20260627,8742,24063.760,2026-10-07 13:41:46.967249+02,2026-10-07 13:41:46.967249+02
20260627,8743,16851.010,2026-10-07 13:41:46.967249+02,2026-10-07 13:41:46.967249+02
20260627,8744,534.830,2026-10-07 13:41:46.967249+02,2026-10-07 13:41:46.967249+02
20260627,8745,673.060,2026-10-07 13:41:46.967249+02,2026-10-07 13:41:46.967249+02
20260628,8741,720402.410,2026-10-07 13:41:46.967249+02,2026-10-07 13:41:46.967249+02
20260628,8742,22630.030,2026-10-07 13:41:46.967249+02,2026-10-07 13:41:46.967249+02
20260628,8743,16453.270,2026-10-07 13:41:46.967249+02,2026-10-07 13:41:46.967249+02
20260628,8744,526.020,2026-10-07 13:41:46.967249+02,2026-10-07 13:41:46.967249+02
20260628,8745,668.610,2026-10-07 13:41:46.967249+02,2026-10-07 13:41:46.967249+02
20260629,8741,864525.970,2026-10-07 13:41:46.967249+02,2026-10-07 13:41:46.967249+02
20260629,8742,25348.230,2026-10-07 13:41:46.967249+02,2026-10-07 13:41:46.967249+02
20260629,8743,18406.500,2026-10-07 13:41:46.967249+02,2026-10-07 13:41:46.967249+02
20260629,8744,592.910,2026-10-07 13:41:46.967249+02,2026-10-07 13:41:46.967249+02
20260629,8745,734.910,2026-10-07 13:41:46.967249+02,2026-10-07 13:41:46.967249+02
20260630,8741,875609.050,2026-10-07 13:41:46.967249+02,2026-10-07 13:41:46.967249+02
20260630,8742,26107.950,2026-10-07 13:41:46.967249+02,2026-10-07 13:41:46.967249+02
20260630,8743,18278.310,2026-10-07 13:41:46.967249+02,2026-10-07 13:41:46.967249+02
20260630,8744,618.660,2026-10-07 13:41:46.967249+02,2026-10-07 13:41:46.967249+02
20260630,8745,773.800,2026-10-07 13:41:46.967249+02,2026-10-07 13:41:46.967249+02
20260701,8741,906676.770,2026-10-07 13:41:46.967249+02,2026-10-07 13:41:46.967249+02
20260701,8742,25578.970,2026-10-07 13:41:46.967249+02,2026-10-07 13:41:46.967249+02
20260701,8743,18467.750,2026-10-07 13:41:46.967249+02,2026-10-07 13:41:46.967249+02
20260701,8744,644.290,2026-10-07 13:41:46.967249+02,2026-10-07 13:41:46.967249+02
20260701,8745,809.460,2026-10-07 13:41:46.967249+02,2026-10-07 13:41:46.967249+02
20260702,8741,888377.110,2026-10-07 13:41:46.967249+02,2026-10-07 13:41:46.967249+02
20260702,8742,25980.110,2026-10-07 13:41:46.967249+02,2026-10-07 13:41:46.967249+02
20260702,8743,17329.470,2026-10-07 13:41:46.967249+02,2026-10-07 13:41:46.967249+02
20260702,8744,647.730,2026-10-07 13:41:46.967249+02,2026-10-07 13:41:46.967249+02
20260702,8745,825.460,2026-10-07 13:41:46.967249+02,2026-10-07 13:41:46.967249+02
20260703,8741,883183.820,2026-10-07 13:41:46.967249+02,2026-10-07 13:41:46.967249+02
20260703,8742,26112.030,2026-10-07 13:41:46.967249+02,2026-10-07 13:41:46.967249+02
20260703,8743,16911.610,2026-10-07 13:41:46.967249+02,2026-10-07 13:41:46.967249+02
20260703,8744,661.760,2026-10-07 13:41:46.967249+02,2026-10-07 13:41:46.967249+02
20260703,8745,802.060,2026-10-07 13:41:46.967249+02,2026-10-07 13:41:46.967249+02
20260704,8741,781414.520,2026-10-07 13:41:46.967249+02,2026-10-07 13:41:46.967249+02
20260704,8742,24421.490,2026-10-07 13:41:46.967249+02,2026-10-07 13:41:46.967249+02
20260704,8743,16024.270,2026-10-07 13:41:46.967249+02,2026-10-07 13:41:46.967249+02
20260704,8744,634.970,2026-10-07 13:41:46.967249+02,2026-10-07 13:41:46.967249+02
20260704,8745,744.460,2026-10-07 13:41:46.967249+02,2026-10-07 13:41:46.967249+02
20260705,8741,727515.640,2026-10-07 13:41:46.967249+02,2026-10-07 13:41:46.967249+02
20260705,8742,23288.090,2026-10-07 13:41:46.967249+02,2026-10-07 13:41:46.967249+02
20260705,8743,15464.480,2026-10-07 13:41:46.967249+02,2026-10-07 13:41:46.967249+02
20260705,8744,582.110,2026-10-07 13:41:46.967249+02,2026-10-07 13:41:46.967249+02
20260705,8745,720.060,2026-10-07 13:41:46.967249+02,2026-10-07 13:41:46.967249+02
20260706,8741,828416.950,2026-10-07 13:41:46.967249+02,2026-10-07 13:41:46.967249+02
20260706,8742,26103.990,2026-10-07 13:41:46.967249+02,2026-10-07 13:41:46.967249+02
20260706,8743,17874.100,2026-10-07 13:41:46.967249+02,2026-10-07 13:41:46.967249+02
20260706,8744,631.720,2026-10-07 13:41:46.967249+02,2026-10-07 13:41:46.967249+02
20260706,8745,779.370,2026-10-07 13:41:46.967249+02,2026-10-07 13:41:46.967249+02
20260707,8741,828862.420,2026-10-07 13:41:46.967249+02,2026-10-07 13:41:46.967249+02
20260707,8742,26901.230,2026-10-07 13:41:46.967249+02,2026-10-07 13:41:46.967249+02
20260707,8743,18263.520,2026-10-07 13:41:46.967249+02,2026-10-07 13:41:46.967249+02
20260707,8744,644.910,2026-10-07 13:41:46.967249+02,2026-10-07 13:41:46.967249+02
20260707,8745,788.790,2026-10-07 13:41:46.967249+02,2026-10-07 13:41:46.967249+02
20260708,8741,852873.150,2026-10-07 13:41:46.967249+02,2026-10-07 13:41:46.967249+02
20260708,8742,27203.700,2026-10-07 13:41:46.967249+02,2026-10-07 13:41:46.967249+02
20260708,8743,18431.130,2026-10-07 13:41:46.967249+02,2026-10-07 13:41:46.967249+02
20260708,8744,679.030,2026-10-07 13:41:46.967249+02,2026-10-07 13:41:46.967249+02
20260708,8745,764.020,2026-10-07 13:41:46.967249+02,2026-10-07 13:41:46.967249+02
20260709,8741,875201.230,2026-10-07 13:41:46.967249+02,2026-10-07 13:41:46.967249+02
20260709,8742,26876.900,2026-10-07 13:41:46.967249+02,2026-10-07 13:41:46.967249+02
20260709,8743,19364.640,2026-10-07 13:41:46.967249+02,2026-10-07 13:41:46.967249+02
20260709,8744,658.480,2026-10-07 13:41:46.967249+02,2026-10-07 13:41:46.967249+02
20260709,8745,794.620,2026-10-07 13:41:46.967249+02,2026-10-07 13:41:46.967249+02
20260710,8741,851763.840,2026-10-07 13:41:46.967249+02,2026-10-07 13:41:46.967249+02
20260710,8742,26329.830,2026-10-07 13:41:46.967249+02,2026-10-07 13:41:46.967249+02
20260710,8743,19693.450,2026-10-07 13:41:46.967249+02,2026-10-07 13:41:46.967249+02
20260710,8744,591.990,2026-10-07 13:41:46.967249+02,2026-10-07 13:41:46.967249+02
20260710,8745,779.050,2026-10-07 13:41:46.967249+02,2026-10-07 13:41:46.967249+02
20260711,8741,776706.720,2026-10-07 13:41:46.967249+02,2026-10-07 13:41:46.967249+02
20260711,8742,25055.310,2026-10-07 13:41:46.967249+02,2026-10-07 13:41:46.967249+02
20260711,8743,18324.760,2026-10-07 13:41:46.967249+02,2026-10-07 13:41:46.967249+02
20260711,8744,561.020,2026-10-07 13:41:46.967249+02,2026-10-07 13:41:46.967249+02
20260711,8745,707.630,2026-10-07 13:41:46.967249+02,2026-10-07 13:41:46.967249+02
20260712,8741,710594.920,2026-10-07 13:41:46.967249+02,2026-10-07 13:41:46.967249+02
20260712,8742,23217.290,2026-10-07 13:41:46.967249+02,2026-10-07 13:41:46.967249+02
20260712,8743,18442.900,2026-10-07 13:41:46.967249+02,2026-10-07 13:41:46.967249+02
20260712,8744,547.520,2026-10-07 13:41:46.967249+02,2026-10-07 13:41:46.967249+02
20260712,8745,660.910,2026-10-07 13:41:46.967249+02,2026-10-07 13:41:46.967249+02
20260713,8741,818408.880,2026-10-07 13:41:46.967249+02,2026-10-07 13:41:46.967249+02
20260713,8742,25737.340,2026-10-07 13:41:46.967249+02,2026-10-07 13:41:46.967249+02
20260713,8743,20867.230,2026-10-07 13:41:46.967249+02,2026-10-07 13:41:46.967249+02
20260713,8744,608.860,2026-10-07 13:41:46.967249+02,2026-10-07 13:41:46.967249+02
20260713,8745,750.840,2026-10-07 13:41:46.967249+02,2026-10-07 13:41:46.967249+02
20260714,8741,864945.690,2026-10-07 13:41:46.967249+02,2026-10-07 13:41:46.967249+02
20260714,8742,25829.870,2026-10-07 13:41:46.967249+02,2026-10-07 13:41:46.967249+02
20260714,8743,21285.080,2026-10-07 13:41:46.967249+02,2026-10-07 13:41:46.967249+02
20260714,8744,618.750,2026-10-07 13:41:46.967249+02,2026-10-07 13:41:46.967249+02
20260714,8745,776.960,2026-10-07 13:41:46.967249+02,2026-10-07 13:41:46.967249+02
20260715,8741,854317.110,2026-10-07 13:41:46.967249+02,2026-10-07 13:41:46.967249+02
20260715,8742,26539.150,2026-10-07 13:41:46.967249+02,2026-10-07 13:41:46.967249+02
20260715,8743,22524.580,2026-10-07 13:41:46.967249+02,2026-10-07 13:41:46.967249+02
20260715,8744,621.900,2026-10-07 13:41:46.967249+02,2026-10-07 13:41:46.967249+02
20260715,8745,818.080,2026-10-07 13:41:46.967249+02,2026-10-07 13:41:46.967249+02
20260716,8741,881584.240,2026-10-07 13:41:46.967249+02,2026-10-07 13:41:46.967249+02
20260716,8742,27122.620,2026-10-07 13:41:46.967249+02,2026-10-07 13:41:46.967249+02
20260716,8743,24428.040,2026-10-07 13:41:46.967249+02,2026-10-07 13:41:46.967249+02
20260716,8744,671.970,2026-10-07 13:41:46.967249+02,2026-10-07 13:41:46.967249+02
20260716,8745,846.740,2026-10-07 13:41:46.967249+02,2026-10-07 13:41:46.967249+02
20260717,8741,858521.640,2026-10-07 13:41:46.967249+02,2026-10-07 13:41:46.967249+02
20260717,8742,27280.110,2026-10-07 13:41:46.967249+02,2026-10-07 13:41:46.967249+02
20260717,8743,23716.040,2026-10-07 13:41:46.967249+02,2026-10-07 13:41:46.967249+02
20260717,8744,697.940,2026-10-07 13:41:46.967249+02,2026-10-07 13:41:46.967249+02
20260717,8745,879.020,2026-10-07 13:41:46.967249+02,2026-10-07 13:41:46.967249+02
20260718,8741,789453.710,2026-10-07 13:41:46.967249+02,2026-10-07 13:41:46.967249+02
20260718,8742,25549.400,2026-10-07 13:41:46.967249+02,2026-10-07 13:41:46.967249+02
20260718,8743,21594.140,2026-10-07 13:41:46.967249+02,2026-10-07 13:41:46.967249+02
20260718,8744,635.890,2026-10-07 13:41:46.967249+02,2026-10-07 13:41:46.967249+02
20260718,8745,828.850,2026-10-07 13:41:46.967249+02,2026-10-07 13:41:46.967249+02
20260719,8741,732096.000,2026-10-07 13:41:46.967249+02,2026-10-07 13:41:46.967249+02
20260719,8742,23987.600,2026-10-07 13:41:46.967249+02,2026-10-07 13:41:46.967249+02
20260719,8743,21407.940,2026-10-07 13:41:46.967249+02,2026-10-07 13:41:46.967249+02
20260719,8744,604.440,2026-10-07 13:41:46.967249+02,2026-10-07 13:41:46.967249+02
20260719,8745,809.690,2026-10-07 13:41:46.967249+02,2026-10-07 13:41:46.967249+02
20260720,8741,849935.680,2026-10-07 13:41:46.967249+02,2026-10-07 13:41:46.967249+02
20260720,8742,26810.440,2026-10-07 13:41:46.967249+02,2026-10-07 13:41:46.967249+02
20260720,8743,23692.900,2026-10-07 13:41:46.967249+02,2026-10-07 13:41:46.967249+02
20260720,8744,691.840,2026-10-07 13:41:46.967249+02,2026-10-07 13:41:46.967249+02
20260720,8745,876.540,2026-10-07 13:41:46.967249+02,2026-10-07 13:41:46.967249+02
20260721,8741,866612.540,2026-10-07 13:41:46.967249+02,2026-10-07 13:41:46.967249+02
20260721,8742,26899.430,2026-10-07 13:41:46.967249+02,2026-10-07 13:41:46.967249+02
20260721,8743,23168.770,2026-10-07 13:41:46.967249+02,2026-10-07 13:41:46.967249+02
20260721,8744,682.470,2026-10-07 13:41:46.967249+02,2026-10-07 13:41:46.967249+02
20260721,8745,874.490,2026-10-07 13:41:46.967249+02,2026-10-07 13:41:46.967249+02
20260722,8741,856882.030,2026-10-07 13:41:46.967249+02,2026-10-07 13:41:46.967249+02
20260722,8742,26807.050,2026-10-07 13:41:46.967249+02,2026-10-07 13:41:46.967249+02
20260722,8743,22868.150,2026-10-07 13:41:46.967249+02,2026-10-07 13:41:46.967249+02
20260722,8744,672.750,2026-10-07 13:41:46.967249+02,2026-10-07 13:41:46.967249+02
20260722,8745,870.490,2026-10-07 13:41:46.967249+02,2026-10-07 13:41:46.967249+02
20260723,8741,869280.230,2026-10-07 13:41:46.967249+02,2026-10-07 13:41:46.967249+02
20260723,8742,27049.780,2026-10-07 13:41:46.967249+02,2026-10-07 13:41:46.967249+02
20260723,8743,22409.860,2026-10-07 13:41:46.967249+02,2026-10-07 13:41:46.967249+02
20260723,8744,705.480,2026-10-07 13:41:46.967249+02,2026-10-07 13:41:46.967249+02
20260723,8745,894.170,2026-10-07 13:41:46.967249+02,2026-10-07 13:41:46.967249+02
20260724,8741,867481.510,2026-10-07 13:41:46.967249+02,2026-10-07 13:41:46.967249+02
20260724,8742,26911.690,2026-10-07 13:41:46.967249+02,2026-10-07 13:41:46.967249+02
20260724,8743,23298.540,2026-10-07 13:41:46.967249+02,2026-10-07 13:41:46.967249+02
20260724,8744,673.160,2026-10-07 13:41:46.967249+02,2026-10-07 13:41:46.967249+02
20260724,8745,895.100,2026-10-07 13:41:46.967249+02,2026-10-07 13:41:46.967249+02
20260725,8741,758698.680,2026-10-07 13:41:46.967249+02,2026-10-07 13:41:46.967249+02
20260725,8742,25237.320,2026-10-07 13:41:46.967249+02,2026-10-07 13:41:46.967249+02
20260725,8743,21940.800,2026-10-07 13:41:46.967249+02,2026-10-07 13:41:46.967249+02
20260725,8744,627.450,2026-10-07 13:41:46.967249+02,2026-10-07 13:41:46.967249+02
20260725,8745,790.850,2026-10-07 13:41:46.967249+02,2026-10-07 13:41:46.967249+02
20260726,8741,688457.360,2026-10-07 13:41:46.967249+02,2026-10-07 13:41:46.967249+02
20260726,8742,23829.650,2026-10-07 13:41:46.967249+02,2026-10-07 13:41:46.967249+02
20260726,8743,19675.680,2026-10-07 13:41:46.967249+02,2026-10-07 13:41:46.967249+02
20260726,8744,590.240,2026-10-07 13:41:46.967249+02,2026-10-07 13:41:46.967249+02
20260726,8745,732.830,2026-10-07 13:41:46.967249+02,2026-10-07 13:41:46.967249+02
20260727,8741,799879.840,2026-10-07 13:41:46.967249+02,2026-10-07 13:41:46.967249+02
20260727,8742,26397.950,2026-10-07 13:41:46.967249+02,2026-10-07 13:41:46.967249+02
20260727,8743,18124.130,2026-10-07 13:41:46.967249+02,2026-10-07 13:41:46.967249+02
20260727,8744,646.290,2026-10-07 13:41:46.967249+02,2026-10-07 13:41:46.967249+02
20260727,8745,837.480,2026-10-07 13:41:46.967249+02,2026-10-07 13:41:46.967249+02
20260728,8741,815286.200,2026-10-07 13:41:46.967249+02,2026-10-07 13:41:46.967249+02
20260728,8742,26646.120,2026-10-07 13:41:46.967249+02,2026-10-07 13:41:46.967249+02
20260728,8743,18541.400,2026-10-07 13:41:46.967249+02,2026-10-07 13:41:46.967249+02
20260728,8744,658.600,2026-10-07 13:41:46.967249+02,2026-10-07 13:41:46.967249+02
20260728,8745,841.810,2026-10-07 13:41:46.967249+02,2026-10-07 13:41:46.967249+02
20260729,8741,862869.370,2026-10-07 13:41:46.967249+02,2026-10-07 13:41:46.967249+02
20260729,8742,26872.620,2026-10-07 13:41:46.967249+02,2026-10-07 13:41:46.967249+02
20260729,8743,19762.470,2026-10-07 13:41:46.967249+02,2026-10-07 13:41:46.967249+02
20260729,8744,698.140,2026-10-07 13:41:46.967249+02,2026-10-07 13:41:46.967249+02
20260729,8745,850.450,2026-10-07 13:41:46.967249+02,2026-10-07 13:41:46.967249+02
20260730,8741,865706.120,2026-10-07 13:41:46.967249+02,2026-10-07 13:41:46.967249+02
20260730,8742,27559.250,2026-10-07 13:41:46.967249+02,2026-10-07 13:41:46.967249+02
20260730,8743,19675.880,2026-10-07 13:41:46.967249+02,2026-10-07 13:41:46.967249+02
20260730,8744,707.730,2026-10-07 13:41:46.967249+02,2026-10-07 13:41:46.967249+02
20260730,8745,855.440,2026-10-07 13:41:46.967249+02,2026-10-07 13:41:46.967249+02
20260731,8741,856246.540,2026-10-07 13:41:46.967249+02,2026-10-07 13:41:46.967249+02
20260731,8742,27931.850,2026-10-07 13:41:46.967249+02,2026-10-07 13:41:46.967249+02
20260731,8743,20841.520,2026-10-07 13:41:46.967249+02,2026-10-07 13:41:46.967249+02
20260731,8744,665.650,2026-10-07 13:41:46.967249+02,2026-10-07 13:41:46.967249+02
20260731,8745,844.800,2026-10-07 13:41:46.967249+02,2026-10-07 13:41:46.967249+02
20260801,8741,792803.030,2026-10-07 13:41:46.967249+02,2026-10-07 13:41:46.967249+02
20260801,8742,26759.720,2026-10-07 13:41:46.967249+02,2026-10-07 13:41:46.967249+02
20260801,8743,21143.290,2026-10-07 13:41:46.967249+02,2026-10-07 13:41:46.967249+02
20260801,8744,646.410,2026-10-07 13:41:46.967249+02,2026-10-07 13:41:46.967249+02
20260801,8745,813.180,2026-10-07 13:41:46.967249+02,2026-10-07 13:41:46.967249+02
20260802,8741,728460.440,2026-10-07 13:41:46.967249+02,2026-10-07 13:41:46.967249+02
20260802,8742,26001.840,2026-10-07 13:41:46.967249+02,2026-10-07 13:41:46.967249+02
20260802,8743,20240.420,2026-10-07 13:41:46.967249+02,2026-10-07 13:41:46.967249+02
20260802,8744,620.990,2026-10-07 13:41:46.967249+02,2026-10-07 13:41:46.967249+02
20260802,8745,792.080,2026-10-07 13:41:46.967249+02,2026-10-07 13:41:46.967249+02
20260803,8741,802849.350,2026-10-07 13:41:46.967249+02,2026-10-07 13:41:46.967249+02
20260803,8742,28927.530,2026-10-07 13:41:46.967249+02,2026-10-07 13:41:46.967249+02
20260803,8743,21634.660,2026-10-07 13:41:46.967249+02,2026-10-07 13:41:46.967249+02
20260803,8744,684.210,2026-10-07 13:41:46.967249+02,2026-10-07 13:41:46.967249+02
20260803,8745,876.470,2026-10-07 13:41:46.967249+02,2026-10-07 13:41:46.967249+02
20260804,8741,823056.020,2026-10-07 13:41:46.967249+02,2026-10-07 13:41:46.967249+02
20260804,8742,29516.820,2026-10-07 13:41:46.967249+02,2026-10-07 13:41:46.967249+02
20260804,8743,21535.410,2026-10-07 13:41:46.967249+02,2026-10-07 13:41:46.967249+02
20260804,8744,668.330,2026-10-07 13:41:46.967249+02,2026-10-07 13:41:46.967249+02
20260804,8745,872.150,2026-10-07 13:41:46.967249+02,2026-10-07 13:41:46.967249+02
20260805,8741,829233.650,2026-10-07 13:41:46.967249+02,2026-10-07 13:41:46.967249+02
20260805,8742,29780.250,2026-10-07 13:41:46.967249+02,2026-10-07 13:41:46.967249+02
20260805,8743,22320.100,2026-10-07 13:41:46.967249+02,2026-10-07 13:41:46.967249+02
20260805,8744,634.670,2026-10-07 13:41:46.967249+02,2026-10-07 13:41:46.967249+02
20260805,8745,886.210,2026-10-07 13:41:46.967249+02,2026-10-07 13:41:46.967249+02
20260806,8741,823587.450,2026-10-07 13:41:46.967249+02,2026-10-07 13:41:46.967249+02
20260806,8742,29454.620,2026-10-07 13:41:46.967249+02,2026-10-07 13:41:46.967249+02
20260806,8743,22169.810,2026-10-07 13:41:46.967249+02,2026-10-07 13:41:46.967249+02
20260806,8744,707.750,2026-10-07 13:41:46.967249+02,2026-10-07 13:41:46.967249+02
20260806,8745,880.900,2026-10-07 13:41:46.967249+02,2026-10-07 13:41:46.967249+02
20260807,8741,811203.650,2026-10-07 13:41:46.967249+02,2026-10-07 13:41:46.967249+02
20260807,8742,28943.740,2026-10-07 13:41:46.967249+02,2026-10-07 13:41:46.967249+02
20260807,8743,22529.440,2026-10-07 13:41:46.967249+02,2026-10-07 13:41:46.967249+02
20260807,8744,698.510,2026-10-07 13:41:46.967249+02,2026-10-07 13:41:46.967249+02
20260807,8745,866.960,2026-10-07 13:41:46.967249+02,2026-10-07 13:41:46.967249+02
20260808,8741,753951.130,2026-10-07 13:41:46.967249+02,2026-10-07 13:41:46.967249+02
20260808,8742,27292.930,2026-10-07 13:41:46.967249+02,2026-10-07 13:41:46.967249+02
20260808,8743,21537.390,2026-10-07 13:41:46.967249+02,2026-10-07 13:41:46.967249+02
20260808,8744,677.570,2026-10-07 13:41:46.967249+02,2026-10-07 13:41:46.967249+02
20260808,8745,835.400,2026-10-07 13:41:46.967249+02,2026-10-07 13:41:46.967249+02
20260809,8741,752037.580,2026-10-07 13:41:46.967249+02,2026-10-07 13:41:46.967249+02
20260809,8742,25277.760,2026-10-07 13:41:46.967249+02,2026-10-07 13:41:46.967249+02
20260809,8743,21003.750,2026-10-07 13:41:46.967249+02,2026-10-07 13:41:46.967249+02
20260809,8744,653.640,2026-10-07 13:41:46.967249+02,2026-10-07 13:41:46.967249+02
20260809,8745,804.260,2026-10-07 13:41:46.967249+02,2026-10-07 13:41:46.967249+02
20260810,8741,793273.580,2026-10-07 13:41:46.967249+02,2026-10-07 13:41:46.967249+02
20260810,8742,27449.450,2026-10-07 13:41:46.967249+02,2026-10-07 13:41:46.967249+02
20260810,8743,24001.420,2026-10-07 13:41:46.967249+02,2026-10-07 13:41:46.967249+02
20260810,8744,671.480,2026-10-07 13:41:46.967249+02,2026-10-07 13:41:46.967249+02
20260810,8745,884.190,2026-10-07 13:41:46.967249+02,2026-10-07 13:41:46.967249+02
20260811,8741,799717.790,2026-10-07 13:41:46.967249+02,2026-10-07 13:41:46.967249+02
20260811,8742,27381.250,2026-10-07 13:41:46.967249+02,2026-10-07 13:41:46.967249+02
20260811,8743,22766.030,2026-10-07 13:41:46.967249+02,2026-10-07 13:41:46.967249+02
20260811,8744,659.350,2026-10-07 13:41:46.967249+02,2026-10-07 13:41:46.967249+02
20260811,8745,887.880,2026-10-07 13:41:46.967249+02,2026-10-07 13:41:46.967249+02
20260812,8741,822466.290,2026-10-07 13:41:46.967249+02,2026-10-07 13:41:46.967249+02
20260812,8742,27219.550,2026-10-07 13:41:46.967249+02,2026-10-07 13:41:46.967249+02
20260812,8743,22623.360,2026-10-07 13:41:46.967249+02,2026-10-07 13:41:46.967249+02
20260812,8744,698.030,2026-10-07 13:41:46.967249+02,2026-10-07 13:41:46.967249+02
20260812,8745,946.860,2026-10-07 13:41:46.967249+02,2026-10-07 13:41:46.967249+02
20260813,8741,837608.620,2026-10-07 13:41:46.967249+02,2026-10-07 13:41:46.967249+02
20260813,8742,27608.510,2026-10-07 13:41:46.967249+02,2026-10-07 13:41:46.967249+02
20260813,8743,22607.450,2026-10-07 13:41:46.967249+02,2026-10-07 13:41:46.967249+02
20260813,8744,692.860,2026-10-07 13:41:46.967249+02,2026-10-07 13:41:46.967249+02
20260813,8745,956.460,2026-10-07 13:41:46.967249+02,2026-10-07 13:41:46.967249+02
20260814,8741,832797.910,2026-10-07 13:41:46.967249+02,2026-10-07 13:41:46.967249+02
20260814,8742,27648.240,2026-10-07 13:41:46.967249+02,2026-10-07 13:41:46.967249+02
20260814,8743,22171.680,2026-10-07 13:41:46.967249+02,2026-10-07 13:41:46.967249+02
20260814,8744,682.780,2026-10-07 13:41:46.967249+02,2026-10-07 13:41:46.967249+02
20260814,8745,942.940,2026-10-07 13:41:46.967249+02,2026-10-07 13:41:46.967249+02
20260815,8741,717695.620,2026-10-07 13:41:46.967249+02,2026-10-07 13:41:46.967249+02
20260815,8742,25697.450,2026-10-07 13:41:46.967249+02,2026-10-07 13:41:46.967249+02
20260815,8743,22602.680,2026-10-07 13:41:46.967249+02,2026-10-07 13:41:46.967249+02
20260815,8744,648.310,2026-10-07 13:41:46.967249+02,2026-10-07 13:41:46.967249+02
20260815,8745,878.590,2026-10-07 13:41:46.967249+02,2026-10-07 13:41:46.967249+02
20260816,8741,696173.180,2026-10-07 13:41:46.967249+02,2026-10-07 13:41:46.967249+02
20260816,8742,24739.860,2026-10-07 13:41:46.967249+02,2026-10-07 13:41:46.967249+02
20260816,8743,19486.890,2026-10-07 13:41:46.967249+02,2026-10-07 13:41:46.967249+02
20260816,8744,644.250,2026-10-07 13:41:46.967249+02,2026-10-07 13:41:46.967249+02
20260816,8745,848.280,2026-10-07 13:41:46.967249+02,2026-10-07 13:41:46.967249+02
20260817,8741,814051.360,2026-10-07 13:41:46.967249+02,2026-10-07 13:41:46.967249+02
20260817,8742,27042.920,2026-10-07 13:41:46.967249+02,2026-10-07 13:41:46.967249+02
20260817,8743,21520.140,2026-10-07 13:41:46.967249+02,2026-10-07 13:41:46.967249+02
20260817,8744,681.470,2026-10-07 13:41:46.967249+02,2026-10-07 13:41:46.967249+02
20260817,8745,949.850,2026-10-07 13:41:46.967249+02,2026-10-07 13:41:46.967249+02
20260818,8741,835913.940,2026-10-07 13:41:46.967249+02,2026-10-07 13:41:46.967249+02
20260818,8742,27124.790,2026-10-07 13:41:46.967249+02,2026-10-07 13:41:46.967249+02
20260818,8743,21740.560,2026-10-07 13:41:46.967249+02,2026-10-07 13:41:46.967249+02
20260818,8744,686.430,2026-10-07 13:41:46.967249+02,2026-10-07 13:41:46.967249+02
20260818,8745,940.120,2026-10-07 13:41:46.967249+02,2026-10-07 13:41:46.967249+02
20260819,8741,846418.540,2026-10-07 13:41:46.967249+02,2026-10-07 13:41:46.967249+02
20260819,8742,27566.580,2026-10-07 13:41:46.967249+02,2026-10-07 13:41:46.967249+02
20260819,8743,23901.600,2026-10-07 13:41:46.967249+02,2026-10-07 13:41:46.967249+02
20260819,8744,671.620,2026-10-07 13:41:46.967249+02,2026-10-07 13:41:46.967249+02
20260819,8745,918.240,2026-10-07 13:41:46.967249+02,2026-10-07 13:41:46.967249+02
20260820,8741,796387.870,2026-10-07 13:41:46.967249+02,2026-10-07 13:41:46.967249+02
20260820,8742,27687.510,2026-10-07 13:41:46.967249+02,2026-10-07 13:41:46.967249+02
20260820,8743,25835.600,2026-10-07 13:41:46.967249+02,2026-10-07 13:41:46.967249+02
20260820,8744,675.650,2026-10-07 13:41:46.967249+02,2026-10-07 13:41:46.967249+02
20260820,8745,844.780,2026-10-07 13:41:46.967249+02,2026-10-07 13:41:46.967249+02
20260821,8741,768877.530,2026-10-07 13:41:46.967249+02,2026-10-07 13:41:46.967249+02
20260821,8742,27649.920,2026-10-07 13:41:46.967249+02,2026-10-07 13:41:46.967249+02
20260821,8743,21750.870,2026-10-07 13:41:46.967249+02,2026-10-07 13:41:46.967249+02
20260821,8744,640.860,2026-10-07 13:41:46.967249+02,2026-10-07 13:41:46.967249+02
20260821,8745,813.230,2026-10-07 13:41:46.967249+02,2026-10-07 13:41:46.967249+02
20260822,8741,697105.760,2026-10-07 13:41:46.967249+02,2026-10-07 13:41:46.967249+02
20260822,8742,25979.400,2026-10-07 13:41:46.967249+02,2026-10-07 13:41:46.967249+02
20260822,8743,18468.390,2026-10-07 13:41:46.967249+02,2026-10-07 13:41:46.967249+02
20260822,8744,610.860,2026-10-07 13:41:46.967249+02,2026-10-07 13:41:46.967249+02
20260822,8745,757.620,2026-10-07 13:41:46.967249+02,2026-10-07 13:41:46.967249+02
20260823,8741,659688.980,2026-10-07 13:41:46.967249+02,2026-10-07 13:41:46.967249+02
20260823,8742,24323.460,2026-10-07 13:41:46.967249+02,2026-10-07 13:41:46.967249+02
20260823,8743,17379.010,2026-10-07 13:41:46.967249+02,2026-10-07 13:41:46.967249+02
20260823,8744,577.140,2026-10-07 13:41:46.967249+02,2026-10-07 13:41:46.967249+02
20260823,8745,719.640,2026-10-07 13:41:46.967249+02,2026-10-07 13:41:46.967249+02
20260824,8741,746341.280,2026-10-07 13:41:46.967249+02,2026-10-07 13:41:46.967249+02
20260824,8742,27136.050,2026-10-07 13:41:46.967249+02,2026-10-07 13:41:46.967249+02
20260824,8743,20265.350,2026-10-07 13:41:46.967249+02,2026-10-07 13:41:46.967249+02
20260824,8744,623.120,2026-10-07 13:41:46.967249+02,2026-10-07 13:41:46.967249+02
20260824,8745,796.540,2026-10-07 13:41:46.967249+02,2026-10-07 13:41:46.967249+02
20260825,8741,755730.960,2026-10-07 13:41:46.967249+02,2026-10-07 13:41:46.967249+02
20260825,8742,27226.710,2026-10-07 13:41:46.967249+02,2026-10-07 13:41:46.967249+02
20260825,8743,19191.550,2026-10-07 13:41:46.967249+02,2026-10-07 13:41:46.967249+02
20260825,8744,626.900,2026-10-07 13:41:46.967249+02,2026-10-07 13:41:46.967249+02
20260825,8745,781.580,2026-10-07 13:41:46.967249+02,2026-10-07 13:41:46.967249+02
20260826,8741,771173.120,2026-10-07 13:41:46.967249+02,2026-10-07 13:41:46.967249+02
20260826,8742,26980.310,2026-10-07 13:41:46.967249+02,2026-10-07 13:41:46.967249+02
20260826,8743,20465.740,2026-10-07 13:41:46.967249+02,2026-10-07 13:41:46.967249+02
20260826,8744,629.460,2026-10-07 13:41:46.967249+02,2026-10-07 13:41:46.967249+02
20260826,8745,779.000,2026-10-07 13:41:46.967249+02,2026-10-07 13:41:46.967249+02
20260827,8741,757968.160,2026-10-07 13:41:46.967249+02,2026-10-07 13:41:46.967249+02
20260827,8742,27330.220,2026-10-07 13:41:46.967249+02,2026-10-07 13:41:46.967249+02
20260827,8743,20776.430,2026-10-07 13:41:46.967249+02,2026-10-07 13:41:46.967249+02
20260827,8744,638.920,2026-10-07 13:41:46.967249+02,2026-10-07 13:41:46.967249+02
20260827,8745,757.600,2026-10-07 13:41:46.967249+02,2026-10-07 13:41:46.967249+02
20260828,8741,748758.160,2026-10-07 13:41:46.967249+02,2026-10-07 13:41:46.967249+02
20260828,8742,26581.460,2026-10-07 13:41:46.967249+02,2026-10-07 13:41:46.967249+02
20260828,8743,19014.390,2026-10-07 13:41:46.967249+02,2026-10-07 13:41:46.967249+02
20260828,8744,599.800,2026-10-07 13:41:46.967249+02,2026-10-07 13:41:46.967249+02
20260828,8745,709.760,2026-10-07 13:41:46.967249+02,2026-10-07 13:41:46.967249+02
20260829,8741,637760.680,2026-10-07 13:41:46.967249+02,2026-10-07 13:41:46.967249+02
20260829,8742,25042.720,2026-10-07 13:41:46.967249+02,2026-10-07 13:41:46.967249+02
20260829,8743,17068.780,2026-10-07 13:41:46.967249+02,2026-10-07 13:41:46.967249+02
20260829,8744,586.930,2026-10-07 13:41:46.967249+02,2026-10-07 13:41:46.967249+02
20260829,8745,686.440,2026-10-07 13:41:46.967249+02,2026-10-07 13:41:46.967249+02
20260830,8741,629307.040,2026-10-07 13:41:46.967249+02,2026-10-07 13:41:46.967249+02
20260830,8742,23920.170,2026-10-07 13:41:46.967249+02,2026-10-07 13:41:46.967249+02
20260830,8743,16909.740,2026-10-07 13:41:46.967249+02,2026-10-07 13:41:46.967249+02
20260830,8744,575.140,2026-10-07 13:41:46.967249+02,2026-10-07 13:41:46.967249+02
20260830,8745,684.020,2026-10-07 13:41:46.967249+02,2026-10-07 13:41:46.967249+02
20260831,8741,737115.690,2026-10-07 13:41:46.967249+02,2026-10-07 13:41:46.967249+02
20260831,8742,26365.850,2026-10-07 13:41:46.967249+02,2026-10-07 13:41:46.967249+02
20260831,8743,18502.220,2026-10-07 13:41:46.967249+02,2026-10-07 13:41:46.967249+02
20260831,8744,647.860,2026-10-07 13:41:46.967249+02,2026-10-07 13:41:46.967249+02
20260831,8745,784.300,2026-10-07 13:41:46.967249+02,2026-10-07 13:41:46.967249+02
20260901,8741,772943.930,2026-10-07 13:41:46.967249+02,2026-10-07 13:41:46.967249+02
20260901,8742,26919.230,2026-10-07 13:41:46.967249+02,2026-10-07 13:41:46.967249+02
20260901,8743,18994.560,2026-10-07 13:41:46.967249+02,2026-10-07 13:41:46.967249+02
20260901,8744,664.600,2026-10-07 13:41:46.967249+02,2026-10-07 13:41:46.967249+02
20260901,8745,829.360,2026-10-07 13:41:46.967249+02,2026-10-07 13:41:46.967249+02
20260902,8741,800861.540,2026-10-07 13:41:46.967249+02,2026-10-07 13:41:46.967249+02
20260902,8742,26943.610,2026-10-07 13:41:46.967249+02,2026-10-07 13:41:46.967249+02
20260902,8743,19714.990,2026-10-07 13:41:46.967249+02,2026-10-07 13:41:46.967249+02
20260902,8744,622.940,2026-10-07 13:41:46.967249+02,2026-10-07 13:41:46.967249+02
20260902,8745,860.160,2026-10-07 13:41:46.967249+02,2026-10-07 13:41:46.967249+02
20260903,8741,824069.230,2026-10-07 13:41:46.967249+02,2026-10-07 13:41:46.967249+02
20260903,8742,27316.260,2026-10-07 13:41:46.967249+02,2026-10-07 13:41:46.967249+02
20260903,8743,20323.720,2026-10-07 13:41:46.967249+02,2026-10-07 13:41:46.967249+02
20260903,8744,683.690,2026-10-07 13:41:46.967249+02,2026-10-07 13:41:46.967249+02
20260903,8745,890.350,2026-10-07 13:41:46.967249+02,2026-10-07 13:41:46.967249+02
20260904,8741,808272.500,2026-10-07 13:41:46.967249+02,2026-10-07 13:41:46.967249+02
20260904,8742,27658.860,2026-10-07 13:41:46.967249+02,2026-10-07 13:41:46.967249+02
20260904,8743,20213.740,2026-10-07 13:41:46.967249+02,2026-10-07 13:41:46.967249+02
20260904,8744,669.590,2026-10-07 13:41:46.967249+02,2026-10-07 13:41:46.967249+02
20260904,8745,882.810,2026-10-07 13:41:46.967249+02,2026-10-07 13:41:46.967249+02
20260905,8741,722925.910,2026-10-07 13:41:46.967249+02,2026-10-07 13:41:46.967249+02
20260905,8742,26288.430,2026-10-07 13:41:46.967249+02,2026-10-07 13:41:46.967249+02
20260905,8743,18686.620,2026-10-07 13:41:46.967249+02,2026-10-07 13:41:46.967249+02
20260905,8744,622.500,2026-10-07 13:41:46.967249+02,2026-10-07 13:41:46.967249+02
20260905,8745,838.030,2026-10-07 13:41:46.967249+02,2026-10-07 13:41:46.967249+02
20260906,8741,680645.510,2026-10-07 13:41:46.967249+02,2026-10-07 13:41:46.967249+02
20260906,8742,24687.130,2026-10-07 13:41:46.967249+02,2026-10-07 13:41:46.967249+02
20260906,8743,18483.420,2026-10-07 13:41:46.967249+02,2026-10-07 13:41:46.967249+02
20260906,8744,622.890,2026-10-07 13:41:46.967249+02,2026-10-07 13:41:46.967249+02
20260906,8745,774.090,2026-10-07 13:41:46.967249+02,2026-10-07 13:41:46.967249+02
20260907,8741,794408.320,2026-10-07 13:41:46.967249+02,2026-10-07 13:41:46.967249+02
20260907,8742,27635.450,2026-10-07 13:41:46.967249+02,2026-10-07 13:41:46.967249+02
20260907,8743,19964.150,2026-10-07 13:41:46.967249+02,2026-10-07 13:41:46.967249+02
20260907,8744,690.900,2026-10-07 13:41:46.967249+02,2026-10-07 13:41:46.967249+02
20260907,8745,863.240,2026-10-07 13:41:46.967249+02,2026-10-07 13:41:46.967249+02
20260908,8741,823380.010,2026-10-07 13:41:46.967249+02,2026-10-07 13:41:46.967249+02
20260908,8742,27667.370,2026-10-07 13:41:46.967249+02,2026-10-07 13:41:46.967249+02
20260908,8743,20368.330,2026-10-07 13:41:46.967249+02,2026-10-07 13:41:46.967249+02
20260908,8744,688.760,2026-10-07 13:41:46.967249+02,2026-10-07 13:41:46.967249+02
20260908,8745,791.070,2026-10-07 13:41:46.967249+02,2026-10-07 13:41:46.967249+02
20260909,8741,860642.280,2026-10-07 13:41:46.967249+02,2026-10-07 13:41:46.967249+02
20260909,8742,29020.000,2026-10-07 13:41:46.967249+02,2026-10-07 13:41:46.967249+02
20260909,8743,21441.430,2026-10-07 13:41:46.967249+02,2026-10-07 13:41:46.967249+02
20260909,8744,673.050,2026-10-07 13:41:46.967249+02,2026-10-07 13:41:46.967249+02
20260909,8745,866.980,2026-10-07 13:41:46.967249+02,2026-10-07 13:41:46.967249+02
20260910,8741,755961.170,2026-10-07 13:41:46.967249+02,2026-10-07 13:41:46.967249+02
20260910,8742,28269.730,2026-10-07 13:41:46.967249+02,2026-10-07 13:41:46.967249+02
20260910,8743,15502.380,2026-10-07 13:41:46.967249+02,2026-10-07 13:41:46.967249+02
20260910,8744,662.730,2026-10-07 13:41:46.967249+02,2026-10-07 13:41:46.967249+02
20260910,8745,831.500,2026-10-07 13:41:46.967249+02,2026-10-07 13:41:46.967249+02
20260911,8741,765220.070,2026-10-07 13:41:46.967249+02,2026-10-07 13:41:46.967249+02
20260911,8742,27276.230,2026-10-07 13:41:46.967249+02,2026-10-07 13:41:46.967249+02
20260911,8743,15030.230,2026-10-07 13:41:46.967249+02,2026-10-07 13:41:46.967249+02
20260911,8744,646.300,2026-10-07 13:41:46.967249+02,2026-10-07 13:41:46.967249+02
20260911,8745,813.950,2026-10-07 13:41:46.967249+02,2026-10-07 13:41:46.967249+02
20260912,8741,707951.370,2026-10-07 13:41:46.967249+02,2026-10-07 13:41:46.967249+02
20260912,8742,25965.890,2026-10-07 13:41:46.967249+02,2026-10-07 13:41:46.967249+02
20260912,8743,14183.870,2026-10-07 13:41:46.967249+02,2026-10-07 13:41:46.967249+02
20260912,8744,624.320,2026-10-07 13:41:46.967249+02,2026-10-07 13:41:46.967249+02
20260912,8745,776.990,2026-10-07 13:41:46.967249+02,2026-10-07 13:41:46.967249+02
20260913,8741,674463.370,2026-10-07 13:41:46.967249+02,2026-10-07 13:41:46.967249+02
20260913,8742,25027.410,2026-10-07 13:41:46.967249+02,2026-10-07 13:41:46.967249+02
20260913,8743,13942.510,2026-10-07 13:41:46.967249+02,2026-10-07 13:41:46.967249+02
20260913,8744,613.220,2026-10-07 13:41:46.967249+02,2026-10-07 13:41:46.967249+02
20260913,8745,751.730,2026-10-07 13:41:46.967249+02,2026-10-07 13:41:46.967249+02
20260914,8741,773589.360,2026-10-07 13:41:46.967249+02,2026-10-07 13:41:46.967249+02
20260914,8742,28339.020,2026-10-07 13:41:46.967249+02,2026-10-07 13:41:46.967249+02
20260914,8743,14496.590,2026-10-07 13:41:46.967249+02,2026-10-07 13:41:46.967249+02
20260914,8744,655.270,2026-10-07 13:41:46.967249+02,2026-10-07 13:41:46.967249+02
20260914,8745,786.720,2026-10-07 13:41:46.967249+02,2026-10-07 13:41:46.967249+02
20260915,8741,806254.900,2026-10-07 13:41:46.967249+02,2026-10-07 13:41:46.967249+02
20260915,8742,29580.810,2026-10-07 13:41:46.967249+02,2026-10-07 13:41:46.967249+02
20260915,8743,15729.950,2026-10-07 13:41:46.967249+02,2026-10-07 13:41:46.967249+02
20260915,8744,619.800,2026-10-07 13:41:46.967249+02,2026-10-07 13:41:46.967249+02
20260915,8745,764.370,2026-10-07 13:41:46.967249+02,2026-10-07 13:41:46.967249+02
20260916,8741,830587.630,2026-10-07 13:41:46.967249+02,2026-10-07 13:41:46.967249+02
20260916,8742,29381.190,2026-10-07 13:41:46.967249+02,2026-10-07 13:41:46.967249+02
20260916,8743,17587.280,2026-10-07 13:41:46.967249+02,2026-10-07 13:41:46.967249+02
20260916,8744,605.640,2026-10-07 13:41:46.967249+02,2026-10-07 13:41:46.967249+02
20260916,8745,748.790,2026-10-07 13:41:46.967249+02,2026-10-07 13:41:46.967249+02
20260917,8741,751309.170,2026-10-07 13:41:46.967249+02,2026-10-07 13:41:46.967249+02
20260917,8742,28337.350,2026-10-07 13:41:46.967249+02,2026-10-07 13:41:46.967249+02
20260917,8743,17041.590,2026-10-07 13:41:46.967249+02,2026-10-07 13:41:46.967249+02
20260917,8744,597.640,2026-10-07 13:41:46.967249+02,2026-10-07 13:41:46.967249+02
20260917,8745,671.030,2026-10-07 13:41:46.967249+02,2026-10-07 13:41:46.967249+02
20260918,8741,764722.200,2026-10-07 13:41:46.967249+02,2026-10-07 13:41:46.967249+02
20260918,8742,27188.990,2026-10-07 13:41:46.967249+02,2026-10-07 13:41:46.967249+02
20260918,8743,16375.260,2026-10-07 13:41:46.967249+02,2026-10-07 13:41:46.967249+02
20260918,8744,623.060,2026-10-07 13:41:46.967249+02,2026-10-07 13:41:46.967249+02
20260918,8745,737.950,2026-10-07 13:41:46.967249+02,2026-10-07 13:41:46.967249+02
20260919,8741,655096.630,2026-10-07 13:41:46.967249+02,2026-10-07 13:41:46.967249+02
20260919,8742,25554.340,2026-10-07 13:41:46.967249+02,2026-10-07 13:41:46.967249+02
20260919,8743,13576.280,2026-10-07 13:41:46.967249+02,2026-10-07 13:41:46.967249+02
20260919,8744,597.300,2026-10-07 13:41:46.967249+02,2026-10-07 13:41:46.967249+02
20260919,8745,712.460,2026-10-07 13:41:46.967249+02,2026-10-07 13:41:46.967249+02
20260920,8741,632299.000,2026-10-07 13:41:46.967249+02,2026-10-07 13:41:46.967249+02
20260920,8742,24424.590,2026-10-07 13:41:46.967249+02,2026-10-07 13:41:46.967249+02
20260920,8743,13186.570,2026-10-07 13:41:46.967249+02,2026-10-07 13:41:46.967249+02
20260920,8744,572.650,2026-10-07 13:41:46.967249+02,2026-10-07 13:41:46.967249+02
20260920,8745,676.660,2026-10-07 13:41:46.967249+02,2026-10-07 13:41:46.967249+02
20260921,8741,745250.090,2026-10-07 13:41:46.967249+02,2026-10-07 13:41:46.967249+02
20260921,8742,27114.210,2026-10-07 13:41:46.967249+02,2026-10-07 13:41:46.967249+02
20260921,8743,14313.550,2026-10-07 13:41:46.967249+02,2026-10-07 13:41:46.967249+02
20260921,8744,631.460,2026-10-07 13:41:46.967249+02,2026-10-07 13:41:46.967249+02
20260921,8745,729.990,2026-10-07 13:41:46.967249+02,2026-10-07 13:41:46.967249+02
20260922,8741,760335.450,2026-10-07 13:41:46.967249+02,2026-10-07 13:41:46.967249+02
20260922,8742,27788.850,2026-10-07 13:41:46.967249+02,2026-10-07 13:41:46.967249+02
20260922,8743,14323.310,2026-10-07 13:41:46.967249+02,2026-10-07 13:41:46.967249+02
20260922,8744,653.070,2026-10-07 13:41:46.967249+02,2026-10-07 13:41:46.967249+02
20260922,8745,717.090,2026-10-07 13:41:46.967249+02,2026-10-07 13:41:46.967249+02
20260923,8741,768868.400,2026-10-07 13:41:46.967249+02,2026-10-07 13:41:46.967249+02
20260923,8742,28616.220,2026-10-07 13:41:46.967249+02,2026-10-07 13:41:46.967249+02
20260923,8743,16226.010,2026-10-07 13:41:46.967249+02,2026-10-07 13:41:46.967249+02
20260923,8744,643.740,2026-10-07 13:41:46.967249+02,2026-10-07 13:41:46.967249+02
20260923,8745,730.580,2026-10-07 13:41:46.967249+02,2026-10-07 13:41:46.967249+02
20260924,8741,762795.600,2026-10-07 13:41:46.967249+02,2026-10-07 13:41:46.967249+02
20260924,8742,29502.940,2026-10-07 13:41:46.967249+02,2026-10-07 13:41:46.967249+02
20260924,8743,16688.160,2026-10-07 13:41:46.967249+02,2026-10-07 13:41:46.967249+02
20260924,8744,655.440,2026-10-07 13:41:46.967249+02,2026-10-07 13:41:46.967249+02
20260924,8745,726.350,2026-10-07 13:41:46.967249+02,2026-10-07 13:41:46.967249+02
20260925,8741,777651.200,2026-10-07 13:41:46.967249+02,2026-10-07 13:41:46.967249+02
20260925,8742,29755.840,2026-10-07 13:41:46.967249+02,2026-10-07 13:41:46.967249+02
20260925,8743,17088.400,2026-10-07 13:41:46.967249+02,2026-10-07 13:41:46.967249+02
20260925,8744,644.610,2026-10-07 13:41:46.967249+02,2026-10-07 13:41:46.967249+02
20260925,8745,714.420,2026-10-07 13:41:46.967249+02,2026-10-07 13:41:46.967249+02
20260926,8741,720506.900,2026-10-07 13:41:46.967249+02,2026-10-07 13:41:46.967249+02
20260926,8742,27918.970,2026-10-07 13:41:46.967249+02,2026-10-07 13:41:46.967249+02
20260926,8743,16336.090,2026-10-07 13:41:46.967249+02,2026-10-07 13:41:46.967249+02
20260926,8744,613.570,2026-10-07 13:41:46.967249+02,2026-10-07 13:41:46.967249+02
20260926,8745,681.660,2026-10-07 13:41:46.967249+02,2026-10-07 13:41:46.967249+02
20260927,8741,653649.300,2026-10-07 13:41:46.967249+02,2026-10-07 13:41:46.967249+02
20260927,8742,26422.450,2026-10-07 13:41:46.967249+02,2026-10-07 13:41:46.967249+02
20260927,8743,15496.160,2026-10-07 13:41:46.967249+02,2026-10-07 13:41:46.967249+02
20260927,8744,584.970,2026-10-07 13:41:46.967249+02,2026-10-07 13:41:46.967249+02
20260927,8745,640.070,2026-10-07 13:41:46.967249+02,2026-10-07 13:41:46.967249+02
20260928,8741,735216.100,2026-10-07 13:41:46.967249+02,2026-10-07 13:41:46.967249+02
20260928,8742,28164.210,2026-10-07 13:41:46.967249+02,2026-10-07 13:41:46.967249+02
20260928,8743,17469.960,2026-10-07 13:41:46.967249+02,2026-10-07 13:41:46.967249+02
20260928,8744,644.020,2026-10-07 13:41:46.967249+02,2026-10-07 13:41:46.967249+02
20260928,8745,731.270,2026-10-07 13:41:46.967249+02,2026-10-07 13:41:46.967249+02
20260929,8741,755318.800,2026-10-07 13:41:46.967249+02,2026-10-07 13:41:46.967249+02
20260929,8742,28271.300,2026-10-07 13:41:46.967249+02,2026-10-07 13:41:46.967249+02
20260929,8743,15533.100,2026-10-07 13:41:46.967249+02,2026-10-07 13:41:46.967249+02
20260929,8744,644.800,2026-10-07 13:41:46.967249+02,2026-10-07 13:41:46.967249+02
20260929,8745,733.120,2026-10-07 13:41:46.967249+02,2026-10-07 13:41:46.967249+02
20260930,8741,757889.900,2026-10-07 13:41:46.967249+02,2026-10-07 13:41:46.967249+02
20260930,8742,28282.440,2026-10-07 13:41:46.967249+02,2026-10-07 13:41:46.967249+02
20260930,8743,15516.950,2026-10-07 13:41:46.967249+02,2026-10-07 13:41:46.967249+02
20260930,8744,639.650,2026-10-07 13:41:46.967249+02,2026-10-07 13:41:46.967249+02
20260930,8745,734.130,2026-10-07 13:41:46.967249+02,2026-10-07 13:41:46.967249+02
20261001,8741,760673.600,2026-10-07 13:41:46.967249+02,2026-10-07 13:41:46.967249+02
20261001,8742,28470.690,2026-10-07 13:41:46.967249+02,2026-10-07 13:41:46.967249+02
20261001,8743,17929.630,2026-10-07 13:41:46.967249+02,2026-10-07 13:41:46.967249+02
20261001,8744,655.620,2026-10-07 13:41:46.967249+02,2026-10-07 13:41:46.967249+02
20261001,8745,720.570,2026-10-07 13:41:46.967249+02,2026-10-07 13:41:46.967249+02
20261002,8741,751320.500,2026-10-07 13:41:46.967249+02,2026-10-07 13:41:46.967249+02
20261002,8742,27866.480,2026-10-07 13:41:46.967249+02,2026-10-07 13:41:46.967249+02
20261002,8743,17694.860,2026-10-07 13:41:46.967249+02,2026-10-07 13:41:46.967249+02
20261002,8744,652.030,2026-10-07 13:41:46.967249+02,2026-10-07 13:41:46.967249+02
20261002,8745,729.640,2026-10-07 13:41:46.967249+02,2026-10-07 13:41:46.967249+02
20261003,8741,648202.500,2026-10-07 13:41:46.967249+02,2026-10-07 13:41:46.967249+02
20261003,8742,25859.750,2026-10-07 13:41:46.967249+02,2026-10-07 13:41:46.967249+02
20261003,8743,16348.400,2026-10-07 13:41:46.967249+02,2026-10-07 13:41:46.967249+02
20261003,8744,605.930,2026-10-07 13:41:46.967249+02,2026-10-07 13:41:46.967249+02
20261003,8745,706.310,2026-10-07 13:41:46.967249+02,2026-10-07 13:41:46.967249+02
20261004,8741,600314.600,2026-10-07 13:41:46.967249+02,2026-10-07 13:41:46.967249+02
20261004,8742,24747.560,2026-10-07 13:41:46.967249+02,2026-10-07 13:41:46.967249+02
20261004,8743,14958.810,2026-10-07 13:41:46.967249+02,2026-10-07 13:41:46.967249+02
20261004,8744,589.250,2026-10-07 13:41:46.967249+02,2026-10-07 13:41:46.967249+02
20261004,8745,679.760,2026-10-07 13:41:46.967249+02,2026-10-07 13:41:46.967249+02
20261005,8741,658052.000,2026-10-07 13:41:46.967249+02,2026-10-07 13:41:46.967249+02
20261005,8742,27666.830,2026-10-07 13:41:46.967249+02,2026-10-07 13:41:46.967249+02
20261005,8743,15590.490,2026-10-07 13:41:46.967249+02,2026-10-07 13:41:46.967249+02
20261005,8744,657.150,2026-10-07 13:41:46.967249+02,2026-10-07 13:41:46.967249+02
20261005,8745,755.450,2026-10-07 13:41:46.967249+02,2026-10-07 13:41:46.967249+02
20261006,8741,708093.300,2026-10-07 13:41:46.967249+02,2026-10-07 13:41:46.967249+02
20261006,8742,28182.020,2026-10-07 13:41:46.967249+02,2026-10-07 13:41:46.967249+02
20261006,8743,16458.350,2026-10-07 13:41:46.967249+02,2026-10-07 13:41:46.967249+02
20261006,8744,648.910,2026-10-07 13:41:46.967249+02,2026-10-07 13:41:46.967249+02
20261006,8745,735.550,2026-10-07 13:41:46.967249+02,2026-10-07 13:41:46.967249+02
